[2026-08-03 13:51:29] [INFO] [ARGUS_AI:logger.py:88] - ARGUS AI Logger initialized successfully.
[2026-08-03 13:51:30] [INFO] [ARGUS_AI:database.py:44] - Initializing Database Engine targeting: sqlite:///C:\Users\VAISHNAVI\.gemini\antigravity\scratch\argus_ai\data\argus_enterprise.db
[2026-08-03 13:51:30] [INFO] [ARGUS_AI:database.py:59] - Database Manager initialized and tables created.
[2026-08-03 13:51:50] [INFO] [ARGUS_AI:logger.py:88] - ARGUS AI Logger initialized successfully.
[2026-08-03 13:51:51] [INFO] [ARGUS_AI:database.py:44] - Initializing Database Engine targeting: sqlite:///C:\Users\VAISHNAVI\.gemini\antigravity\scratch\argus_ai\data\argus_enterprise.db
[2026-08-03 13:51:51] [INFO] [ARGUS_AI:database.py:59] - Database Manager initialized and tables created.
[2026-08-03 13:51:52] [INFO] [ARGUS_AI:test_engine.py:41] - Test log line for verification
[2026-08-03 13:51:53] [INFO] [ARGUS_AI:plugin_manager.py:34] - Registered Pluggable Module: [home] 'Home Dashboard' (Order: 1)
[2026-08-03 13:52:15] [INFO] [ARGUS_AI:logger.py:88] - ARGUS AI Logger initialized successfully.
[2026-08-03 13:52:16] [INFO] [ARGUS_AI:database.py:44] - Initializing Database Engine targeting: sqlite:///C:\Users\VAISHNAVI\.gemini\antigravity\scratch\argus_ai\data\argus_enterprise.db
[2026-08-03 13:52:16] [INFO] [ARGUS_AI:database.py:59] - Database Manager initialized and tables created.
[2026-08-03 13:52:19] [INFO] [ARGUS_AI:test_engine.py:41] - Test log line for verification
[2026-08-03 13:52:20] [INFO] [ARGUS_AI:plugin_manager.py:34] - Registered Pluggable Module: [home] 'Home Dashboard' (Order: 1)
[2026-08-03 14:11:48] [INFO] [ARGUS_AI:logger.py:88] - ARGUS AI Logger initialized successfully.
[2026-08-03 14:11:52] [INFO] [ARGUS_AI:database.py:44] - Initializing Database Engine targeting: sqlite:///C:\Users\VAISHNAVI\.gemini\antigravity\scratch\argus_ai\data\argus_enterprise.db
[2026-08-03 14:11:52] [INFO] [ARGUS_AI:database.py:59] - Database Manager initialized and tables created.
[2026-08-03 14:11:53] [INFO] [ARGUS_AI:plugin_manager.py:34] - Registered Pluggable Module: [home] 'Home Dashboard' (Order: 1)
[2026-08-03 14:11:53] [INFO] [ARGUS_AI:plugin_manager.py:34] - Registered Pluggable Module: [file_loader] 'Universal File Loader' (Order: 10)
[2026-08-03 14:11:53] [INFO] [ARGUS_AI:plugin_manager.py:34] - Registered Pluggable Module: [db_connectors] 'Database Connectors' (Order: 20)
[2026-08-03 14:11:53] [INFO] [ARGUS_AI:plugin_manager.py:34] - Registered Pluggable Module: [ocr_engine] 'OCR & Document Extractor' (Order: 30)
[2026-08-03 14:11:53] [INFO] [ARGUS_AI:plugin_manager.py:34] - Registered Pluggable Module: [data_cleaning] 'Data Cleaning Engine' (Order: 40)
[2026-08-03 14:11:53] [INFO] [ARGUS_AI:plugin_manager.py:34] - Registered Pluggable Module: [data_profiling] 'Data Profiling Engine' (Order: 50)
[2026-08-03 14:11:53] [INFO] [ARGUS_AI:plugin_manager.py:34] - Registered Pluggable Module: [analytics_engine] 'Analytics & Forecasting' (Order: 60)
[2026-08-03 14:11:53] [INFO] [ARGUS_AI:plugin_manager.py:34] - Registered Pluggable Module: [visualization_engine] 'Visualization Engine' (Order: 70)
[2026-08-03 14:11:53] [INFO] [ARGUS_AI:plugin_manager.py:34] - Registered Pluggable Module: [settings] 'Platform Settings' (Order: 999)
[2026-08-03 14:14:31] [WARNING] [ARGUS_AI:plugin_manager.py:30] - Module 'home' is being re-registered.
[2026-08-03 14:14:31] [INFO] [ARGUS_AI:plugin_manager.py:34] - Registered Pluggable Module: [home] 'Home Dashboard' (Order: 1)
[2026-08-03 14:14:31] [WARNING] [ARGUS_AI:plugin_manager.py:30] - Module 'file_loader' is being re-registered.
[2026-08-03 14:14:31] [INFO] [ARGUS_AI:plugin_manager.py:34] - Registered Pluggable Module: [file_loader] 'Universal File Loader' (Order: 10)
[2026-08-03 14:14:31] [WARNING] [ARGUS_AI:plugin_manager.py:30] - Module 'db_connectors' is being re-registered.
[2026-08-03 14:14:31] [INFO] [ARGUS_AI:plugin_manager.py:34] - Registered Pluggable Module: [db_connectors] 'Database Connectors' (Order: 20)
[2026-08-03 14:14:31] [WARNING] [ARGUS_AI:plugin_manager.py:30] - Module 'ocr_engine' is being re-registered.
[2026-08-03 14:14:31] [INFO] [ARGUS_AI:plugin_manager.py:34] - Registered Pluggable Module: [ocr_engine] 'OCR & Document Extractor' (Order: 30)
[2026-08-03 14:14:31] [WARNING] [ARGUS_AI:plugin_manager.py:30] - Module 'data_cleaning' is being re-registered.
[2026-08-03 14:14:31] [INFO] [ARGUS_AI:plugin_manager.py:34] - Registered Pluggable Module: [data_cleaning] 'Data Cleaning Engine' (Order: 40)
[2026-08-03 14:14:31] [WARNING] [ARGUS_AI:plugin_manager.py:30] - Module 'data_profiling' is being re-registered.
[2026-08-03 14:14:31] [INFO] [ARGUS_AI:plugin_manager.py:34] - Registered Pluggable Module: [data_profiling] 'Data Profiling Engine' (Order: 50)
[2026-08-03 14:14:31] [WARNING] [ARGUS_AI:plugin_manager.py:30] - Module 'analytics_engine' is being re-registered.
[2026-08-03 14:14:31] [INFO] [ARGUS_AI:plugin_manager.py:34] - Registered Pluggable Module: [analytics_engine] 'Analytics & Forecasting' (Order: 60)
[2026-08-03 14:14:31] [WARNING] [ARGUS_AI:plugin_manager.py:30] - Module 'visualization_engine' is being re-registered.
[2026-08-03 14:14:31] [INFO] [ARGUS_AI:plugin_manager.py:34] - Registered Pluggable Module: [visualization_engine] 'Visualization Engine' (Order: 70)
[2026-08-03 14:14:31] [WARNING] [ARGUS_AI:plugin_manager.py:30] - Module 'settings' is being re-registered.
[2026-08-03 14:14:31] [INFO] [ARGUS_AI:plugin_manager.py:34] - Registered Pluggable Module: [settings] 'Platform Settings' (Order: 999)
[2026-08-03 14:14:31] [WARNING] [ARGUS_AI:plugin_manager.py:30] - Module 'home' is being re-registered.
[2026-08-03 14:14:31] [INFO] [ARGUS_AI:plugin_manager.py:34] - Registered Pluggable Module: [home] 'Home Dashboard' (Order: 1)
[2026-08-03 14:14:31] [WARNING] [ARGUS_AI:plugin_manager.py:30] - Module 'file_loader' is being re-registered.
[2026-08-03 14:14:31] [INFO] [ARGUS_AI:plugin_manager.py:34] - Registered Pluggable Module: [file_loader] 'Universal File Loader' (Order: 10)
[2026-08-03 14:14:31] [WARNING] [ARGUS_AI:plugin_manager.py:30] - Module 'db_connectors' is being re-registered.
[2026-08-03 14:14:31] [INFO] [ARGUS_AI:plugin_manager.py:34] - Registered Pluggable Module: [db_connectors] 'Database Connectors' (Order: 20)
[2026-08-03 14:14:31] [WARNING] [ARGUS_AI:plugin_manager.py:30] - Module 'ocr_engine' is being re-registered.
[2026-08-03 14:14:31] [INFO] [ARGUS_AI:plugin_manager.py:34] - Registered Pluggable Module: [ocr_engine] 'OCR & Document Extractor' (Order: 30)
[2026-08-03 14:14:31] [WARNING] [ARGUS_AI:plugin_manager.py:30] - Module 'data_cleaning' is being re-registered.
[2026-08-03 14:14:31] [INFO] [ARGUS_AI:plugin_manager.py:34] - Registered Pluggable Module: [data_cleaning] 'Data Cleaning Engine' (Order: 40)
[2026-08-03 14:14:31] [WARNING] [ARGUS_AI:plugin_manager.py:30] - Module 'data_profiling' is being re-registered.
[2026-08-03 14:14:31] [INFO] [ARGUS_AI:plugin_manager.py:34] - Registered Pluggable Module: [data_profiling] 'Data Profiling Engine' (Order: 50)
[2026-08-03 14:14:31] [WARNING] [ARGUS_AI:plugin_manager.py:30] - Module 'analytics_engine' is being re-registered.
[2026-08-03 14:14:31] [INFO] [ARGUS_AI:plugin_manager.py:34] - Registered Pluggable Module: [analytics_engine] 'Analytics & Forecasting' (Order: 60)
[2026-08-03 14:14:31] [WARNING] [ARGUS_AI:plugin_manager.py:30] - Module 'visualization_engine' is being re-registered.
[2026-08-03 14:14:31] [INFO] [ARGUS_AI:plugin_manager.py:34] - Registered Pluggable Module: [visualization_engine] 'Visualization Engine' (Order: 70)
[2026-08-03 14:14:31] [WARNING] [ARGUS_AI:plugin_manager.py:30] - Module 'settings' is being re-registered.
[2026-08-03 14:14:31] [INFO] [ARGUS_AI:plugin_manager.py:34] - Registered Pluggable Module: [settings] 'Platform Settings' (Order: 999)
[2026-08-03 14:14:32] [WARNING] [ARGUS_AI:plugin_manager.py:30] - Module 'home' is being re-registered.
[2026-08-03 14:14:32] [INFO] [ARGUS_AI:plugin_manager.py:34] - Registered Pluggable Module: [home] 'Home Dashboard' (Order: 1)
[2026-08-03 14:14:32] [WARNING] [ARGUS_AI:plugin_manager.py:30] - Module 'file_loader' is being re-registered.
[2026-08-03 14:14:32] [INFO] [ARGUS_AI:plugin_manager.py:34] - Registered Pluggable Module: [file_loader] 'Universal File Loader' (Order: 10)
[2026-08-03 14:14:32] [WARNING] [ARGUS_AI:plugin_manager.py:30] - Module 'db_connectors' is being re-registered.
[2026-08-03 14:14:32] [INFO] [ARGUS_AI:plugin_manager.py:34] - Registered Pluggable Module: [db_connectors] 'Database Connectors' (Order: 20)
[2026-08-03 14:14:32] [WARNING] [ARGUS_AI:plugin_manager.py:30] - Module 'ocr_engine' is being re-registered.
[2026-08-03 14:14:32] [INFO] [ARGUS_AI:plugin_manager.py:34] - Registered Pluggable Module: [ocr_engine] 'OCR & Document Extractor' (Order: 30)
[2026-08-03 14:14:32] [WARNING] [ARGUS_AI:plugin_manager.py:30] - Module 'data_cleaning' is being re-registered.
[2026-08-03 14:14:32] [INFO] [ARGUS_AI:plugin_manager.py:34] - Registered Pluggable Module: [data_cleaning] 'Data Cleaning Engine' (Order: 40)
[2026-08-03 14:14:32] [WARNING] [ARGUS_AI:plugin_manager.py:30] - Module 'data_profiling' is being re-registered.
[2026-08-03 14:14:32] [INFO] [ARGUS_AI:plugin_manager.py:34] - Registered Pluggable Module: [data_profiling] 'Data Profiling Engine' (Order: 50)
[2026-08-03 14:14:32] [WARNING] [ARGUS_AI:plugin_manager.py:30] - Module 'analytics_engine' is being re-registered.
[2026-08-03 14:14:32] [INFO] [ARGUS_AI:plugin_manager.py:34] - Registered Pluggable Module: [analytics_engine] 'Analytics & Forecasting' (Order: 60)
[2026-08-03 14:14:32] [WARNING] [ARGUS_AI:plugin_manager.py:30] - Module 'visualization_engine' is being re-registered.
[2026-08-03 14:14:32] [INFO] [ARGUS_AI:plugin_manager.py:34] - Registered Pluggable Module: [visualization_engine] 'Visualization Engine' (Order: 70)
[2026-08-03 14:14:32] [WARNING] [ARGUS_AI:plugin_manager.py:30] - Module 'settings' is being re-registered.
[2026-08-03 14:14:32] [INFO] [ARGUS_AI:plugin_manager.py:34] - Registered Pluggable Module: [settings] 'Platform Settings' (Order: 999)
[2026-08-03 14:14:33] [WARNING] [ARGUS_AI:plugin_manager.py:30] - Module 'home' is being re-registered.
[2026-08-03 14:14:33] [INFO] [ARGUS_AI:plugin_manager.py:34] - Registered Pluggable Module: [home] 'Home Dashboard' (Order: 1)
[2026-08-03 14:14:33] [WARNING] [ARGUS_AI:plugin_manager.py:30] - Module 'file_loader' is being re-registered.
[2026-08-03 14:14:33] [INFO] [ARGUS_AI:plugin_manager.py:34] - Registered Pluggable Module: [file_loader] 'Universal File Loader' (Order: 10)
[2026-08-03 14:14:33] [WARNING] [ARGUS_AI:plugin_manager.py:30] - Module 'db_connectors' is being re-registered.
[2026-08-03 14:14:33] [INFO] [ARGUS_AI:plugin_manager.py:34] - Registered Pluggable Module: [db_connectors] 'Database Connectors' (Order: 20)
[2026-08-03 14:14:33] [WARNING] [ARGUS_AI:plugin_manager.py:30] - Module 'ocr_engine' is being re-registered.
[2026-08-03 14:14:33] [INFO] [ARGUS_AI:plugin_manager.py:34] - Registered Pluggable Module: [ocr_engine] 'OCR & Document Extractor' (Order: 30)
[2026-08-03 14:14:33] [WARNING] [ARGUS_AI:plugin_manager.py:30] - Module 'data_cleaning' is being re-registered.
[2026-08-03 14:14:33] [INFO] [ARGUS_AI:plugin_manager.py:34] - Registered Pluggable Module: [data_cleaning] 'Data Cleaning Engine' (Order: 40)
[2026-08-03 14:14:33] [WARNING] [ARGUS_AI:plugin_manager.py:30] - Module 'data_profiling' is being re-registered.
[2026-08-03 14:14:33] [INFO] [ARGUS_AI:plugin_manager.py:34] - Registered Pluggable Module: [data_profiling] 'Data Profiling Engine' (Order: 50)
[2026-08-03 14:14:33] [WARNING] [ARGUS_AI:plugin_manager.py:30] - Module 'analytics_engine' is being re-registered.
[2026-08-03 14:14:33] [INFO] [ARGUS_AI:plugin_manager.py:34] - Registered Pluggable Module: [analytics_engine] 'Analytics & Forecasting' (Order: 60)
[2026-08-03 14:14:33] [WARNING] [ARGUS_AI:plugin_manager.py:30] - Module 'visualization_engine' is being re-registered.
[2026-08-03 14:14:33] [INFO] [ARGUS_AI:plugin_manager.py:34] - Registered Pluggable Module: [visualization_engine] 'Visualization Engine' (Order: 70)
[2026-08-03 14:14:33] [WARNING] [ARGUS_AI:plugin_manager.py:30] - Module 'settings' is being re-registered.
[2026-08-03 14:14:33] [INFO] [ARGUS_AI:plugin_manager.py:34] - Registered Pluggable Module: [settings] 'Platform Settings' (Order: 999)
[2026-08-03 14:14:34] [WARNING] [ARGUS_AI:plugin_manager.py:30] - Module 'home' is being re-registered.
[2026-08-03 14:14:34] [INFO] [ARGUS_AI:plugin_manager.py:34] - Registered Pluggable Module: [home] 'Home Dashboard' (Order: 1)
[2026-08-03 14:14:34] [WARNING] [ARGUS_AI:plugin_manager.py:30] - Module 'file_loader' is being re-registered.
[2026-08-03 14:14:34] [INFO] [ARGUS_AI:plugin_manager.py:34] - Registered Pluggable Module: [file_loader] 'Universal File Loader' (Order: 10)
[2026-08-03 14:14:34] [WARNING] [ARGUS_AI:plugin_manager.py:30] - Module 'db_connectors' is being re-registered.
[2026-08-03 14:14:34] [INFO] [ARGUS_AI:plugin_manager.py:34] - Registered Pluggable Module: [db_connectors] 'Database Connectors' (Order: 20)
[2026-08-03 14:14:34] [WARNING] [ARGUS_AI:plugin_manager.py:30] - Module 'ocr_engine' is being re-registered.
[2026-08-03 14:14:34] [INFO] [ARGUS_AI:plugin_manager.py:34] - Registered Pluggable Module: [ocr_engine] 'OCR & Document Extractor' (Order: 30)
[2026-08-03 14:14:34] [WARNING] [ARGUS_AI:plugin_manager.py:30] - Module 'data_cleaning' is being re-registered.
[2026-08-03 14:14:34] [INFO] [ARGUS_AI:plugin_manager.py:34] - Registered Pluggable Module: [data_cleaning] 'Data Cleaning Engine' (Order: 40)
[2026-08-03 14:14:34] [WARNING] [ARGUS_AI:plugin_manager.py:30] - Module 'data_profiling' is being re-registered.
[2026-08-03 14:14:34] [INFO] [ARGUS_AI:plugin_manager.py:34] - Registered Pluggable Module: [data_profiling] 'Data Profiling Engine' (Order: 50)
[2026-08-03 14:14:34] [WARNING] [ARGUS_AI:plugin_manager.py:30] - Module 'analytics_engine' is being re-registered.
[2026-08-03 14:14:34] [INFO] [ARGUS_AI:plugin_manager.py:34] - Registered Pluggable Module: [analytics_engine] 'Analytics & Forecasting' (Order: 60)
[2026-08-03 14:14:34] [WARNING] [ARGUS_AI:plugin_manager.py:30] - Module 'visualization_engine' is being re-registered.
[2026-08-03 14:14:34] [INFO] [ARGUS_AI:plugin_manager.py:34] - Registered Pluggable Module: [visualization_engine] 'Visualization Engine' (Order: 70)
[2026-08-03 14:14:34] [WARNING] [ARGUS_AI:plugin_manager.py:30] - Module 'settings' is being re-registered.
[2026-08-03 14:14:34] [INFO] [ARGUS_AI:plugin_manager.py:34] - Registered Pluggable Module: [settings] 'Platform Settings' (Order: 999)
[2026-08-03 14:14:35] [WARNING] [ARGUS_AI:plugin_manager.py:30] - Module 'home' is being re-registered.
[2026-08-03 14:14:35] [INFO] [ARGUS_AI:plugin_manager.py:34] - Registered Pluggable Module: [home] 'Home Dashboard' (Order: 1)
[2026-08-03 14:14:35] [WARNING] [ARGUS_AI:plugin_manager.py:30] - Module 'file_loader' is being re-registered.
[2026-08-03 14:14:35] [INFO] [ARGUS_AI:plugin_manager.py:34] - Registered Pluggable Module: [file_loader] 'Universal File Loader' (Order: 10)
[2026-08-03 14:14:35] [WARNING] [ARGUS_AI:plugin_manager.py:30] - Module 'db_connectors' is being re-registered.
[2026-08-03 14:14:35] [INFO] [ARGUS_AI:plugin_manager.py:34] - Registered Pluggable Module: [db_connectors] 'Database Connectors' (Order: 20)
[2026-08-03 14:14:35] [WARNING] [ARGUS_AI:plugin_manager.py:30] - Module 'ocr_engine' is being re-registered.
[2026-08-03 14:14:35] [INFO] [ARGUS_AI:plugin_manager.py:34] - Registered Pluggable Module: [ocr_engine] 'OCR & Document Extractor' (Order: 30)
[2026-08-03 14:14:35] [WARNING] [ARGUS_AI:plugin_manager.py:30] - Module 'data_cleaning' is being re-registered.
[2026-08-03 14:14:35] [INFO] [ARGUS_AI:plugin_manager.py:34] - Registered Pluggable Module: [data_cleaning] 'Data Cleaning Engine' (Order: 40)
[2026-08-03 14:14:35] [WARNING] [ARGUS_AI:plugin_manager.py:30] - Module 'data_profiling' is being re-registered.
[2026-08-03 14:14:35] [INFO] [ARGUS_AI:plugin_manager.py:34] - Registered Pluggable Module: [data_profiling] 'Data Profiling Engine' (Order: 50)
[2026-08-03 14:14:35] [WARNING] [ARGUS_AI:plugin_manager.py:30] - Module 'analytics_engine' is being re-registered.
[2026-08-03 14:14:35] [INFO] [ARGUS_AI:plugin_manager.py:34] - Registered Pluggable Module: [analytics_engine] 'Analytics & Forecasting' (Order: 60)
[2026-08-03 14:14:35] [WARNING] [ARGUS_AI:plugin_manager.py:30] - Module 'visualization_engine' is being re-registered.
[2026-08-03 14:14:35] [INFO] [ARGUS_AI:plugin_manager.py:34] - Registered Pluggable Module: [visualization_engine] 'Visualization Engine' (Order: 70)
[2026-08-03 14:14:35] [WARNING] [ARGUS_AI:plugin_manager.py:30] - Module 'settings' is being re-registered.
[2026-08-03 14:14:35] [INFO] [ARGUS_AI:plugin_manager.py:34] - Registered Pluggable Module: [settings] 'Platform Settings' (Order: 999)
[2026-08-03 14:14:37] [WARNING] [ARGUS_AI:plugin_manager.py:30] - Module 'home' is being re-registered.
[2026-08-03 14:14:37] [INFO] [ARGUS_AI:plugin_manager.py:34] - Registered Pluggable Module: [home] 'Home Dashboard' (Order: 1)
[2026-08-03 14:14:37] [WARNING] [ARGUS_AI:plugin_manager.py:30] - Module 'file_loader' is being re-registered.
[2026-08-03 14:14:37] [INFO] [ARGUS_AI:plugin_manager.py:34] - Registered Pluggable Module: [file_loader] 'Universal File Loader' (Order: 10)
[2026-08-03 14:14:37] [WARNING] [ARGUS_AI:plugin_manager.py:30] - Module 'db_connectors' is being re-registered.
[2026-08-03 14:14:37] [INFO] [ARGUS_AI:plugin_manager.py:34] - Registered Pluggable Module: [db_connectors] 'Database Connectors' (Order: 20)
[2026-08-03 14:14:37] [WARNING] [ARGUS_AI:plugin_manager.py:30] - Module 'ocr_engine' is being re-registered.
[2026-08-03 14:14:37] [INFO] [ARGUS_AI:plugin_manager.py:34] - Registered Pluggable Module: [ocr_engine] 'OCR & Document Extractor' (Order: 30)
[2026-08-03 14:14:37] [WARNING] [ARGUS_AI:plugin_manager.py:30] - Module 'data_cleaning' is being re-registered.
[2026-08-03 14:14:37] [INFO] [ARGUS_AI:plugin_manager.py:34] - Registered Pluggable Module: [data_cleaning] 'Data Cleaning Engine' (Order: 40)
[2026-08-03 14:14:37] [WARNING] [ARGUS_AI:plugin_manager.py:30] - Module 'data_profiling' is being re-registered.
[2026-08-03 14:14:37] [INFO] [ARGUS_AI:plugin_manager.py:34] - Registered Pluggable Module: [data_profiling] 'Data Profiling Engine' (Order: 50)
[2026-08-03 14:14:37] [WARNING] [ARGUS_AI:plugin_manager.py:30] - Module 'analytics_engine' is being re-registered.
[2026-08-03 14:14:37] [INFO] [ARGUS_AI:plugin_manager.py:34] - Registered Pluggable Module: [analytics_engine] 'Analytics & Forecasting' (Order: 60)
[2026-08-03 14:14:37] [WARNING] [ARGUS_AI:plugin_manager.py:30] - Module 'visualization_engine' is being re-registered.
[2026-08-03 14:14:37] [INFO] [ARGUS_AI:plugin_manager.py:34] - Registered Pluggable Module: [visualization_engine] 'Visualization Engine' (Order: 70)
[2026-08-03 14:14:37] [WARNING] [ARGUS_AI:plugin_manager.py:30] - Module 'settings' is being re-registered.
[2026-08-03 14:14:37] [INFO] [ARGUS_AI:plugin_manager.py:34] - Registered Pluggable Module: [settings] 'Platform Settings' (Order: 999)
[2026-08-03 14:14:37] [WARNING] [ARGUS_AI:plugin_manager.py:30] - Module 'home' is being re-registered.
[2026-08-03 14:14:37] [INFO] [ARGUS_AI:plugin_manager.py:34] - Registered Pluggable Module: [home] 'Home Dashboard' (Order: 1)
[2026-08-03 14:14:37] [WARNING] [ARGUS_AI:plugin_manager.py:30] - Module 'file_loader' is being re-registered.
[2026-08-03 14:14:37] [INFO] [ARGUS_AI:plugin_manager.py:34] - Registered Pluggable Module: [file_loader] 'Universal File Loader' (Order: 10)
[2026-08-03 14:14:37] [WARNING] [ARGUS_AI:plugin_manager.py:30] - Module 'db_connectors' is being re-registered.
[2026-08-03 14:14:37] [INFO] [ARGUS_AI:plugin_manager.py:34] - Registered Pluggable Module: [db_connectors] 'Database Connectors' (Order: 20)
[2026-08-03 14:14:37] [WARNING] [ARGUS_AI:plugin_manager.py:30] - Module 'ocr_engine' is being re-registered.
[2026-08-03 14:14:37] [INFO] [ARGUS_AI:plugin_manager.py:34] - Registered Pluggable Module: [ocr_engine] 'OCR & Document Extractor' (Order: 30)
[2026-08-03 14:14:37] [WARNING] [ARGUS_AI:plugin_manager.py:30] - Module 'data_cleaning' is being re-registered.
[2026-08-03 14:14:37] [INFO] [ARGUS_AI:plugin_manager.py:34] - Registered Pluggable Module: [data_cleaning] 'Data Cleaning Engine' (Order: 40)
[2026-08-03 14:14:37] [WARNING] [ARGUS_AI:plugin_manager.py:30] - Module 'data_profiling' is being re-registered.
[2026-08-03 14:14:37] [INFO] [ARGUS_AI:plugin_manager.py:34] - Registered Pluggable Module: [data_profiling] 'Data Profiling Engine' (Order: 50)
[2026-08-03 14:14:37] [WARNING] [ARGUS_AI:plugin_manager.py:30] - Module 'analytics_engine' is being re-registered.
[2026-08-03 14:14:37] [INFO] [ARGUS_AI:plugin_manager.py:34] - Registered Pluggable Module: [analytics_engine] 'Analytics & Forecasting' (Order: 60)
[2026-08-03 14:14:37] [WARNING] [ARGUS_AI:plugin_manager.py:30] - Module 'visualization_engine' is being re-registered.
[2026-08-03 14:14:37] [INFO] [ARGUS_AI:plugin_manager.py:34] - Registered Pluggable Module: [visualization_engine] 'Visualization Engine' (Order: 70)
[2026-08-03 14:14:37] [WARNING] [ARGUS_AI:plugin_manager.py:30] - Module 'settings' is being re-registered.
[2026-08-03 14:14:37] [INFO] [ARGUS_AI:plugin_manager.py:34] - Registered Pluggable Module: [settings] 'Platform Settings' (Order: 999)
[2026-08-03 14:14:38] [WARNING] [ARGUS_AI:plugin_manager.py:30] - Module 'home' is being re-registered.
[2026-08-03 14:14:38] [INFO] [ARGUS_AI:plugin_manager.py:34] - Registered Pluggable Module: [home] 'Home Dashboard' (Order: 1)
[2026-08-03 14:14:38] [WARNING] [ARGUS_AI:plugin_manager.py:30] - Module 'file_loader' is being re-registered.
[2026-08-03 14:14:38] [INFO] [ARGUS_AI:plugin_manager.py:34] - Registered Pluggable Module: [file_loader] 'Universal File Loader' (Order: 10)
[2026-08-03 14:14:38] [WARNING] [ARGUS_AI:plugin_manager.py:30] - Module 'db_connectors' is being re-registered.
[2026-08-03 14:14:38] [INFO] [ARGUS_AI:plugin_manager.py:34] - Registered Pluggable Module: [db_connectors] 'Database Connectors' (Order: 20)
[2026-08-03 14:14:38] [WARNING] [ARGUS_AI:plugin_manager.py:30] - Module 'ocr_engine' is being re-registered.
[2026-08-03 14:14:38] [INFO] [ARGUS_AI:plugin_manager.py:34] - Registered Pluggable Module: [ocr_engine] 'OCR & Document Extractor' (Order: 30)
[2026-08-03 14:14:38] [WARNING] [ARGUS_AI:plugin_manager.py:30] - Module 'data_cleaning' is being re-registered.
[2026-08-03 14:14:38] [INFO] [ARGUS_AI:plugin_manager.py:34] - Registered Pluggable Module: [data_cleaning] 'Data Cleaning Engine' (Order: 40)
[2026-08-03 14:14:38] [WARNING] [ARGUS_AI:plugin_manager.py:30] - Module 'data_profiling' is being re-registered.
[2026-08-03 14:14:38] [INFO] [ARGUS_AI:plugin_manager.py:34] - Registered Pluggable Module: [data_profiling] 'Data Profiling Engine' (Order: 50)
[2026-08-03 14:14:38] [WARNING] [ARGUS_AI:plugin_manager.py:30] - Module 'analytics_engine' is being re-registered.
[2026-08-03 14:14:38] [INFO] [ARGUS_AI:plugin_manager.py:34] - Registered Pluggable Module: [analytics_engine] 'Analytics & Forecasting' (Order: 60)
[2026-08-03 14:14:38] [WARNING] [ARGUS_AI:plugin_manager.py:30] - Module 'visualization_engine' is being re-registered.
[2026-08-03 14:14:38] [INFO] [ARGUS_AI:plugin_manager.py:34] - Registered Pluggable Module: [visualization_engine] 'Visualization Engine' (Order: 70)
[2026-08-03 14:14:38] [WARNING] [ARGUS_AI:plugin_manager.py:30] - Module 'settings' is being re-registered.
[2026-08-03 14:14:38] [INFO] [ARGUS_AI:plugin_manager.py:34] - Registered Pluggable Module: [settings] 'Platform Settings' (Order: 999)
[2026-08-03 14:14:38] [WARNING] [ARGUS_AI:plugin_manager.py:30] - Module 'home' is being re-registered.
[2026-08-03 14:14:38] [INFO] [ARGUS_AI:plugin_manager.py:34] - Registered Pluggable Module: [home] 'Home Dashboard' (Order: 1)
[2026-08-03 14:14:38] [WARNING] [ARGUS_AI:plugin_manager.py:30] - Module 'file_loader' is being re-registered.
[2026-08-03 14:14:38] [INFO] [ARGUS_AI:plugin_manager.py:34] - Registered Pluggable Module: [file_loader] 'Universal File Loader' (Order: 10)
[2026-08-03 14:14:38] [WARNING] [ARGUS_AI:plugin_manager.py:30] - Module 'db_connectors' is being re-registered.
[2026-08-03 14:14:38] [INFO] [ARGUS_AI:plugin_manager.py:34] - Registered Pluggable Module: [db_connectors] 'Database Connectors' (Order: 20)
[2026-08-03 14:14:38] [WARNING] [ARGUS_AI:plugin_manager.py:30] - Module 'ocr_engine' is being re-registered.
[2026-08-03 14:14:38] [INFO] [ARGUS_AI:plugin_manager.py:34] - Registered Pluggable Module: [ocr_engine] 'OCR & Document Extractor' (Order: 30)
[2026-08-03 14:14:38] [WARNING] [ARGUS_AI:plugin_manager.py:30] - Module 'data_cleaning' is being re-registered.
[2026-08-03 14:14:38] [INFO] [ARGUS_AI:plugin_manager.py:34] - Registered Pluggable Module: [data_cleaning] 'Data Cleaning Engine' (Order: 40)
[2026-08-03 14:14:38] [WARNING] [ARGUS_AI:plugin_manager.py:30] - Module 'data_profiling' is being re-registered.
[2026-08-03 14:14:38] [INFO] [ARGUS_AI:plugin_manager.py:34] - Registered Pluggable Module: [data_profiling] 'Data Profiling Engine' (Order: 50)
[2026-08-03 14:14:38] [WARNING] [ARGUS_AI:plugin_manager.py:30] - Module 'analytics_engine' is being re-registered.
[2026-08-03 14:14:38] [INFO] [ARGUS_AI:plugin_manager.py:34] - Registered Pluggable Module: [analytics_engine] 'Analytics & Forecasting' (Order: 60)
[2026-08-03 14:14:38] [WARNING] [ARGUS_AI:plugin_manager.py:30] - Module 'visualization_engine' is being re-registered.
[2026-08-03 14:14:38] [INFO] [ARGUS_AI:plugin_manager.py:34] - Registered Pluggable Module: [visualization_engine] 'Visualization Engine' (Order: 70)
[2026-08-03 14:14:38] [WARNING] [ARGUS_AI:plugin_manager.py:30] - Module 'settings' is being re-registered.
[2026-08-03 14:14:38] [INFO] [ARGUS_AI:plugin_manager.py:34] - Registered Pluggable Module: [settings] 'Platform Settings' (Order: 999)
[2026-08-03 14:15:41] [WARNING] [ARGUS_AI:plugin_manager.py:30] - Module 'home' is being re-registered.
[2026-08-03 14:15:41] [INFO] [ARGUS_AI:plugin_manager.py:34] - Registered Pluggable Module: [home] 'Home Dashboard' (Order: 1)
[2026-08-03 14:15:41] [WARNING] [ARGUS_AI:plugin_manager.py:30] - Module 'file_loader' is being re-registered.
[2026-08-03 14:15:41] [INFO] [ARGUS_AI:plugin_manager.py:34] - Registered Pluggable Module: [file_loader] 'Universal File Loader' (Order: 10)
[2026-08-03 14:15:41] [WARNING] [ARGUS_AI:plugin_manager.py:30] - Module 'db_connectors' is being re-registered.
[2026-08-03 14:15:41] [INFO] [ARGUS_AI:plugin_manager.py:34] - Registered Pluggable Module: [db_connectors] 'Database Connectors' (Order: 20)
[2026-08-03 14:15:41] [WARNING] [ARGUS_AI:plugin_manager.py:30] - Module 'ocr_engine' is being re-registered.
[2026-08-03 14:15:41] [INFO] [ARGUS_AI:plugin_manager.py:34] - Registered Pluggable Module: [ocr_engine] 'OCR & Document Extractor' (Order: 30)
[2026-08-03 14:15:41] [WARNING] [ARGUS_AI:plugin_manager.py:30] - Module 'data_cleaning' is being re-registered.
[2026-08-03 14:15:41] [INFO] [ARGUS_AI:plugin_manager.py:34] - Registered Pluggable Module: [data_cleaning] 'Data Cleaning Engine' (Order: 40)
[2026-08-03 14:15:41] [WARNING] [ARGUS_AI:plugin_manager.py:30] - Module 'data_profiling' is being re-registered.
[2026-08-03 14:15:41] [INFO] [ARGUS_AI:plugin_manager.py:34] - Registered Pluggable Module: [data_profiling] 'Data Profiling Engine' (Order: 50)
[2026-08-03 14:15:41] [WARNING] [ARGUS_AI:plugin_manager.py:30] - Module 'analytics_engine' is being re-registered.
[2026-08-03 14:15:41] [INFO] [ARGUS_AI:plugin_manager.py:34] - Registered Pluggable Module: [analytics_engine] 'Analytics & Forecasting' (Order: 60)
[2026-08-03 14:15:41] [WARNING] [ARGUS_AI:plugin_manager.py:30] - Module 'visualization_engine' is being re-registered.
[2026-08-03 14:15:41] [INFO] [ARGUS_AI:plugin_manager.py:34] - Registered Pluggable Module: [visualization_engine] 'Visualization Engine' (Order: 70)
[2026-08-03 14:15:41] [WARNING] [ARGUS_AI:plugin_manager.py:30] - Module 'settings' is being re-registered.
[2026-08-03 14:15:41] [INFO] [ARGUS_AI:plugin_manager.py:34] - Registered Pluggable Module: [settings] 'Platform Settings' (Order: 999)
[2026-08-03 14:15:41] [WARNING] [ARGUS_AI:plugin_manager.py:30] - Module 'home' is being re-registered.
[2026-08-03 14:15:41] [INFO] [ARGUS_AI:plugin_manager.py:34] - Registered Pluggable Module: [home] 'Home Dashboard' (Order: 1)
[2026-08-03 14:15:41] [WARNING] [ARGUS_AI:plugin_manager.py:30] - Module 'file_loader' is being re-registered.
[2026-08-03 14:15:41] [INFO] [ARGUS_AI:plugin_manager.py:34] - Registered Pluggable Module: [file_loader] 'Universal File Loader' (Order: 10)
[2026-08-03 14:15:41] [WARNING] [ARGUS_AI:plugin_manager.py:30] - Module 'db_connectors' is being re-registered.
[2026-08-03 14:15:41] [INFO] [ARGUS_AI:plugin_manager.py:34] - Registered Pluggable Module: [db_connectors] 'Database Connectors' (Order: 20)
[2026-08-03 14:15:41] [WARNING] [ARGUS_AI:plugin_manager.py:30] - Module 'ocr_engine' is being re-registered.
[2026-08-03 14:15:41] [INFO] [ARGUS_AI:plugin_manager.py:34] - Registered Pluggable Module: [ocr_engine] 'OCR & Document Extractor' (Order: 30)
[2026-08-03 14:15:41] [WARNING] [ARGUS_AI:plugin_manager.py:30] - Module 'data_cleaning' is being re-registered.
[2026-08-03 14:15:41] [INFO] [ARGUS_AI:plugin_manager.py:34] - Registered Pluggable Module: [data_cleaning] 'Data Cleaning Engine' (Order: 40)
[2026-08-03 14:15:41] [WARNING] [ARGUS_AI:plugin_manager.py:30] - Module 'data_profiling' is being re-registered.
[2026-08-03 14:15:41] [INFO] [ARGUS_AI:plugin_manager.py:34] - Registered Pluggable Module: [data_profiling] 'Data Profiling Engine' (Order: 50)
[2026-08-03 14:15:41] [WARNING] [ARGUS_AI:plugin_manager.py:30] - Module 'analytics_engine' is being re-registered.
[2026-08-03 14:15:41] [INFO] [ARGUS_AI:plugin_manager.py:34] - Registered Pluggable Module: [analytics_engine] 'Analytics & Forecasting' (Order: 60)
[2026-08-03 14:15:41] [WARNING] [ARGUS_AI:plugin_manager.py:30] - Module 'visualization_engine' is being re-registered.
[2026-08-03 14:15:41] [INFO] [ARGUS_AI:plugin_manager.py:34] - Registered Pluggable Module: [visualization_engine] 'Visualization Engine' (Order: 70)
[2026-08-03 14:15:41] [WARNING] [ARGUS_AI:plugin_manager.py:30] - Module 'settings' is being re-registered.
[2026-08-03 14:15:41] [INFO] [ARGUS_AI:plugin_manager.py:34] - Registered Pluggable Module: [settings] 'Platform Settings' (Order: 999)
[2026-08-03 14:15:45] [WARNING] [ARGUS_AI:plugin_manager.py:30] - Module 'home' is being re-registered.
[2026-08-03 14:15:45] [INFO] [ARGUS_AI:plugin_manager.py:34] - Registered Pluggable Module: [home] 'Home Dashboard' (Order: 1)
[2026-08-03 14:15:45] [WARNING] [ARGUS_AI:plugin_manager.py:30] - Module 'file_loader' is being re-registered.
[2026-08-03 14:15:45] [INFO] [ARGUS_AI:plugin_manager.py:34] - Registered Pluggable Module: [file_loader] 'Universal File Loader' (Order: 10)
[2026-08-03 14:15:45] [WARNING] [ARGUS_AI:plugin_manager.py:30] - Module 'db_connectors' is being re-registered.
[2026-08-03 14:15:45] [INFO] [ARGUS_AI:plugin_manager.py:34] - Registered Pluggable Module: [db_connectors] 'Database Connectors' (Order: 20)
[2026-08-03 14:15:45] [WARNING] [ARGUS_AI:plugin_manager.py:30] - Module 'ocr_engine' is being re-registered.
[2026-08-03 14:15:45] [INFO] [ARGUS_AI:plugin_manager.py:34] - Registered Pluggable Module: [ocr_engine] 'OCR & Document Extractor' (Order: 30)
[2026-08-03 14:15:45] [WARNING] [ARGUS_AI:plugin_manager.py:30] - Module 'data_cleaning' is being re-registered.
[2026-08-03 14:15:45] [INFO] [ARGUS_AI:plugin_manager.py:34] - Registered Pluggable Module: [data_cleaning] 'Data Cleaning Engine' (Order: 40)
[2026-08-03 14:15:45] [WARNING] [ARGUS_AI:plugin_manager.py:30] - Module 'data_profiling' is being re-registered.
[2026-08-03 14:15:45] [INFO] [ARGUS_AI:plugin_manager.py:34] - Registered Pluggable Module: [data_profiling] 'Data Profiling Engine' (Order: 50)
[2026-08-03 14:15:45] [WARNING] [ARGUS_AI:plugin_manager.py:30] - Module 'analytics_engine' is being re-registered.
[2026-08-03 14:15:45] [INFO] [ARGUS_AI:plugin_manager.py:34] - Registered Pluggable Module: [analytics_engine] 'Analytics & Forecasting' (Order: 60)
[2026-08-03 14:15:45] [WARNING] [ARGUS_AI:plugin_manager.py:30] - Module 'visualization_engine' is being re-registered.
[2026-08-03 14:15:45] [INFO] [ARGUS_AI:plugin_manager.py:34] - Registered Pluggable Module: [visualization_engine] 'Visualization Engine' (Order: 70)
[2026-08-03 14:15:45] [WARNING] [ARGUS_AI:plugin_manager.py:30] - Module 'settings' is being re-registered.
[2026-08-03 14:15:45] [INFO] [ARGUS_AI:plugin_manager.py:34] - Registered Pluggable Module: [settings] 'Platform Settings' (Order: 999)
[2026-08-03 14:17:54] [WARNING] [ARGUS_AI:plugin_manager.py:30] - Module 'home' is being re-registered.
[2026-08-03 14:17:54] [INFO] [ARGUS_AI:plugin_manager.py:34] - Registered Pluggable Module: [home] 'Home Dashboard' (Order: 1)
[2026-08-03 14:17:54] [WARNING] [ARGUS_AI:plugin_manager.py:30] - Module 'file_loader' is being re-registered.
[2026-08-03 14:17:54] [INFO] [ARGUS_AI:plugin_manager.py:34] - Registered Pluggable Module: [file_loader] 'Universal File Loader' (Order: 10)
[2026-08-03 14:17:54] [WARNING] [ARGUS_AI:plugin_manager.py:30] - Module 'db_connectors' is being re-registered.
[2026-08-03 14:17:54] [INFO] [ARGUS_AI:plugin_manager.py:34] - Registered Pluggable Module: [db_connectors] 'Database Connectors' (Order: 20)
[2026-08-03 14:17:54] [WARNING] [ARGUS_AI:plugin_manager.py:30] - Module 'ocr_engine' is being re-registered.
[2026-08-03 14:17:54] [INFO] [ARGUS_AI:plugin_manager.py:34] - Registered Pluggable Module: [ocr_engine] 'OCR & Document Extractor' (Order: 30)
[2026-08-03 14:17:54] [WARNING] [ARGUS_AI:plugin_manager.py:30] - Module 'data_cleaning' is being re-registered.
[2026-08-03 14:17:54] [INFO] [ARGUS_AI:plugin_manager.py:34] - Registered Pluggable Module: [data_cleaning] 'Data Cleaning Engine' (Order: 40)
[2026-08-03 14:17:54] [WARNING] [ARGUS_AI:plugin_manager.py:30] - Module 'data_profiling' is being re-registered.
[2026-08-03 14:17:54] [INFO] [ARGUS_AI:plugin_manager.py:34] - Registered Pluggable Module: [data_profiling] 'Data Profiling Engine' (Order: 50)
[2026-08-03 14:17:54] [WARNING] [ARGUS_AI:plugin_manager.py:30] - Module 'analytics_engine' is being re-registered.
[2026-08-03 14:17:54] [INFO] [ARGUS_AI:plugin_manager.py:34] - Registered Pluggable Module: [analytics_engine] 'Analytics & Forecasting' (Order: 60)
[2026-08-03 14:17:54] [WARNING] [ARGUS_AI:plugin_manager.py:30] - Module 'visualization_engine' is being re-registered.
[2026-08-03 14:17:54] [INFO] [ARGUS_AI:plugin_manager.py:34] - Registered Pluggable Module: [visualization_engine] 'Visualization Engine' (Order: 70)
[2026-08-03 14:17:54] [WARNING] [ARGUS_AI:plugin_manager.py:30] - Module 'settings' is being re-registered.
[2026-08-03 14:17:54] [INFO] [ARGUS_AI:plugin_manager.py:34] - Registered Pluggable Module: [settings] 'Platform Settings' (Order: 999)
[2026-08-03 14:17:54] [INFO] [ARGUS_AI:file_service.py:46] - Ingesting file 'Inzone_-_July_2026__3_.xlsx' (830046 bytes, type 'xlsx')
[2026-08-04 17:59:36] [INFO] [ARGUS_AI:logger.py:88] - ARGUS AI Logger initialized successfully.
[2026-08-04 17:59:56] [INFO] [ARGUS_AI:database.py:44] - Initializing Database Engine targeting: sqlite:///C:\Users\VAISHNAVI\.gemini\antigravity\scratch\argus_ai\data\argus_enterprise.db
[2026-08-04 17:59:56] [INFO] [ARGUS_AI:database.py:59] - Database Manager initialized and tables created.
[2026-08-04 17:59:57] [INFO] [ARGUS_AI:plugin_manager.py:34] - Registered Pluggable Module: [home] 'Home Dashboard' (Order: 1)
[2026-08-04 17:59:57] [INFO] [ARGUS_AI:plugin_manager.py:34] - Registered Pluggable Module: [file_loader] 'Universal File Loader' (Order: 10)
[2026-08-04 17:59:57] [INFO] [ARGUS_AI:plugin_manager.py:34] - Registered Pluggable Module: [db_connectors] 'Database Connectors' (Order: 20)
[2026-08-04 17:59:57] [INFO] [ARGUS_AI:plugin_manager.py:34] - Registered Pluggable Module: [ocr_engine] 'OCR & Document Extractor' (Order: 30)
[2026-08-04 17:59:57] [INFO] [ARGUS_AI:plugin_manager.py:34] - Registered Pluggable Module: [data_cleaning] 'Data Cleaning Engine' (Order: 40)
[2026-08-04 17:59:57] [INFO] [ARGUS_AI:plugin_manager.py:34] - Registered Pluggable Module: [data_profiling] 'Data Profiling Engine' (Order: 50)
[2026-08-04 17:59:57] [INFO] [ARGUS_AI:plugin_manager.py:34] - Registered Pluggable Module: [analytics_engine] 'Analytics & Forecasting' (Order: 60)
[2026-08-04 17:59:57] [INFO] [ARGUS_AI:plugin_manager.py:34] - Registered Pluggable Module: [visualization_engine] 'Visualization Engine' (Order: 70)
[2026-08-04 17:59:57] [INFO] [ARGUS_AI:plugin_manager.py:34] - Registered Pluggable Module: [settings] 'Platform Settings' (Order: 999)
[2026-08-04 18:00:42] [WARNING] [ARGUS_AI:plugin_manager.py:30] - Module 'home' is being re-registered.
[2026-08-04 18:00:42] [INFO] [ARGUS_AI:plugin_manager.py:34] - Registered Pluggable Module: [home] 'Home Dashboard' (Order: 1)
[2026-08-04 18:00:42] [WARNING] [ARGUS_AI:plugin_manager.py:30] - Module 'file_loader' is being re-registered.
[2026-08-04 18:00:42] [INFO] [ARGUS_AI:plugin_manager.py:34] - Registered Pluggable Module: [file_loader] 'Universal File Loader' (Order: 10)
[2026-08-04 18:00:42] [WARNING] [ARGUS_AI:plugin_manager.py:30] - Module 'db_connectors' is being re-registered.
[2026-08-04 18:00:42] [INFO] [ARGUS_AI:plugin_manager.py:34] - Registered Pluggable Module: [db_connectors] 'Database Connectors' (Order: 20)
[2026-08-04 18:00:42] [WARNING] [ARGUS_AI:plugin_manager.py:30] - Module 'ocr_engine' is being re-registered.
[2026-08-04 18:00:42] [INFO] [ARGUS_AI:plugin_manager.py:34] - Registered Pluggable Module: [ocr_engine] 'OCR & Document Extractor' (Order: 30)
[2026-08-04 18:00:42] [WARNING] [ARGUS_AI:plugin_manager.py:30] - Module 'data_cleaning' is being re-registered.
[2026-08-04 18:00:42] [INFO] [ARGUS_AI:plugin_manager.py:34] - Registered Pluggable Module: [data_cleaning] 'Data Cleaning Engine' (Order: 40)
[2026-08-04 18:00:42] [WARNING] [ARGUS_AI:plugin_manager.py:30] - Module 'data_profiling' is being re-registered.
[2026-08-04 18:00:42] [INFO] [ARGUS_AI:plugin_manager.py:34] - Registered Pluggable Module: [data_profiling] 'Data Profiling Engine' (Order: 50)
[2026-08-04 18:00:42] [WARNING] [ARGUS_AI:plugin_manager.py:30] - Module 'analytics_engine' is being re-registered.
[2026-08-04 18:00:42] [INFO] [ARGUS_AI:plugin_manager.py:34] - Registered Pluggable Module: [analytics_engine] 'Analytics & Forecasting' (Order: 60)
[2026-08-04 18:00:42] [WARNING] [ARGUS_AI:plugin_manager.py:30] - Module 'visualization_engine' is being re-registered.
[2026-08-04 18:00:42] [INFO] [ARGUS_AI:plugin_manager.py:34] - Registered Pluggable Module: [visualization_engine] 'Visualization Engine' (Order: 70)
[2026-08-04 18:00:42] [WARNING] [ARGUS_AI:plugin_manager.py:30] - Module 'settings' is being re-registered.
[2026-08-04 18:00:42] [INFO] [ARGUS_AI:plugin_manager.py:34] - Registered Pluggable Module: [settings] 'Platform Settings' (Order: 999)
[2026-08-04 18:00:42] [WARNING] [ARGUS_AI:plugin_manager.py:30] - Module 'home' is being re-registered.
[2026-08-04 18:00:42] [INFO] [ARGUS_AI:plugin_manager.py:34] - Registered Pluggable Module: [home] 'Home Dashboard' (Order: 1)
[2026-08-04 18:00:42] [WARNING] [ARGUS_AI:plugin_manager.py:30] - Module 'file_loader' is being re-registered.
[2026-08-04 18:00:42] [INFO] [ARGUS_AI:plugin_manager.py:34] - Registered Pluggable Module: [file_loader] 'Universal File Loader' (Order: 10)
[2026-08-04 18:00:42] [WARNING] [ARGUS_AI:plugin_manager.py:30] - Module 'db_connectors' is being re-registered.
[2026-08-04 18:00:42] [INFO] [ARGUS_AI:plugin_manager.py:34] - Registered Pluggable Module: [db_connectors] 'Database Connectors' (Order: 20)
[2026-08-04 18:00:42] [WARNING] [ARGUS_AI:plugin_manager.py:30] - Module 'ocr_engine' is being re-registered.
[2026-08-04 18:00:42] [INFO] [ARGUS_AI:plugin_manager.py:34] - Registered Pluggable Module: [ocr_engine] 'OCR & Document Extractor' (Order: 30)
[2026-08-04 18:00:42] [WARNING] [ARGUS_AI:plugin_manager.py:30] - Module 'data_cleaning' is being re-registered.
[2026-08-04 18:00:42] [INFO] [ARGUS_AI:plugin_manager.py:34] - Registered Pluggable Module: [data_cleaning] 'Data Cleaning Engine' (Order: 40)
[2026-08-04 18:00:42] [WARNING] [ARGUS_AI:plugin_manager.py:30] - Module 'data_profiling' is being re-registered.
[2026-08-04 18:00:42] [INFO] [ARGUS_AI:plugin_manager.py:34] - Registered Pluggable Module: [data_profiling] 'Data Profiling Engine' (Order: 50)
[2026-08-04 18:00:42] [WARNING] [ARGUS_AI:plugin_manager.py:30] - Module 'analytics_engine' is being re-registered.
[2026-08-04 18:00:42] [INFO] [ARGUS_AI:plugin_manager.py:34] - Registered Pluggable Module: [analytics_engine] 'Analytics & Forecasting' (Order: 60)
[2026-08-04 18:00:42] [WARNING] [ARGUS_AI:plugin_manager.py:30] - Module 'visualization_engine' is being re-registered.
[2026-08-04 18:00:42] [INFO] [ARGUS_AI:plugin_manager.py:34] - Registered Pluggable Module: [visualization_engine] 'Visualization Engine' (Order: 70)
[2026-08-04 18:00:42] [WARNING] [ARGUS_AI:plugin_manager.py:30] - Module 'settings' is being re-registered.
[2026-08-04 18:00:42] [INFO] [ARGUS_AI:plugin_manager.py:34] - Registered Pluggable Module: [settings] 'Platform Settings' (Order: 999)
[2026-08-04 18:00:47] [WARNING] [ARGUS_AI:plugin_manager.py:30] - Module 'home' is being re-registered.
[2026-08-04 18:00:47] [INFO] [ARGUS_AI:plugin_manager.py:34] - Registered Pluggable Module: [home] 'Home Dashboard' (Order: 1)
[2026-08-04 18:00:47] [WARNING] [ARGUS_AI:plugin_manager.py:30] - Module 'file_loader' is being re-registered.
[2026-08-04 18:00:47] [INFO] [ARGUS_AI:plugin_manager.py:34] - Registered Pluggable Module: [file_loader] 'Universal File Loader' (Order: 10)
[2026-08-04 18:00:47] [WARNING] [ARGUS_AI:plugin_manager.py:30] - Module 'db_connectors' is being re-registered.
[2026-08-04 18:00:47] [INFO] [ARGUS_AI:plugin_manager.py:34] - Registered Pluggable Module: [db_connectors] 'Database Connectors' (Order: 20)
[2026-08-04 18:00:47] [WARNING] [ARGUS_AI:plugin_manager.py:30] - Module 'ocr_engine' is being re-registered.
[2026-08-04 18:00:47] [INFO] [ARGUS_AI:plugin_manager.py:34] - Registered Pluggable Module: [ocr_engine] 'OCR & Document Extractor' (Order: 30)
[2026-08-04 18:00:47] [WARNING] [ARGUS_AI:plugin_manager.py:30] - Module 'data_cleaning' is being re-registered.
[2026-08-04 18:00:47] [INFO] [ARGUS_AI:plugin_manager.py:34] - Registered Pluggable Module: [data_cleaning] 'Data Cleaning Engine' (Order: 40)
[2026-08-04 18:00:47] [WARNING] [ARGUS_AI:plugin_manager.py:30] - Module 'data_profiling' is being re-registered.
[2026-08-04 18:00:47] [INFO] [ARGUS_AI:plugin_manager.py:34] - Registered Pluggable Module: [data_profiling] 'Data Profiling Engine' (Order: 50)
[2026-08-04 18:00:47] [WARNING] [ARGUS_AI:plugin_manager.py:30] - Module 'analytics_engine' is being re-registered.
[2026-08-04 18:00:47] [INFO] [ARGUS_AI:plugin_manager.py:34] - Registered Pluggable Module: [analytics_engine] 'Analytics & Forecasting' (Order: 60)
[2026-08-04 18:00:47] [WARNING] [ARGUS_AI:plugin_manager.py:30] - Module 'visualization_engine' is being re-registered.
[2026-08-04 18:00:47] [INFO] [ARGUS_AI:plugin_manager.py:34] - Registered Pluggable Module: [visualization_engine] 'Visualization Engine' (Order: 70)
[2026-08-04 18:00:47] [WARNING] [ARGUS_AI:plugin_manager.py:30] - Module 'settings' is being re-registered.
[2026-08-04 18:00:47] [INFO] [ARGUS_AI:plugin_manager.py:34] - Registered Pluggable Module: [settings] 'Platform Settings' (Order: 999)
[2026-08-04 18:00:47] [WARNING] [ARGUS_AI:plugin_manager.py:30] - Module 'home' is being re-registered.
[2026-08-04 18:00:47] [INFO] [ARGUS_AI:plugin_manager.py:34] - Registered Pluggable Module: [home] 'Home Dashboard' (Order: 1)
[2026-08-04 18:00:47] [WARNING] [ARGUS_AI:plugin_manager.py:30] - Module 'file_loader' is being re-registered.
[2026-08-04 18:00:47] [INFO] [ARGUS_AI:plugin_manager.py:34] - Registered Pluggable Module: [file_loader] 'Universal File Loader' (Order: 10)
[2026-08-04 18:00:47] [WARNING] [ARGUS_AI:plugin_manager.py:30] - Module 'db_connectors' is being re-registered.
[2026-08-04 18:00:47] [INFO] [ARGUS_AI:plugin_manager.py:34] - Registered Pluggable Module: [db_connectors] 'Database Connectors' (Order: 20)
[2026-08-04 18:00:47] [WARNING] [ARGUS_AI:plugin_manager.py:30] - Module 'ocr_engine' is being re-registered.
[2026-08-04 18:00:47] [INFO] [ARGUS_AI:plugin_manager.py:34] - Registered Pluggable Module: [ocr_engine] 'OCR & Document Extractor' (Order: 30)
[2026-08-04 18:00:47] [WARNING] [ARGUS_AI:plugin_manager.py:30] - Module 'data_cleaning' is being re-registered.
[2026-08-04 18:00:47] [INFO] [ARGUS_AI:plugin_manager.py:34] - Registered Pluggable Module: [data_cleaning] 'Data Cleaning Engine' (Order: 40)
[2026-08-04 18:00:47] [WARNING] [ARGUS_AI:plugin_manager.py:30] - Module 'data_profiling' is being re-registered.
[2026-08-04 18:00:47] [INFO] [ARGUS_AI:plugin_manager.py:34] - Registered Pluggable Module: [data_profiling] 'Data Profiling Engine' (Order: 50)
[2026-08-04 18:00:47] [WARNING] [ARGUS_AI:plugin_manager.py:30] - Module 'analytics_engine' is being re-registered.
[2026-08-04 18:00:47] [INFO] [ARGUS_AI:plugin_manager.py:34] - Registered Pluggable Module: [analytics_engine] 'Analytics & Forecasting' (Order: 60)
[2026-08-04 18:00:47] [WARNING] [ARGUS_AI:plugin_manager.py:30] - Module 'visualization_engine' is being re-registered.
[2026-08-04 18:00:47] [INFO] [ARGUS_AI:plugin_manager.py:34] - Registered Pluggable Module: [visualization_engine] 'Visualization Engine' (Order: 70)
[2026-08-04 18:00:47] [WARNING] [ARGUS_AI:plugin_manager.py:30] - Module 'settings' is being re-registered.
[2026-08-04 18:00:47] [INFO] [ARGUS_AI:plugin_manager.py:34] - Registered Pluggable Module: [settings] 'Platform Settings' (Order: 999)
[2026-08-04 18:01:00] [WARNING] [ARGUS_AI:plugin_manager.py:30] - Module 'home' is being re-registered.
[2026-08-04 18:01:00] [INFO] [ARGUS_AI:plugin_manager.py:34] - Registered Pluggable Module: [home] 'Home Dashboard' (Order: 1)
[2026-08-04 18:01:00] [WARNING] [ARGUS_AI:plugin_manager.py:30] - Module 'file_loader' is being re-registered.
[2026-08-04 18:01:00] [INFO] [ARGUS_AI:plugin_manager.py:34] - Registered Pluggable Module: [file_loader] 'Universal File Loader' (Order: 10)
[2026-08-04 18:01:00] [WARNING] [ARGUS_AI:plugin_manager.py:30] - Module 'db_connectors' is being re-registered.
[2026-08-04 18:01:00] [INFO] [ARGUS_AI:plugin_manager.py:34] - Registered Pluggable Module: [db_connectors] 'Database Connectors' (Order: 20)
[2026-08-04 18:01:00] [WARNING] [ARGUS_AI:plugin_manager.py:30] - Module 'ocr_engine' is being re-registered.
[2026-08-04 18:01:00] [INFO] [ARGUS_AI:plugin_manager.py:34] - Registered Pluggable Module: [ocr_engine] 'OCR & Document Extractor' (Order: 30)
[2026-08-04 18:01:00] [WARNING] [ARGUS_AI:plugin_manager.py:30] - Module 'data_cleaning' is being re-registered.
[2026-08-04 18:01:00] [INFO] [ARGUS_AI:plugin_manager.py:34] - Registered Pluggable Module: [data_cleaning] 'Data Cleaning Engine' (Order: 40)
[2026-08-04 18:01:00] [WARNING] [ARGUS_AI:plugin_manager.py:30] - Module 'data_profiling' is being re-registered.
[2026-08-04 18:01:00] [INFO] [ARGUS_AI:plugin_manager.py:34] - Registered Pluggable Module: [data_profiling] 'Data Profiling Engine' (Order: 50)
[2026-08-04 18:01:00] [WARNING] [ARGUS_AI:plugin_manager.py:30] - Module 'analytics_engine' is being re-registered.
[2026-08-04 18:01:00] [INFO] [ARGUS_AI:plugin_manager.py:34] - Registered Pluggable Module: [analytics_engine] 'Analytics & Forecasting' (Order: 60)
[2026-08-04 18:01:00] [WARNING] [ARGUS_AI:plugin_manager.py:30] - Module 'visualization_engine' is being re-registered.
[2026-08-04 18:01:00] [INFO] [ARGUS_AI:plugin_manager.py:34] - Registered Pluggable Module: [visualization_engine] 'Visualization Engine' (Order: 70)
[2026-08-04 18:01:00] [WARNING] [ARGUS_AI:plugin_manager.py:30] - Module 'settings' is being re-registered.
[2026-08-04 18:01:00] [INFO] [ARGUS_AI:plugin_manager.py:34] - Registered Pluggable Module: [settings] 'Platform Settings' (Order: 999)
[2026-08-04 18:01:11] [WARNING] [ARGUS_AI:plugin_manager.py:30] - Module 'home' is being re-registered.
[2026-08-04 18:01:11] [INFO] [ARGUS_AI:plugin_manager.py:34] - Registered Pluggable Module: [home] 'Home Dashboard' (Order: 1)
[2026-08-04 18:01:11] [WARNING] [ARGUS_AI:plugin_manager.py:30] - Module 'file_loader' is being re-registered.
[2026-08-04 18:01:11] [INFO] [ARGUS_AI:plugin_manager.py:34] - Registered Pluggable Module: [file_loader] 'Universal File Loader' (Order: 10)
[2026-08-04 18:01:11] [WARNING] [ARGUS_AI:plugin_manager.py:30] - Module 'db_connectors' is being re-registered.
[2026-08-04 18:01:11] [INFO] [ARGUS_AI:plugin_manager.py:34] - Registered Pluggable Module: [db_connectors] 'Database Connectors' (Order: 20)
[2026-08-04 18:01:11] [WARNING] [ARGUS_AI:plugin_manager.py:30] - Module 'ocr_engine' is being re-registered.
[2026-08-04 18:01:11] [INFO] [ARGUS_AI:plugin_manager.py:34] - Registered Pluggable Module: [ocr_engine] 'OCR & Document Extractor' (Order: 30)
[2026-08-04 18:01:11] [WARNING] [ARGUS_AI:plugin_manager.py:30] - Module 'data_cleaning' is being re-registered.
[2026-08-04 18:01:11] [INFO] [ARGUS_AI:plugin_manager.py:34] - Registered Pluggable Module: [data_cleaning] 'Data Cleaning Engine' (Order: 40)
[2026-08-04 18:01:11] [WARNING] [ARGUS_AI:plugin_manager.py:30] - Module 'data_profiling' is being re-registered.
[2026-08-04 18:01:11] [INFO] [ARGUS_AI:plugin_manager.py:34] - Registered Pluggable Module: [data_profiling] 'Data Profiling Engine' (Order: 50)
[2026-08-04 18:01:11] [WARNING] [ARGUS_AI:plugin_manager.py:30] - Module 'analytics_engine' is being re-registered.
[2026-08-04 18:01:11] [INFO] [ARGUS_AI:plugin_manager.py:34] - Registered Pluggable Module: [analytics_engine] 'Analytics & Forecasting' (Order: 60)
[2026-08-04 18:01:11] [WARNING] [ARGUS_AI:plugin_manager.py:30] - Module 'visualization_engine' is being re-registered.
[2026-08-04 18:01:11] [INFO] [ARGUS_AI:plugin_manager.py:34] - Registered Pluggable Module: [visualization_engine] 'Visualization Engine' (Order: 70)
[2026-08-04 18:01:11] [WARNING] [ARGUS_AI:plugin_manager.py:30] - Module 'settings' is being re-registered.
[2026-08-04 18:01:11] [INFO] [ARGUS_AI:plugin_manager.py:34] - Registered Pluggable Module: [settings] 'Platform Settings' (Order: 999)
[2026-08-04 18:01:11] [INFO] [ARGUS_AI:file_service.py:46] - Ingesting file 'Inzone_-_July_2026__3_.xlsx' (830046 bytes, type 'xlsx')
[2026-08-04 22:52:12] [INFO] [ARGUS_AI:logger.py:88] - ARGUS AI Logger initialized successfully.
[2026-08-04 22:52:33] [INFO] [ARGUS_AI:database.py:44] - Initializing Database Engine targeting: sqlite:///C:\Users\VAISHNAVI\.gemini\antigravity\scratch\argus_ai\data\argus_enterprise.db
[2026-08-04 22:52:33] [INFO] [ARGUS_AI:database.py:59] - Database Manager initialized and tables created.
[2026-08-04 22:52:34] [INFO] [ARGUS_AI:plugin_manager.py:34] - Registered Pluggable Module: [home] 'Home Dashboard' (Order: 1)
[2026-08-04 22:52:34] [INFO] [ARGUS_AI:plugin_manager.py:34] - Registered Pluggable Module: [file_loader] 'Universal File Loader' (Order: 10)
[2026-08-04 22:52:34] [INFO] [ARGUS_AI:plugin_manager.py:34] - Registered Pluggable Module: [db_connectors] 'Database Connectors' (Order: 20)
[2026-08-04 22:52:34] [INFO] [ARGUS_AI:plugin_manager.py:34] - Registered Pluggable Module: [ocr_engine] 'OCR & Document Extractor' (Order: 30)
[2026-08-04 22:52:34] [INFO] [ARGUS_AI:plugin_manager.py:34] - Registered Pluggable Module: [data_cleaning] 'Data Cleaning Engine' (Order: 40)
[2026-08-04 22:52:34] [INFO] [ARGUS_AI:plugin_manager.py:34] - Registered Pluggable Module: [data_profiling] 'Data Profiling Engine' (Order: 50)
[2026-08-04 22:52:34] [INFO] [ARGUS_AI:plugin_manager.py:34] - Registered Pluggable Module: [analytics_engine] 'Analytics & Forecasting' (Order: 60)
[2026-08-04 22:52:34] [INFO] [ARGUS_AI:plugin_manager.py:34] - Registered Pluggable Module: [visualization_engine] 'Visualization Engine' (Order: 70)
[2026-08-04 22:52:34] [INFO] [ARGUS_AI:plugin_manager.py:34] - Registered Pluggable Module: [settings] 'Platform Settings' (Order: 999)
[2026-08-04 22:58:20] [WARNING] [ARGUS_AI:plugin_manager.py:30] - Module 'home' is being re-registered.
[2026-08-04 22:58:20] [INFO] [ARGUS_AI:plugin_manager.py:34] - Registered Pluggable Module: [home] 'Home Dashboard' (Order: 1)
[2026-08-04 22:58:20] [WARNING] [ARGUS_AI:plugin_manager.py:30] - Module 'file_loader' is being re-registered.
[2026-08-04 22:58:20] [INFO] [ARGUS_AI:plugin_manager.py:34] - Registered Pluggable Module: [file_loader] 'Universal File Loader' (Order: 10)
[2026-08-04 22:58:20] [WARNING] [ARGUS_AI:plugin_manager.py:30] - Module 'db_connectors' is being re-registered.
[2026-08-04 22:58:20] [INFO] [ARGUS_AI:plugin_manager.py:34] - Registered Pluggable Module: [db_connectors] 'Database Connectors' (Order: 20)
[2026-08-04 22:58:20] [WARNING] [ARGUS_AI:plugin_manager.py:30] - Module 'ocr_engine' is being re-registered.
[2026-08-04 22:58:20] [INFO] [ARGUS_AI:plugin_manager.py:34] - Registered Pluggable Module: [ocr_engine] 'OCR & Document Extractor' (Order: 30)
[2026-08-04 22:58:20] [WARNING] [ARGUS_AI:plugin_manager.py:30] - Module 'data_cleaning' is being re-registered.
[2026-08-04 22:58:20] [INFO] [ARGUS_AI:plugin_manager.py:34] - Registered Pluggable Module: [data_cleaning] 'Data Cleaning Engine' (Order: 40)
[2026-08-04 22:58:20] [WARNING] [ARGUS_AI:plugin_manager.py:30] - Module 'data_profiling' is being re-registered.
[2026-08-04 22:58:20] [INFO] [ARGUS_AI:plugin_manager.py:34] - Registered Pluggable Module: [data_profiling] 'Data Profiling Engine' (Order: 50)
[2026-08-04 22:58:20] [WARNING] [ARGUS_AI:plugin_manager.py:30] - Module 'analytics_engine' is being re-registered.
[2026-08-04 22:58:20] [INFO] [ARGUS_AI:plugin_manager.py:34] - Registered Pluggable Module: [analytics_engine] 'Analytics & Forecasting' (Order: 60)
[2026-08-04 22:58:20] [WARNING] [ARGUS_AI:plugin_manager.py:30] - Module 'visualization_engine' is being re-registered.
[2026-08-04 22:58:20] [INFO] [ARGUS_AI:plugin_manager.py:34] - Registered Pluggable Module: [visualization_engine] 'Visualization Engine' (Order: 70)
[2026-08-04 22:58:20] [WARNING] [ARGUS_AI:plugin_manager.py:30] - Module 'settings' is being re-registered.
[2026-08-04 22:58:20] [INFO] [ARGUS_AI:plugin_manager.py:34] - Registered Pluggable Module: [settings] 'Platform Settings' (Order: 999)
[2026-08-04 22:58:20] [WARNING] [ARGUS_AI:plugin_manager.py:30] - Module 'home' is being re-registered.
[2026-08-04 22:58:20] [INFO] [ARGUS_AI:plugin_manager.py:34] - Registered Pluggable Module: [home] 'Home Dashboard' (Order: 1)
[2026-08-04 22:58:20] [WARNING] [ARGUS_AI:plugin_manager.py:30] - Module 'file_loader' is being re-registered.
[2026-08-04 22:58:20] [INFO] [ARGUS_AI:plugin_manager.py:34] - Registered Pluggable Module: [file_loader] 'Universal File Loader' (Order: 10)
[2026-08-04 22:58:20] [WARNING] [ARGUS_AI:plugin_manager.py:30] - Module 'db_connectors' is being re-registered.
[2026-08-04 22:58:20] [INFO] [ARGUS_AI:plugin_manager.py:34] - Registered Pluggable Module: [db_connectors] 'Database Connectors' (Order: 20)
[2026-08-04 22:58:20] [WARNING] [ARGUS_AI:plugin_manager.py:30] - Module 'ocr_engine' is being re-registered.
[2026-08-04 22:58:20] [INFO] [ARGUS_AI:plugin_manager.py:34] - Registered Pluggable Module: [ocr_engine] 'OCR & Document Extractor' (Order: 30)
[2026-08-04 22:58:20] [WARNING] [ARGUS_AI:plugin_manager.py:30] - Module 'data_cleaning' is being re-registered.
[2026-08-04 22:58:20] [INFO] [ARGUS_AI:plugin_manager.py:34] - Registered Pluggable Module: [data_cleaning] 'Data Cleaning Engine' (Order: 40)
[2026-08-04 22:58:20] [WARNING] [ARGUS_AI:plugin_manager.py:30] - Module 'data_profiling' is being re-registered.
[2026-08-04 22:58:20] [INFO] [ARGUS_AI:plugin_manager.py:34] - Registered Pluggable Module: [data_profiling] 'Data Profiling Engine' (Order: 50)
[2026-08-04 22:58:20] [WARNING] [ARGUS_AI:plugin_manager.py:30] - Module 'analytics_engine' is being re-registered.
[2026-08-04 22:58:20] [INFO] [ARGUS_AI:plugin_manager.py:34] - Registered Pluggable Module: [analytics_engine] 'Analytics & Forecasting' (Order: 60)
[2026-08-04 22:58:20] [WARNING] [ARGUS_AI:plugin_manager.py:30] - Module 'visualization_engine' is being re-registered.
[2026-08-04 22:58:20] [INFO] [ARGUS_AI:plugin_manager.py:34] - Registered Pluggable Module: [visualization_engine] 'Visualization Engine' (Order: 70)
[2026-08-04 22:58:20] [WARNING] [ARGUS_AI:plugin_manager.py:30] - Module 'settings' is being re-registered.
[2026-08-04 22:58:20] [INFO] [ARGUS_AI:plugin_manager.py:34] - Registered Pluggable Module: [settings] 'Platform Settings' (Order: 999)
[2026-08-04 22:58:36] [WARNING] [ARGUS_AI:plugin_manager.py:30] - Module 'home' is being re-registered.
[2026-08-04 22:58:36] [INFO] [ARGUS_AI:plugin_manager.py:34] - Registered Pluggable Module: [home] 'Home Dashboard' (Order: 1)
[2026-08-04 22:58:36] [WARNING] [ARGUS_AI:plugin_manager.py:30] - Module 'file_loader' is being re-registered.
[2026-08-04 22:58:36] [INFO] [ARGUS_AI:plugin_manager.py:34] - Registered Pluggable Module: [file_loader] 'Universal File Loader' (Order: 10)
[2026-08-04 22:58:36] [WARNING] [ARGUS_AI:plugin_manager.py:30] - Module 'db_connectors' is being re-registered.
[2026-08-04 22:58:36] [INFO] [ARGUS_AI:plugin_manager.py:34] - Registered Pluggable Module: [db_connectors] 'Database Connectors' (Order: 20)
[2026-08-04 22:58:36] [WARNING] [ARGUS_AI:plugin_manager.py:30] - Module 'ocr_engine' is being re-registered.
[2026-08-04 22:58:36] [INFO] [ARGUS_AI:plugin_manager.py:34] - Registered Pluggable Module: [ocr_engine] 'OCR & Document Extractor' (Order: 30)
[2026-08-04 22:58:36] [WARNING] [ARGUS_AI:plugin_manager.py:30] - Module 'data_cleaning' is being re-registered.
[2026-08-04 22:58:36] [INFO] [ARGUS_AI:plugin_manager.py:34] - Registered Pluggable Module: [data_cleaning] 'Data Cleaning Engine' (Order: 40)
[2026-08-04 22:58:36] [WARNING] [ARGUS_AI:plugin_manager.py:30] - Module 'data_profiling' is being re-registered.
[2026-08-04 22:58:36] [INFO] [ARGUS_AI:plugin_manager.py:34] - Registered Pluggable Module: [data_profiling] 'Data Profiling Engine' (Order: 50)
[2026-08-04 22:58:36] [WARNING] [ARGUS_AI:plugin_manager.py:30] - Module 'analytics_engine' is being re-registered.
[2026-08-04 22:58:36] [INFO] [ARGUS_AI:plugin_manager.py:34] - Registered Pluggable Module: [analytics_engine] 'Analytics & Forecasting' (Order: 60)
[2026-08-04 22:58:36] [WARNING] [ARGUS_AI:plugin_manager.py:30] - Module 'visualization_engine' is being re-registered.
[2026-08-04 22:58:36] [INFO] [ARGUS_AI:plugin_manager.py:34] - Registered Pluggable Module: [visualization_engine] 'Visualization Engine' (Order: 70)
[2026-08-04 22:58:36] [WARNING] [ARGUS_AI:plugin_manager.py:30] - Module 'settings' is being re-registered.
[2026-08-04 22:58:36] [INFO] [ARGUS_AI:plugin_manager.py:34] - Registered Pluggable Module: [settings] 'Platform Settings' (Order: 999)
[2026-08-04 22:58:41] [WARNING] [ARGUS_AI:plugin_manager.py:30] - Module 'home' is being re-registered.
[2026-08-04 22:58:41] [INFO] [ARGUS_AI:plugin_manager.py:34] - Registered Pluggable Module: [home] 'Home Dashboard' (Order: 1)
[2026-08-04 22:58:41] [WARNING] [ARGUS_AI:plugin_manager.py:30] - Module 'file_loader' is being re-registered.
[2026-08-04 22:58:41] [INFO] [ARGUS_AI:plugin_manager.py:34] - Registered Pluggable Module: [file_loader] 'Universal File Loader' (Order: 10)
[2026-08-04 22:58:41] [WARNING] [ARGUS_AI:plugin_manager.py:30] - Module 'db_connectors' is being re-registered.
[2026-08-04 22:58:41] [INFO] [ARGUS_AI:plugin_manager.py:34] - Registered Pluggable Module: [db_connectors] 'Database Connectors' (Order: 20)
[2026-08-04 22:58:41] [WARNING] [ARGUS_AI:plugin_manager.py:30] - Module 'ocr_engine' is being re-registered.
[2026-08-04 22:58:41] [INFO] [ARGUS_AI:plugin_manager.py:34] - Registered Pluggable Module: [ocr_engine] 'OCR & Document Extractor' (Order: 30)
[2026-08-04 22:58:41] [WARNING] [ARGUS_AI:plugin_manager.py:30] - Module 'data_cleaning' is being re-registered.
[2026-08-04 22:58:41] [INFO] [ARGUS_AI:plugin_manager.py:34] - Registered Pluggable Module: [data_cleaning] 'Data Cleaning Engine' (Order: 40)
[2026-08-04 22:58:41] [WARNING] [ARGUS_AI:plugin_manager.py:30] - Module 'data_profiling' is being re-registered.
[2026-08-04 22:58:41] [INFO] [ARGUS_AI:plugin_manager.py:34] - Registered Pluggable Module: [data_profiling] 'Data Profiling Engine' (Order: 50)
[2026-08-04 22:58:41] [WARNING] [ARGUS_AI:plugin_manager.py:30] - Module 'analytics_engine' is being re-registered.
[2026-08-04 22:58:41] [INFO] [ARGUS_AI:plugin_manager.py:34] - Registered Pluggable Module: [analytics_engine] 'Analytics & Forecasting' (Order: 60)
[2026-08-04 22:58:41] [WARNING] [ARGUS_AI:plugin_manager.py:30] - Module 'visualization_engine' is being re-registered.
[2026-08-04 22:58:41] [INFO] [ARGUS_AI:plugin_manager.py:34] - Registered Pluggable Module: [visualization_engine] 'Visualization Engine' (Order: 70)
[2026-08-04 22:58:41] [WARNING] [ARGUS_AI:plugin_manager.py:30] - Module 'settings' is being re-registered.
[2026-08-04 22:58:41] [INFO] [ARGUS_AI:plugin_manager.py:34] - Registered Pluggable Module: [settings] 'Platform Settings' (Order: 999)
[2026-08-04 22:58:41] [INFO] [ARGUS_AI:file_service.py:46] - Ingesting file 'Inzone_-_July_2026__3_.xlsx' (830046 bytes, type 'xlsx')
[2026-08-04 22:59:55] [WARNING] [ARGUS_AI:plugin_manager.py:30] - Module 'home' is being re-registered.
[2026-08-04 22:59:55] [INFO] [ARGUS_AI:plugin_manager.py:34] - Registered Pluggable Module: [home] 'Home Dashboard' (Order: 1)
[2026-08-04 22:59:55] [WARNING] [ARGUS_AI:plugin_manager.py:30] - Module 'file_loader' is being re-registered.
[2026-08-04 22:59:55] [INFO] [ARGUS_AI:plugin_manager.py:34] - Registered Pluggable Module: [file_loader] 'Universal File Loader' (Order: 10)
[2026-08-04 22:59:55] [WARNING] [ARGUS_AI:plugin_manager.py:30] - Module 'db_connectors' is being re-registered.
[2026-08-04 22:59:55] [INFO] [ARGUS_AI:plugin_manager.py:34] - Registered Pluggable Module: [db_connectors] 'Database Connectors' (Order: 20)
[2026-08-04 22:59:55] [WARNING] [ARGUS_AI:plugin_manager.py:30] - Module 'ocr_engine' is being re-registered.
[2026-08-04 22:59:55] [INFO] [ARGUS_AI:plugin_manager.py:34] - Registered Pluggable Module: [ocr_engine] 'OCR & Document Extractor' (Order: 30)
[2026-08-04 22:59:55] [WARNING] [ARGUS_AI:plugin_manager.py:30] - Module 'data_cleaning' is being re-registered.
[2026-08-04 22:59:55] [INFO] [ARGUS_AI:plugin_manager.py:34] - Registered Pluggable Module: [data_cleaning] 'Data Cleaning Engine' (Order: 40)
[2026-08-04 22:59:55] [WARNING] [ARGUS_AI:plugin_manager.py:30] - Module 'data_profiling' is being re-registered.
[2026-08-04 22:59:55] [INFO] [ARGUS_AI:plugin_manager.py:34] - Registered Pluggable Module: [data_profiling] 'Data Profiling Engine' (Order: 50)
[2026-08-04 22:59:55] [WARNING] [ARGUS_AI:plugin_manager.py:30] - Module 'analytics_engine' is being re-registered.
[2026-08-04 22:59:55] [INFO] [ARGUS_AI:plugin_manager.py:34] - Registered Pluggable Module: [analytics_engine] 'Analytics & Forecasting' (Order: 60)
[2026-08-04 22:59:55] [WARNING] [ARGUS_AI:plugin_manager.py:30] - Module 'visualization_engine' is being re-registered.
[2026-08-04 22:59:55] [INFO] [ARGUS_AI:plugin_manager.py:34] - Registered Pluggable Module: [visualization_engine] 'Visualization Engine' (Order: 70)
[2026-08-04 22:59:55] [WARNING] [ARGUS_AI:plugin_manager.py:30] - Module 'settings' is being re-registered.
[2026-08-04 22:59:55] [INFO] [ARGUS_AI:plugin_manager.py:34] - Registered Pluggable Module: [settings] 'Platform Settings' (Order: 999)
[2026-08-04 22:59:56] [WARNING] [ARGUS_AI:plugin_manager.py:30] - Module 'home' is being re-registered.
[2026-08-04 22:59:56] [INFO] [ARGUS_AI:plugin_manager.py:34] - Registered Pluggable Module: [home] 'Home Dashboard' (Order: 1)
[2026-08-04 22:59:56] [WARNING] [ARGUS_AI:plugin_manager.py:30] - Module 'file_loader' is being re-registered.
[2026-08-04 22:59:56] [INFO] [ARGUS_AI:plugin_manager.py:34] - Registered Pluggable Module: [file_loader] 'Universal File Loader' (Order: 10)
[2026-08-04 22:59:56] [WARNING] [ARGUS_AI:plugin_manager.py:30] - Module 'db_connectors' is being re-registered.
[2026-08-04 22:59:56] [INFO] [ARGUS_AI:plugin_manager.py:34] - Registered Pluggable Module: [db_connectors] 'Database Connectors' (Order: 20)
[2026-08-04 22:59:56] [WARNING] [ARGUS_AI:plugin_manager.py:30] - Module 'ocr_engine' is being re-registered.
[2026-08-04 22:59:56] [INFO] [ARGUS_AI:plugin_manager.py:34] - Registered Pluggable Module: [ocr_engine] 'OCR & Document Extractor' (Order: 30)
[2026-08-04 22:59:56] [WARNING] [ARGUS_AI:plugin_manager.py:30] - Module 'data_cleaning' is being re-registered.
[2026-08-04 22:59:56] [INFO] [ARGUS_AI:plugin_manager.py:34] - Registered Pluggable Module: [data_cleaning] 'Data Cleaning Engine' (Order: 40)
[2026-08-04 22:59:56] [WARNING] [ARGUS_AI:plugin_manager.py:30] - Module 'data_profiling' is being re-registered.
[2026-08-04 22:59:56] [INFO] [ARGUS_AI:plugin_manager.py:34] - Registered Pluggable Module: [data_profiling] 'Data Profiling Engine' (Order: 50)
[2026-08-04 22:59:56] [WARNING] [ARGUS_AI:plugin_manager.py:30] - Module 'analytics_engine' is being re-registered.
[2026-08-04 22:59:56] [INFO] [ARGUS_AI:plugin_manager.py:34] - Registered Pluggable Module: [analytics_engine] 'Analytics & Forecasting' (Order: 60)
[2026-08-04 22:59:56] [WARNING] [ARGUS_AI:plugin_manager.py:30] - Module 'visualization_engine' is being re-registered.
[2026-08-04 22:59:56] [INFO] [ARGUS_AI:plugin_manager.py:34] - Registered Pluggable Module: [visualization_engine] 'Visualization Engine' (Order: 70)
[2026-08-04 22:59:56] [WARNING] [ARGUS_AI:plugin_manager.py:30] - Module 'settings' is being re-registered.
[2026-08-04 22:59:56] [INFO] [ARGUS_AI:plugin_manager.py:34] - Registered Pluggable Module: [settings] 'Platform Settings' (Order: 999)
[2026-08-05 00:06:19] [WARNING] [ARGUS_AI:plugin_manager.py:30] - Module 'home' is being re-registered.
[2026-08-05 00:06:19] [INFO] [ARGUS_AI:plugin_manager.py:34] - Registered Pluggable Module: [home] 'Home Dashboard' (Order: 1)
[2026-08-05 00:06:19] [WARNING] [ARGUS_AI:plugin_manager.py:30] - Module 'file_loader' is being re-registered.
[2026-08-05 00:06:19] [INFO] [ARGUS_AI:plugin_manager.py:34] - Registered Pluggable Module: [file_loader] 'Universal File Loader' (Order: 10)
[2026-08-05 00:06:19] [WARNING] [ARGUS_AI:plugin_manager.py:30] - Module 'db_connectors' is being re-registered.
[2026-08-05 00:06:19] [INFO] [ARGUS_AI:plugin_manager.py:34] - Registered Pluggable Module: [db_connectors] 'Database Connectors' (Order: 20)
[2026-08-05 00:06:19] [WARNING] [ARGUS_AI:plugin_manager.py:30] - Module 'ocr_engine' is being re-registered.
[2026-08-05 00:06:19] [INFO] [ARGUS_AI:plugin_manager.py:34] - Registered Pluggable Module: [ocr_engine] 'OCR & Document Extractor' (Order: 30)
[2026-08-05 00:06:19] [WARNING] [ARGUS_AI:plugin_manager.py:30] - Module 'data_cleaning' is being re-registered.
[2026-08-05 00:06:19] [INFO] [ARGUS_AI:plugin_manager.py:34] - Registered Pluggable Module: [data_cleaning] 'Data Cleaning Engine' (Order: 40)
[2026-08-05 00:06:19] [WARNING] [ARGUS_AI:plugin_manager.py:30] - Module 'data_profiling' is being re-registered.
[2026-08-05 00:06:19] [INFO] [ARGUS_AI:plugin_manager.py:34] - Registered Pluggable Module: [data_profiling] 'Data Profiling Engine' (Order: 50)
[2026-08-05 00:06:19] [WARNING] [ARGUS_AI:plugin_manager.py:30] - Module 'analytics_engine' is being re-registered.
[2026-08-05 00:06:19] [INFO] [ARGUS_AI:plugin_manager.py:34] - Registered Pluggable Module: [analytics_engine] 'Analytics & Forecasting' (Order: 60)
[2026-08-05 00:06:19] [WARNING] [ARGUS_AI:plugin_manager.py:30] - Module 'visualization_engine' is being re-registered.
[2026-08-05 00:06:19] [INFO] [ARGUS_AI:plugin_manager.py:34] - Registered Pluggable Module: [visualization_engine] 'Visualization Engine' (Order: 70)
[2026-08-05 00:06:19] [WARNING] [ARGUS_AI:plugin_manager.py:30] - Module 'settings' is being re-registered.
[2026-08-05 00:06:19] [INFO] [ARGUS_AI:plugin_manager.py:34] - Registered Pluggable Module: [settings] 'Platform Settings' (Order: 999)
[2026-08-05 00:06:20] [WARNING] [ARGUS_AI:plugin_manager.py:30] - Module 'home' is being re-registered.
[2026-08-05 00:06:20] [INFO] [ARGUS_AI:plugin_manager.py:34] - Registered Pluggable Module: [home] 'Home Dashboard' (Order: 1)
[2026-08-05 00:06:20] [WARNING] [ARGUS_AI:plugin_manager.py:30] - Module 'file_loader' is being re-registered.
[2026-08-05 00:06:20] [INFO] [ARGUS_AI:plugin_manager.py:34] - Registered Pluggable Module: [file_loader] 'Universal File Loader' (Order: 10)
[2026-08-05 00:06:20] [WARNING] [ARGUS_AI:plugin_manager.py:30] - Module 'db_connectors' is being re-registered.
[2026-08-05 00:06:20] [INFO] [ARGUS_AI:plugin_manager.py:34] - Registered Pluggable Module: [db_connectors] 'Database Connectors' (Order: 20)
[2026-08-05 00:06:20] [WARNING] [ARGUS_AI:plugin_manager.py:30] - Module 'ocr_engine' is being re-registered.
[2026-08-05 00:06:20] [INFO] [ARGUS_AI:plugin_manager.py:34] - Registered Pluggable Module: [ocr_engine] 'OCR & Document Extractor' (Order: 30)
[2026-08-05 00:06:20] [WARNING] [ARGUS_AI:plugin_manager.py:30] - Module 'data_cleaning' is being re-registered.
[2026-08-05 00:06:20] [INFO] [ARGUS_AI:plugin_manager.py:34] - Registered Pluggable Module: [data_cleaning] 'Data Cleaning Engine' (Order: 40)
[2026-08-05 00:06:20] [WARNING] [ARGUS_AI:plugin_manager.py:30] - Module 'data_profiling' is being re-registered.
[2026-08-05 00:06:20] [INFO] [ARGUS_AI:plugin_manager.py:34] - Registered Pluggable Module: [data_profiling] 'Data Profiling Engine' (Order: 50)
[2026-08-05 00:06:20] [WARNING] [ARGUS_AI:plugin_manager.py:30] - Module 'analytics_engine' is being re-registered.
[2026-08-05 00:06:20] [INFO] [ARGUS_AI:plugin_manager.py:34] - Registered Pluggable Module: [analytics_engine] 'Analytics & Forecasting' (Order: 60)
[2026-08-05 00:06:20] [WARNING] [ARGUS_AI:plugin_manager.py:30] - Module 'visualization_engine' is being re-registered.
[2026-08-05 00:06:20] [INFO] [ARGUS_AI:plugin_manager.py:34] - Registered Pluggable Module: [visualization_engine] 'Visualization Engine' (Order: 70)
[2026-08-05 00:06:20] [WARNING] [ARGUS_AI:plugin_manager.py:30] - Module 'settings' is being re-registered.
[2026-08-05 00:06:20] [INFO] [ARGUS_AI:plugin_manager.py:34] - Registered Pluggable Module: [settings] 'Platform Settings' (Order: 999)
[2026-08-05 00:06:23] [WARNING] [ARGUS_AI:plugin_manager.py:30] - Module 'home' is being re-registered.
[2026-08-05 00:06:23] [INFO] [ARGUS_AI:plugin_manager.py:34] - Registered Pluggable Module: [home] 'Home Dashboard' (Order: 1)
[2026-08-05 00:06:23] [WARNING] [ARGUS_AI:plugin_manager.py:30] - Module 'file_loader' is being re-registered.
[2026-08-05 00:06:23] [INFO] [ARGUS_AI:plugin_manager.py:34] - Registered Pluggable Module: [file_loader] 'Universal File Loader' (Order: 10)
[2026-08-05 00:06:23] [WARNING] [ARGUS_AI:plugin_manager.py:30] - Module 'db_connectors' is being re-registered.
[2026-08-05 00:06:23] [INFO] [ARGUS_AI:plugin_manager.py:34] - Registered Pluggable Module: [db_connectors] 'Database Connectors' (Order: 20)
[2026-08-05 00:06:23] [WARNING] [ARGUS_AI:plugin_manager.py:30] - Module 'ocr_engine' is being re-registered.
[2026-08-05 00:06:23] [INFO] [ARGUS_AI:plugin_manager.py:34] - Registered Pluggable Module: [ocr_engine] 'OCR & Document Extractor' (Order: 30)
[2026-08-05 00:06:23] [WARNING] [ARGUS_AI:plugin_manager.py:30] - Module 'data_cleaning' is being re-registered.
[2026-08-05 00:06:23] [INFO] [ARGUS_AI:plugin_manager.py:34] - Registered Pluggable Module: [data_cleaning] 'Data Cleaning Engine' (Order: 40)
[2026-08-05 00:06:23] [WARNING] [ARGUS_AI:plugin_manager.py:30] - Module 'data_profiling' is being re-registered.
[2026-08-05 00:06:23] [INFO] [ARGUS_AI:plugin_manager.py:34] - Registered Pluggable Module: [data_profiling] 'Data Profiling Engine' (Order: 50)
[2026-08-05 00:06:23] [WARNING] [ARGUS_AI:plugin_manager.py:30] - Module 'analytics_engine' is being re-registered.
[2026-08-05 00:06:23] [INFO] [ARGUS_AI:plugin_manager.py:34] - Registered Pluggable Module: [analytics_engine] 'Analytics & Forecasting' (Order: 60)
[2026-08-05 00:06:23] [WARNING] [ARGUS_AI:plugin_manager.py:30] - Module 'visualization_engine' is being re-registered.
[2026-08-05 00:06:23] [INFO] [ARGUS_AI:plugin_manager.py:34] - Registered Pluggable Module: [visualization_engine] 'Visualization Engine' (Order: 70)
[2026-08-05 00:06:23] [WARNING] [ARGUS_AI:plugin_manager.py:30] - Module 'settings' is being re-registered.
[2026-08-05 00:06:23] [INFO] [ARGUS_AI:plugin_manager.py:34] - Registered Pluggable Module: [settings] 'Platform Settings' (Order: 999)
[2026-08-05 00:06:23] [WARNING] [ARGUS_AI:plugin_manager.py:30] - Module 'home' is being re-registered.
[2026-08-05 00:06:23] [INFO] [ARGUS_AI:plugin_manager.py:34] - Registered Pluggable Module: [home] 'Home Dashboard' (Order: 1)
[2026-08-05 00:06:23] [WARNING] [ARGUS_AI:plugin_manager.py:30] - Module 'file_loader' is being re-registered.
[2026-08-05 00:06:23] [INFO] [ARGUS_AI:plugin_manager.py:34] - Registered Pluggable Module: [file_loader] 'Universal File Loader' (Order: 10)
[2026-08-05 00:06:23] [WARNING] [ARGUS_AI:plugin_manager.py:30] - Module 'db_connectors' is being re-registered.
[2026-08-05 00:06:23] [INFO] [ARGUS_AI:plugin_manager.py:34] - Registered Pluggable Module: [db_connectors] 'Database Connectors' (Order: 20)
[2026-08-05 00:06:23] [WARNING] [ARGUS_AI:plugin_manager.py:30] - Module 'ocr_engine' is being re-registered.
[2026-08-05 00:06:23] [INFO] [ARGUS_AI:plugin_manager.py:34] - Registered Pluggable Module: [ocr_engine] 'OCR & Document Extractor' (Order: 30)
[2026-08-05 00:06:23] [WARNING] [ARGUS_AI:plugin_manager.py:30] - Module 'data_cleaning' is being re-registered.
[2026-08-05 00:06:23] [INFO] [ARGUS_AI:plugin_manager.py:34] - Registered Pluggable Module: [data_cleaning] 'Data Cleaning Engine' (Order: 40)
[2026-08-05 00:06:23] [WARNING] [ARGUS_AI:plugin_manager.py:30] - Module 'data_profiling' is being re-registered.
[2026-08-05 00:06:23] [INFO] [ARGUS_AI:plugin_manager.py:34] - Registered Pluggable Module: [data_profiling] 'Data Profiling Engine' (Order: 50)
[2026-08-05 00:06:23] [WARNING] [ARGUS_AI:plugin_manager.py:30] - Module 'analytics_engine' is being re-registered.
[2026-08-05 00:06:23] [INFO] [ARGUS_AI:plugin_manager.py:34] - Registered Pluggable Module: [analytics_engine] 'Analytics & Forecasting' (Order: 60)
[2026-08-05 00:06:23] [WARNING] [ARGUS_AI:plugin_manager.py:30] - Module 'visualization_engine' is being re-registered.
[2026-08-05 00:06:23] [INFO] [ARGUS_AI:plugin_manager.py:34] - Registered Pluggable Module: [visualization_engine] 'Visualization Engine' (Order: 70)
[2026-08-05 00:06:23] [WARNING] [ARGUS_AI:plugin_manager.py:30] - Module 'settings' is being re-registered.
[2026-08-05 00:06:23] [INFO] [ARGUS_AI:plugin_manager.py:34] - Registered Pluggable Module: [settings] 'Platform Settings' (Order: 999)
[2026-08-11 08:57:47] [INFO] [ARGUS_AI:logger.py:88] - ARGUS AI Logger initialized successfully.
[2026-08-11 08:58:02] [INFO] [ARGUS_AI:database.py:44] - Initializing Database Engine targeting: sqlite:///C:\Users\VAISHNAVI\.gemini\antigravity\scratch\argus_ai\data\argus_enterprise.db
[2026-08-11 08:58:02] [INFO] [ARGUS_AI:database.py:59] - Database Manager initialized and tables created.
[2026-08-11 08:58:03] [INFO] [ARGUS_AI:plugin_manager.py:34] - Registered Pluggable Module: [home] 'Home Dashboard' (Order: 1)
[2026-08-11 08:58:03] [INFO] [ARGUS_AI:plugin_manager.py:34] - Registered Pluggable Module: [file_loader] 'Universal File Loader' (Order: 10)
[2026-08-11 08:58:03] [INFO] [ARGUS_AI:plugin_manager.py:34] - Registered Pluggable Module: [db_connectors] 'Database Connectors' (Order: 20)
[2026-08-11 08:58:03] [INFO] [ARGUS_AI:plugin_manager.py:34] - Registered Pluggable Module: [ocr_engine] 'OCR & Document Extractor' (Order: 30)
[2026-08-11 08:58:03] [INFO] [ARGUS_AI:plugin_manager.py:34] - Registered Pluggable Module: [data_cleaning] 'Data Cleaning Engine' (Order: 40)
[2026-08-11 08:58:03] [INFO] [ARGUS_AI:plugin_manager.py:34] - Registered Pluggable Module: [data_profiling] 'Data Profiling Engine' (Order: 50)
[2026-08-11 08:58:03] [INFO] [ARGUS_AI:plugin_manager.py:34] - Registered Pluggable Module: [analytics_engine] 'Analytics & Forecasting' (Order: 60)
[2026-08-11 08:58:03] [INFO] [ARGUS_AI:plugin_manager.py:34] - Registered Pluggable Module: [visualization_engine] 'Visualization Engine' (Order: 70)
[2026-08-11 08:58:03] [INFO] [ARGUS_AI:plugin_manager.py:34] - Registered Pluggable Module: [settings] 'Platform Settings' (Order: 999)
[2026-08-11 08:58:49] [WARNING] [ARGUS_AI:plugin_manager.py:30] - Module 'home' is being re-registered.
[2026-08-11 08:58:49] [INFO] [ARGUS_AI:plugin_manager.py:34] - Registered Pluggable Module: [home] 'Home Dashboard' (Order: 1)
[2026-08-11 08:58:49] [WARNING] [ARGUS_AI:plugin_manager.py:30] - Module 'file_loader' is being re-registered.
[2026-08-11 08:58:49] [INFO] [ARGUS_AI:plugin_manager.py:34] - Registered Pluggable Module: [file_loader] 'Universal File Loader' (Order: 10)
[2026-08-11 08:58:49] [WARNING] [ARGUS_AI:plugin_manager.py:30] - Module 'db_connectors' is being re-registered.
[2026-08-11 08:58:49] [INFO] [ARGUS_AI:plugin_manager.py:34] - Registered Pluggable Module: [db_connectors] 'Database Connectors' (Order: 20)
[2026-08-11 08:58:49] [WARNING] [ARGUS_AI:plugin_manager.py:30] - Module 'ocr_engine' is being re-registered.
[2026-08-11 08:58:49] [INFO] [ARGUS_AI:plugin_manager.py:34] - Registered Pluggable Module: [ocr_engine] 'OCR & Document Extractor' (Order: 30)
[2026-08-11 08:58:49] [WARNING] [ARGUS_AI:plugin_manager.py:30] - Module 'data_cleaning' is being re-registered.
[2026-08-11 08:58:49] [INFO] [ARGUS_AI:plugin_manager.py:34] - Registered Pluggable Module: [data_cleaning] 'Data Cleaning Engine' (Order: 40)
[2026-08-11 08:58:49] [WARNING] [ARGUS_AI:plugin_manager.py:30] - Module 'data_profiling' is being re-registered.
[2026-08-11 08:58:49] [INFO] [ARGUS_AI:plugin_manager.py:34] - Registered Pluggable Module: [data_profiling] 'Data Profiling Engine' (Order: 50)
[2026-08-11 08:58:49] [WARNING] [ARGUS_AI:plugin_manager.py:30] - Module 'analytics_engine' is being re-registered.
[2026-08-11 08:58:49] [INFO] [ARGUS_AI:plugin_manager.py:34] - Registered Pluggable Module: [analytics_engine] 'Analytics & Forecasting' (Order: 60)
[2026-08-11 08:58:49] [WARNING] [ARGUS_AI:plugin_manager.py:30] - Module 'visualization_engine' is being re-registered.
[2026-08-11 08:58:49] [INFO] [ARGUS_AI:plugin_manager.py:34] - Registered Pluggable Module: [visualization_engine] 'Visualization Engine' (Order: 70)
[2026-08-11 08:58:49] [WARNING] [ARGUS_AI:plugin_manager.py:30] - Module 'settings' is being re-registered.
[2026-08-11 08:58:49] [INFO] [ARGUS_AI:plugin_manager.py:34] - Registered Pluggable Module: [settings] 'Platform Settings' (Order: 999)
[2026-08-11 08:58:49] [WARNING] [ARGUS_AI:plugin_manager.py:30] - Module 'home' is being re-registered.
[2026-08-11 08:58:49] [INFO] [ARGUS_AI:plugin_manager.py:34] - Registered Pluggable Module: [home] 'Home Dashboard' (Order: 1)
[2026-08-11 08:58:49] [WARNING] [ARGUS_AI:plugin_manager.py:30] - Module 'file_loader' is being re-registered.
[2026-08-11 08:58:49] [INFO] [ARGUS_AI:plugin_manager.py:34] - Registered Pluggable Module: [file_loader] 'Universal File Loader' (Order: 10)
[2026-08-11 08:58:49] [WARNING] [ARGUS_AI:plugin_manager.py:30] - Module 'db_connectors' is being re-registered.
[2026-08-11 08:58:49] [INFO] [ARGUS_AI:plugin_manager.py:34] - Registered Pluggable Module: [db_connectors] 'Database Connectors' (Order: 20)
[2026-08-11 08:58:49] [WARNING] [ARGUS_AI:plugin_manager.py:30] - Module 'ocr_engine' is being re-registered.
[2026-08-11 08:58:49] [INFO] [ARGUS_AI:plugin_manager.py:34] - Registered Pluggable Module: [ocr_engine] 'OCR & Document Extractor' (Order: 30)
[2026-08-11 08:58:49] [WARNING] [ARGUS_AI:plugin_manager.py:30] - Module 'data_cleaning' is being re-registered.
[2026-08-11 08:58:49] [INFO] [ARGUS_AI:plugin_manager.py:34] - Registered Pluggable Module: [data_cleaning] 'Data Cleaning Engine' (Order: 40)
[2026-08-11 08:58:49] [WARNING] [ARGUS_AI:plugin_manager.py:30] - Module 'data_profiling' is being re-registered.
[2026-08-11 08:58:49] [INFO] [ARGUS_AI:plugin_manager.py:34] - Registered Pluggable Module: [data_profiling] 'Data Profiling Engine' (Order: 50)
[2026-08-11 08:58:49] [WARNING] [ARGUS_AI:plugin_manager.py:30] - Module 'analytics_engine' is being re-registered.
[2026-08-11 08:58:49] [INFO] [ARGUS_AI:plugin_manager.py:34] - Registered Pluggable Module: [analytics_engine] 'Analytics & Forecasting' (Order: 60)
[2026-08-11 08:58:49] [WARNING] [ARGUS_AI:plugin_manager.py:30] - Module 'visualization_engine' is being re-registered.
[2026-08-11 08:58:49] [INFO] [ARGUS_AI:plugin_manager.py:34] - Registered Pluggable Module: [visualization_engine] 'Visualization Engine' (Order: 70)
[2026-08-11 08:58:49] [WARNING] [ARGUS_AI:plugin_manager.py:30] - Module 'settings' is being re-registered.
[2026-08-11 08:58:49] [INFO] [ARGUS_AI:plugin_manager.py:34] - Registered Pluggable Module: [settings] 'Platform Settings' (Order: 999)
[2026-08-11 08:58:50] [WARNING] [ARGUS_AI:plugin_manager.py:30] - Module 'home' is being re-registered.
[2026-08-11 08:58:50] [INFO] [ARGUS_AI:plugin_manager.py:34] - Registered Pluggable Module: [home] 'Home Dashboard' (Order: 1)
[2026-08-11 08:58:50] [WARNING] [ARGUS_AI:plugin_manager.py:30] - Module 'file_loader' is being re-registered.
[2026-08-11 08:58:50] [INFO] [ARGUS_AI:plugin_manager.py:34] - Registered Pluggable Module: [file_loader] 'Universal File Loader' (Order: 10)
[2026-08-11 08:58:50] [WARNING] [ARGUS_AI:plugin_manager.py:30] - Module 'db_connectors' is being re-registered.
[2026-08-11 08:58:50] [INFO] [ARGUS_AI:plugin_manager.py:34] - Registered Pluggable Module: [db_connectors] 'Database Connectors' (Order: 20)
[2026-08-11 08:58:50] [WARNING] [ARGUS_AI:plugin_manager.py:30] - Module 'ocr_engine' is being re-registered.
[2026-08-11 08:58:50] [INFO] [ARGUS_AI:plugin_manager.py:34] - Registered Pluggable Module: [ocr_engine] 'OCR & Document Extractor' (Order: 30)
[2026-08-11 08:58:50] [WARNING] [ARGUS_AI:plugin_manager.py:30] - Module 'data_cleaning' is being re-registered.
[2026-08-11 08:58:50] [INFO] [ARGUS_AI:plugin_manager.py:34] - Registered Pluggable Module: [data_cleaning] 'Data Cleaning Engine' (Order: 40)
[2026-08-11 08:58:50] [WARNING] [ARGUS_AI:plugin_manager.py:30] - Module 'data_profiling' is being re-registered.
[2026-08-11 08:58:50] [INFO] [ARGUS_AI:plugin_manager.py:34] - Registered Pluggable Module: [data_profiling] 'Data Profiling Engine' (Order: 50)
[2026-08-11 08:58:50] [WARNING] [ARGUS_AI:plugin_manager.py:30] - Module 'analytics_engine' is being re-registered.
[2026-08-11 08:58:50] [INFO] [ARGUS_AI:plugin_manager.py:34] - Registered Pluggable Module: [analytics_engine] 'Analytics & Forecasting' (Order: 60)
[2026-08-11 08:58:50] [WARNING] [ARGUS_AI:plugin_manager.py:30] - Module 'visualization_engine' is being re-registered.
[2026-08-11 08:58:50] [INFO] [ARGUS_AI:plugin_manager.py:34] - Registered Pluggable Module: [visualization_engine] 'Visualization Engine' (Order: 70)
[2026-08-11 08:58:50] [WARNING] [ARGUS_AI:plugin_manager.py:30] - Module 'settings' is being re-registered.
[2026-08-11 08:58:50] [INFO] [ARGUS_AI:plugin_manager.py:34] - Registered Pluggable Module: [settings] 'Platform Settings' (Order: 999)
[2026-08-11 08:58:51] [WARNING] [ARGUS_AI:plugin_manager.py:30] - Module 'home' is being re-registered.
[2026-08-11 08:58:51] [INFO] [ARGUS_AI:plugin_manager.py:34] - Registered Pluggable Module: [home] 'Home Dashboard' (Order: 1)
[2026-08-11 08:58:51] [WARNING] [ARGUS_AI:plugin_manager.py:30] - Module 'file_loader' is being re-registered.
[2026-08-11 08:58:51] [INFO] [ARGUS_AI:plugin_manager.py:34] - Registered Pluggable Module: [file_loader] 'Universal File Loader' (Order: 10)
[2026-08-11 08:58:51] [WARNING] [ARGUS_AI:plugin_manager.py:30] - Module 'db_connectors' is being re-registered.
[2026-08-11 08:58:51] [INFO] [ARGUS_AI:plugin_manager.py:34] - Registered Pluggable Module: [db_connectors] 'Database Connectors' (Order: 20)
[2026-08-11 08:58:51] [WARNING] [ARGUS_AI:plugin_manager.py:30] - Module 'ocr_engine' is being re-registered.
[2026-08-11 08:58:51] [INFO] [ARGUS_AI:plugin_manager.py:34] - Registered Pluggable Module: [ocr_engine] 'OCR & Document Extractor' (Order: 30)
[2026-08-11 08:58:51] [WARNING] [ARGUS_AI:plugin_manager.py:30] - Module 'data_cleaning' is being re-registered.
[2026-08-11 08:58:51] [INFO] [ARGUS_AI:plugin_manager.py:34] - Registered Pluggable Module: [data_cleaning] 'Data Cleaning Engine' (Order: 40)
[2026-08-11 08:58:51] [WARNING] [ARGUS_AI:plugin_manager.py:30] - Module 'data_profiling' is being re-registered.
[2026-08-11 08:58:51] [INFO] [ARGUS_AI:plugin_manager.py:34] - Registered Pluggable Module: [data_profiling] 'Data Profiling Engine' (Order: 50)
[2026-08-11 08:58:51] [WARNING] [ARGUS_AI:plugin_manager.py:30] - Module 'analytics_engine' is being re-registered.
[2026-08-11 08:58:51] [INFO] [ARGUS_AI:plugin_manager.py:34] - Registered Pluggable Module: [analytics_engine] 'Analytics & Forecasting' (Order: 60)
[2026-08-11 08:58:51] [WARNING] [ARGUS_AI:plugin_manager.py:30] - Module 'visualization_engine' is being re-registered.
[2026-08-11 08:58:51] [INFO] [ARGUS_AI:plugin_manager.py:34] - Registered Pluggable Module: [visualization_engine] 'Visualization Engine' (Order: 70)
[2026-08-11 08:58:51] [WARNING] [ARGUS_AI:plugin_manager.py:30] - Module 'settings' is being re-registered.
[2026-08-11 08:58:51] [INFO] [ARGUS_AI:plugin_manager.py:34] - Registered Pluggable Module: [settings] 'Platform Settings' (Order: 999)
[2026-08-11 09:10:23] [WARNING] [ARGUS_AI:plugin_manager.py:30] - Module 'home' is being re-registered.
[2026-08-11 09:10:23] [INFO] [ARGUS_AI:plugin_manager.py:34] - Registered Pluggable Module: [home] 'Home Dashboard' (Order: 1)
[2026-08-11 09:10:23] [WARNING] [ARGUS_AI:plugin_manager.py:30] - Module 'file_loader' is being re-registered.
[2026-08-11 09:10:23] [INFO] [ARGUS_AI:plugin_manager.py:34] - Registered Pluggable Module: [file_loader] 'Universal File Loader' (Order: 10)
[2026-08-11 09:10:23] [WARNING] [ARGUS_AI:plugin_manager.py:30] - Module 'db_connectors' is being re-registered.
[2026-08-11 09:10:23] [INFO] [ARGUS_AI:plugin_manager.py:34] - Registered Pluggable Module: [db_connectors] 'Database Connectors' (Order: 20)
[2026-08-11 09:10:23] [WARNING] [ARGUS_AI:plugin_manager.py:30] - Module 'ocr_engine' is being re-registered.
[2026-08-11 09:10:23] [INFO] [ARGUS_AI:plugin_manager.py:34] - Registered Pluggable Module: [ocr_engine] 'OCR & Document Extractor' (Order: 30)
[2026-08-11 09:10:23] [WARNING] [ARGUS_AI:plugin_manager.py:30] - Module 'data_cleaning' is being re-registered.
[2026-08-11 09:10:23] [INFO] [ARGUS_AI:plugin_manager.py:34] - Registered Pluggable Module: [data_cleaning] 'Data Cleaning Engine' (Order: 40)
[2026-08-11 09:10:23] [WARNING] [ARGUS_AI:plugin_manager.py:30] - Module 'data_profiling' is being re-registered.
[2026-08-11 09:10:23] [INFO] [ARGUS_AI:plugin_manager.py:34] - Registered Pluggable Module: [data_profiling] 'Data Profiling Engine' (Order: 50)
[2026-08-11 09:10:23] [WARNING] [ARGUS_AI:plugin_manager.py:30] - Module 'analytics_engine' is being re-registered.
[2026-08-11 09:10:23] [INFO] [ARGUS_AI:plugin_manager.py:34] - Registered Pluggable Module: [analytics_engine] 'Analytics & Forecasting' (Order: 60)
[2026-08-11 09:10:23] [WARNING] [ARGUS_AI:plugin_manager.py:30] - Module 'visualization_engine' is being re-registered.
[2026-08-11 09:10:23] [INFO] [ARGUS_AI:plugin_manager.py:34] - Registered Pluggable Module: [visualization_engine] 'Visualization Engine' (Order: 70)
[2026-08-11 09:10:23] [WARNING] [ARGUS_AI:plugin_manager.py:30] - Module 'settings' is being re-registered.
[2026-08-11 09:10:23] [INFO] [ARGUS_AI:plugin_manager.py:34] - Registered Pluggable Module: [settings] 'Platform Settings' (Order: 999)
[2026-08-11 09:10:23] [WARNING] [ARGUS_AI:plugin_manager.py:30] - Module 'home' is being re-registered.
[2026-08-11 09:10:23] [INFO] [ARGUS_AI:plugin_manager.py:34] - Registered Pluggable Module: [home] 'Home Dashboard' (Order: 1)
[2026-08-11 09:10:23] [WARNING] [ARGUS_AI:plugin_manager.py:30] - Module 'file_loader' is being re-registered.
[2026-08-11 09:10:23] [INFO] [ARGUS_AI:plugin_manager.py:34] - Registered Pluggable Module: [file_loader] 'Universal File Loader' (Order: 10)
[2026-08-11 09:10:23] [WARNING] [ARGUS_AI:plugin_manager.py:30] - Module 'db_connectors' is being re-registered.
[2026-08-11 09:10:23] [INFO] [ARGUS_AI:plugin_manager.py:34] - Registered Pluggable Module: [db_connectors] 'Database Connectors' (Order: 20)
[2026-08-11 09:10:23] [WARNING] [ARGUS_AI:plugin_manager.py:30] - Module 'ocr_engine' is being re-registered.
[2026-08-11 09:10:23] [INFO] [ARGUS_AI:plugin_manager.py:34] - Registered Pluggable Module: [ocr_engine] 'OCR & Document Extractor' (Order: 30)
[2026-08-11 09:10:23] [WARNING] [ARGUS_AI:plugin_manager.py:30] - Module 'data_cleaning' is being re-registered.
[2026-08-11 09:10:23] [INFO] [ARGUS_AI:plugin_manager.py:34] - Registered Pluggable Module: [data_cleaning] 'Data Cleaning Engine' (Order: 40)
[2026-08-11 09:10:23] [WARNING] [ARGUS_AI:plugin_manager.py:30] - Module 'data_profiling' is being re-registered.
[2026-08-11 09:10:23] [INFO] [ARGUS_AI:plugin_manager.py:34] - Registered Pluggable Module: [data_profiling] 'Data Profiling Engine' (Order: 50)
[2026-08-11 09:10:23] [WARNING] [ARGUS_AI:plugin_manager.py:30] - Module 'analytics_engine' is being re-registered.
[2026-08-11 09:10:23] [INFO] [ARGUS_AI:plugin_manager.py:34] - Registered Pluggable Module: [analytics_engine] 'Analytics & Forecasting' (Order: 60)
[2026-08-11 09:10:23] [WARNING] [ARGUS_AI:plugin_manager.py:30] - Module 'visualization_engine' is being re-registered.
[2026-08-11 09:10:23] [INFO] [ARGUS_AI:plugin_manager.py:34] - Registered Pluggable Module: [visualization_engine] 'Visualization Engine' (Order: 70)
[2026-08-11 09:10:23] [WARNING] [ARGUS_AI:plugin_manager.py:30] - Module 'settings' is being re-registered.
[2026-08-11 09:10:23] [INFO] [ARGUS_AI:plugin_manager.py:34] - Registered Pluggable Module: [settings] 'Platform Settings' (Order: 999)
[2026-08-11 09:11:17] [WARNING] [ARGUS_AI:plugin_manager.py:30] - Module 'home' is being re-registered.
[2026-08-11 09:11:17] [INFO] [ARGUS_AI:plugin_manager.py:34] - Registered Pluggable Module: [home] 'Home Dashboard' (Order: 1)
[2026-08-11 09:11:17] [WARNING] [ARGUS_AI:plugin_manager.py:30] - Module 'file_loader' is being re-registered.
[2026-08-11 09:11:17] [INFO] [ARGUS_AI:plugin_manager.py:34] - Registered Pluggable Module: [file_loader] 'Universal File Loader' (Order: 10)
[2026-08-11 09:11:17] [WARNING] [ARGUS_AI:plugin_manager.py:30] - Module 'db_connectors' is being re-registered.
[2026-08-11 09:11:17] [INFO] [ARGUS_AI:plugin_manager.py:34] - Registered Pluggable Module: [db_connectors] 'Database Connectors' (Order: 20)
[2026-08-11 09:11:17] [WARNING] [ARGUS_AI:plugin_manager.py:30] - Module 'ocr_engine' is being re-registered.
[2026-08-11 09:11:17] [INFO] [ARGUS_AI:plugin_manager.py:34] - Registered Pluggable Module: [ocr_engine] 'OCR & Document Extractor' (Order: 30)
[2026-08-11 09:11:17] [WARNING] [ARGUS_AI:plugin_manager.py:30] - Module 'data_cleaning' is being re-registered.
[2026-08-11 09:11:17] [INFO] [ARGUS_AI:plugin_manager.py:34] - Registered Pluggable Module: [data_cleaning] 'Data Cleaning Engine' (Order: 40)
[2026-08-11 09:11:17] [WARNING] [ARGUS_AI:plugin_manager.py:30] - Module 'data_profiling' is being re-registered.
[2026-08-11 09:11:17] [INFO] [ARGUS_AI:plugin_manager.py:34] - Registered Pluggable Module: [data_profiling] 'Data Profiling Engine' (Order: 50)
[2026-08-11 09:11:17] [WARNING] [ARGUS_AI:plugin_manager.py:30] - Module 'analytics_engine' is being re-registered.
[2026-08-11 09:11:17] [INFO] [ARGUS_AI:plugin_manager.py:34] - Registered Pluggable Module: [analytics_engine] 'Analytics & Forecasting' (Order: 60)
[2026-08-11 09:11:17] [WARNING] [ARGUS_AI:plugin_manager.py:30] - Module 'visualization_engine' is being re-registered.
[2026-08-11 09:11:17] [INFO] [ARGUS_AI:plugin_manager.py:34] - Registered Pluggable Module: [visualization_engine] 'Visualization Engine' (Order: 70)
[2026-08-11 09:11:17] [WARNING] [ARGUS_AI:plugin_manager.py:30] - Module 'settings' is being re-registered.
[2026-08-11 09:11:17] [INFO] [ARGUS_AI:plugin_manager.py:34] - Registered Pluggable Module: [settings] 'Platform Settings' (Order: 999)
[2026-08-11 09:11:17] [WARNING] [ARGUS_AI:plugin_manager.py:30] - Module 'home' is being re-registered.
[2026-08-11 09:11:17] [INFO] [ARGUS_AI:plugin_manager.py:34] - Registered Pluggable Module: [home] 'Home Dashboard' (Order: 1)
[2026-08-11 09:11:17] [WARNING] [ARGUS_AI:plugin_manager.py:30] - Module 'file_loader' is being re-registered.
[2026-08-11 09:11:17] [INFO] [ARGUS_AI:plugin_manager.py:34] - Registered Pluggable Module: [file_loader] 'Universal File Loader' (Order: 10)
[2026-08-11 09:11:17] [WARNING] [ARGUS_AI:plugin_manager.py:30] - Module 'db_connectors' is being re-registered.
[2026-08-11 09:11:17] [INFO] [ARGUS_AI:plugin_manager.py:34] - Registered Pluggable Module: [db_connectors] 'Database Connectors' (Order: 20)
[2026-08-11 09:11:17] [WARNING] [ARGUS_AI:plugin_manager.py:30] - Module 'ocr_engine' is being re-registered.
[2026-08-11 09:11:17] [INFO] [ARGUS_AI:plugin_manager.py:34] - Registered Pluggable Module: [ocr_engine] 'OCR & Document Extractor' (Order: 30)
[2026-08-11 09:11:17] [WARNING] [ARGUS_AI:plugin_manager.py:30] - Module 'data_cleaning' is being re-registered.
[2026-08-11 09:11:17] [INFO] [ARGUS_AI:plugin_manager.py:34] - Registered Pluggable Module: [data_cleaning] 'Data Cleaning Engine' (Order: 40)
[2026-08-11 09:11:17] [WARNING] [ARGUS_AI:plugin_manager.py:30] - Module 'data_profiling' is being re-registered.
[2026-08-11 09:11:17] [INFO] [ARGUS_AI:plugin_manager.py:34] - Registered Pluggable Module: [data_profiling] 'Data Profiling Engine' (Order: 50)
[2026-08-11 09:11:17] [WARNING] [ARGUS_AI:plugin_manager.py:30] - Module 'analytics_engine' is being re-registered.
[2026-08-11 09:11:17] [INFO] [ARGUS_AI:plugin_manager.py:34] - Registered Pluggable Module: [analytics_engine] 'Analytics & Forecasting' (Order: 60)
[2026-08-11 09:11:17] [WARNING] [ARGUS_AI:plugin_manager.py:30] - Module 'visualization_engine' is being re-registered.
[2026-08-11 09:11:17] [INFO] [ARGUS_AI:plugin_manager.py:34] - Registered Pluggable Module: [visualization_engine] 'Visualization Engine' (Order: 70)
[2026-08-11 09:11:17] [WARNING] [ARGUS_AI:plugin_manager.py:30] - Module 'settings' is being re-registered.
[2026-08-11 09:11:17] [INFO] [ARGUS_AI:plugin_manager.py:34] - Registered Pluggable Module: [settings] 'Platform Settings' (Order: 999)
[2026-08-11 09:12:00] [WARNING] [ARGUS_AI:plugin_manager.py:30] - Module 'home' is being re-registered.
[2026-08-11 09:12:00] [INFO] [ARGUS_AI:plugin_manager.py:34] - Registered Pluggable Module: [home] 'Home Dashboard' (Order: 1)
[2026-08-11 09:12:00] [WARNING] [ARGUS_AI:plugin_manager.py:30] - Module 'file_loader' is being re-registered.
[2026-08-11 09:12:00] [INFO] [ARGUS_AI:plugin_manager.py:34] - Registered Pluggable Module: [file_loader] 'Universal File Loader' (Order: 10)
[2026-08-11 09:12:00] [WARNING] [ARGUS_AI:plugin_manager.py:30] - Module 'db_connectors' is being re-registered.
[2026-08-11 09:12:00] [INFO] [ARGUS_AI:plugin_manager.py:34] - Registered Pluggable Module: [db_connectors] 'Database Connectors' (Order: 20)
[2026-08-11 09:12:00] [WARNING] [ARGUS_AI:plugin_manager.py:30] - Module 'ocr_engine' is being re-registered.
[2026-08-11 09:12:00] [INFO] [ARGUS_AI:plugin_manager.py:34] - Registered Pluggable Module: [ocr_engine] 'OCR & Document Extractor' (Order: 30)
[2026-08-11 09:12:00] [WARNING] [ARGUS_AI:plugin_manager.py:30] - Module 'data_cleaning' is being re-registered.
[2026-08-11 09:12:00] [INFO] [ARGUS_AI:plugin_manager.py:34] - Registered Pluggable Module: [data_cleaning] 'Data Cleaning Engine' (Order: 40)
[2026-08-11 09:12:00] [WARNING] [ARGUS_AI:plugin_manager.py:30] - Module 'data_profiling' is being re-registered.
[2026-08-11 09:12:00] [INFO] [ARGUS_AI:plugin_manager.py:34] - Registered Pluggable Module: [data_profiling] 'Data Profiling Engine' (Order: 50)
[2026-08-11 09:12:00] [WARNING] [ARGUS_AI:plugin_manager.py:30] - Module 'analytics_engine' is being re-registered.
[2026-08-11 09:12:00] [INFO] [ARGUS_AI:plugin_manager.py:34] - Registered Pluggable Module: [analytics_engine] 'Analytics & Forecasting' (Order: 60)
[2026-08-11 09:12:00] [WARNING] [ARGUS_AI:plugin_manager.py:30] - Module 'visualization_engine' is being re-registered.
[2026-08-11 09:12:00] [INFO] [ARGUS_AI:plugin_manager.py:34] - Registered Pluggable Module: [visualization_engine] 'Visualization Engine' (Order: 70)
[2026-08-11 09:12:00] [WARNING] [ARGUS_AI:plugin_manager.py:30] - Module 'settings' is being re-registered.
[2026-08-11 09:12:00] [INFO] [ARGUS_AI:plugin_manager.py:34] - Registered Pluggable Module: [settings] 'Platform Settings' (Order: 999)
[2026-08-11 09:12:00] [WARNING] [ARGUS_AI:plugin_manager.py:30] - Module 'home' is being re-registered.
[2026-08-11 09:12:00] [INFO] [ARGUS_AI:plugin_manager.py:34] - Registered Pluggable Module: [home] 'Home Dashboard' (Order: 1)
[2026-08-11 09:12:00] [WARNING] [ARGUS_AI:plugin_manager.py:30] - Module 'file_loader' is being re-registered.
[2026-08-11 09:12:00] [INFO] [ARGUS_AI:plugin_manager.py:34] - Registered Pluggable Module: [file_loader] 'Universal File Loader' (Order: 10)
[2026-08-11 09:12:00] [WARNING] [ARGUS_AI:plugin_manager.py:30] - Module 'db_connectors' is being re-registered.
[2026-08-11 09:12:00] [INFO] [ARGUS_AI:plugin_manager.py:34] - Registered Pluggable Module: [db_connectors] 'Database Connectors' (Order: 20)
[2026-08-11 09:12:00] [WARNING] [ARGUS_AI:plugin_manager.py:30] - Module 'ocr_engine' is being re-registered.
[2026-08-11 09:12:00] [INFO] [ARGUS_AI:plugin_manager.py:34] - Registered Pluggable Module: [ocr_engine] 'OCR & Document Extractor' (Order: 30)
[2026-08-11 09:12:00] [WARNING] [ARGUS_AI:plugin_manager.py:30] - Module 'data_cleaning' is being re-registered.
[2026-08-11 09:12:00] [INFO] [ARGUS_AI:plugin_manager.py:34] - Registered Pluggable Module: [data_cleaning] 'Data Cleaning Engine' (Order: 40)
[2026-08-11 09:12:00] [WARNING] [ARGUS_AI:plugin_manager.py:30] - Module 'data_profiling' is being re-registered.
[2026-08-11 09:12:00] [INFO] [ARGUS_AI:plugin_manager.py:34] - Registered Pluggable Module: [data_profiling] 'Data Profiling Engine' (Order: 50)
[2026-08-11 09:12:00] [WARNING] [ARGUS_AI:plugin_manager.py:30] - Module 'analytics_engine' is being re-registered.
[2026-08-11 09:12:00] [INFO] [ARGUS_AI:plugin_manager.py:34] - Registered Pluggable Module: [analytics_engine] 'Analytics & Forecasting' (Order: 60)
[2026-08-11 09:12:00] [WARNING] [ARGUS_AI:plugin_manager.py:30] - Module 'visualization_engine' is being re-registered.
[2026-08-11 09:12:00] [INFO] [ARGUS_AI:plugin_manager.py:34] - Registered Pluggable Module: [visualization_engine] 'Visualization Engine' (Order: 70)
[2026-08-11 09:12:00] [WARNING] [ARGUS_AI:plugin_manager.py:30] - Module 'settings' is being re-registered.
[2026-08-11 09:12:00] [INFO] [ARGUS_AI:plugin_manager.py:34] - Registered Pluggable Module: [settings] 'Platform Settings' (Order: 999)
[2026-08-11 09:12:33] [WARNING] [ARGUS_AI:plugin_manager.py:30] - Module 'home' is being re-registered.
[2026-08-11 09:12:33] [INFO] [ARGUS_AI:plugin_manager.py:34] - Registered Pluggable Module: [home] 'Home Dashboard' (Order: 1)
[2026-08-11 09:12:33] [WARNING] [ARGUS_AI:plugin_manager.py:30] - Module 'file_loader' is being re-registered.
[2026-08-11 09:12:33] [INFO] [ARGUS_AI:plugin_manager.py:34] - Registered Pluggable Module: [file_loader] 'Universal File Loader' (Order: 10)
[2026-08-11 09:12:33] [WARNING] [ARGUS_AI:plugin_manager.py:30] - Module 'db_connectors' is being re-registered.
[2026-08-11 09:12:33] [INFO] [ARGUS_AI:plugin_manager.py:34] - Registered Pluggable Module: [db_connectors] 'Database Connectors' (Order: 20)
[2026-08-11 09:12:33] [WARNING] [ARGUS_AI:plugin_manager.py:30] - Module 'ocr_engine' is being re-registered.
[2026-08-11 09:12:33] [INFO] [ARGUS_AI:plugin_manager.py:34] - Registered Pluggable Module: [ocr_engine] 'OCR & Document Extractor' (Order: 30)
[2026-08-11 09:12:33] [WARNING] [ARGUS_AI:plugin_manager.py:30] - Module 'data_cleaning' is being re-registered.
[2026-08-11 09:12:33] [INFO] [ARGUS_AI:plugin_manager.py:34] - Registered Pluggable Module: [data_cleaning] 'Data Cleaning Engine' (Order: 40)
[2026-08-11 09:12:33] [WARNING] [ARGUS_AI:plugin_manager.py:30] - Module 'data_profiling' is being re-registered.
[2026-08-11 09:12:33] [INFO] [ARGUS_AI:plugin_manager.py:34] - Registered Pluggable Module: [data_profiling] 'Data Profiling Engine' (Order: 50)
[2026-08-11 09:12:33] [WARNING] [ARGUS_AI:plugin_manager.py:30] - Module 'analytics_engine' is being re-registered.
[2026-08-11 09:12:33] [INFO] [ARGUS_AI:plugin_manager.py:34] - Registered Pluggable Module: [analytics_engine] 'Analytics & Forecasting' (Order: 60)
[2026-08-11 09:12:33] [WARNING] [ARGUS_AI:plugin_manager.py:30] - Module 'visualization_engine' is being re-registered.
[2026-08-11 09:12:33] [INFO] [ARGUS_AI:plugin_manager.py:34] - Registered Pluggable Module: [visualization_engine] 'Visualization Engine' (Order: 70)
[2026-08-11 09:12:33] [WARNING] [ARGUS_AI:plugin_manager.py:30] - Module 'settings' is being re-registered.
[2026-08-11 09:12:33] [INFO] [ARGUS_AI:plugin_manager.py:34] - Registered Pluggable Module: [settings] 'Platform Settings' (Order: 999)
[2026-08-11 09:12:33] [WARNING] [ARGUS_AI:plugin_manager.py:30] - Module 'home' is being re-registered.
[2026-08-11 09:12:33] [INFO] [ARGUS_AI:plugin_manager.py:34] - Registered Pluggable Module: [home] 'Home Dashboard' (Order: 1)
[2026-08-11 09:12:33] [WARNING] [ARGUS_AI:plugin_manager.py:30] - Module 'file_loader' is being re-registered.
[2026-08-11 09:12:33] [INFO] [ARGUS_AI:plugin_manager.py:34] - Registered Pluggable Module: [file_loader] 'Universal File Loader' (Order: 10)
[2026-08-11 09:12:33] [WARNING] [ARGUS_AI:plugin_manager.py:30] - Module 'db_connectors' is being re-registered.
[2026-08-11 09:12:33] [INFO] [ARGUS_AI:plugin_manager.py:34] - Registered Pluggable Module: [db_connectors] 'Database Connectors' (Order: 20)
[2026-08-11 09:12:33] [WARNING] [ARGUS_AI:plugin_manager.py:30] - Module 'ocr_engine' is being re-registered.
[2026-08-11 09:12:33] [INFO] [ARGUS_AI:plugin_manager.py:34] - Registered Pluggable Module: [ocr_engine] 'OCR & Document Extractor' (Order: 30)
[2026-08-11 09:12:33] [WARNING] [ARGUS_AI:plugin_manager.py:30] - Module 'data_cleaning' is being re-registered.
[2026-08-11 09:12:33] [INFO] [ARGUS_AI:plugin_manager.py:34] - Registered Pluggable Module: [data_cleaning] 'Data Cleaning Engine' (Order: 40)
[2026-08-11 09:12:33] [WARNING] [ARGUS_AI:plugin_manager.py:30] - Module 'data_profiling' is being re-registered.
[2026-08-11 09:12:33] [INFO] [ARGUS_AI:plugin_manager.py:34] - Registered Pluggable Module: [data_profiling] 'Data Profiling Engine' (Order: 50)
[2026-08-11 09:12:33] [WARNING] [ARGUS_AI:plugin_manager.py:30] - Module 'analytics_engine' is being re-registered.
[2026-08-11 09:12:33] [INFO] [ARGUS_AI:plugin_manager.py:34] - Registered Pluggable Module: [analytics_engine] 'Analytics & Forecasting' (Order: 60)
[2026-08-11 09:12:33] [WARNING] [ARGUS_AI:plugin_manager.py:30] - Module 'visualization_engine' is being re-registered.
[2026-08-11 09:12:33] [INFO] [ARGUS_AI:plugin_manager.py:34] - Registered Pluggable Module: [visualization_engine] 'Visualization Engine' (Order: 70)
[2026-08-11 09:12:33] [WARNING] [ARGUS_AI:plugin_manager.py:30] - Module 'settings' is being re-registered.
[2026-08-11 09:12:33] [INFO] [ARGUS_AI:plugin_manager.py:34] - Registered Pluggable Module: [settings] 'Platform Settings' (Order: 999)
[2026-08-11 09:13:07] [WARNING] [ARGUS_AI:plugin_manager.py:30] - Module 'home' is being re-registered.
[2026-08-11 09:13:07] [INFO] [ARGUS_AI:plugin_manager.py:34] - Registered Pluggable Module: [home] 'Home Dashboard' (Order: 1)
[2026-08-11 09:13:07] [WARNING] [ARGUS_AI:plugin_manager.py:30] - Module 'file_loader' is being re-registered.
[2026-08-11 09:13:07] [INFO] [ARGUS_AI:plugin_manager.py:34] - Registered Pluggable Module: [file_loader] 'Universal File Loader' (Order: 10)
[2026-08-11 09:13:07] [WARNING] [ARGUS_AI:plugin_manager.py:30] - Module 'db_connectors' is being re-registered.
[2026-08-11 09:13:07] [INFO] [ARGUS_AI:plugin_manager.py:34] - Registered Pluggable Module: [db_connectors] 'Database Connectors' (Order: 20)
[2026-08-11 09:13:07] [WARNING] [ARGUS_AI:plugin_manager.py:30] - Module 'ocr_engine' is being re-registered.
[2026-08-11 09:13:07] [INFO] [ARGUS_AI:plugin_manager.py:34] - Registered Pluggable Module: [ocr_engine] 'OCR & Document Extractor' (Order: 30)
[2026-08-11 09:13:07] [WARNING] [ARGUS_AI:plugin_manager.py:30] - Module 'data_cleaning' is being re-registered.
[2026-08-11 09:13:07] [INFO] [ARGUS_AI:plugin_manager.py:34] - Registered Pluggable Module: [data_cleaning] 'Data Cleaning Engine' (Order: 40)
[2026-08-11 09:13:07] [WARNING] [ARGUS_AI:plugin_manager.py:30] - Module 'data_profiling' is being re-registered.
[2026-08-11 09:13:07] [INFO] [ARGUS_AI:plugin_manager.py:34] - Registered Pluggable Module: [data_profiling] 'Data Profiling Engine' (Order: 50)
[2026-08-11 09:13:07] [WARNING] [ARGUS_AI:plugin_manager.py:30] - Module 'analytics_engine' is being re-registered.
[2026-08-11 09:13:07] [INFO] [ARGUS_AI:plugin_manager.py:34] - Registered Pluggable Module: [analytics_engine] 'Analytics & Forecasting' (Order: 60)
[2026-08-11 09:13:07] [WARNING] [ARGUS_AI:plugin_manager.py:30] - Module 'visualization_engine' is being re-registered.
[2026-08-11 09:13:07] [INFO] [ARGUS_AI:plugin_manager.py:34] - Registered Pluggable Module: [visualization_engine] 'Visualization Engine' (Order: 70)
[2026-08-11 09:13:07] [WARNING] [ARGUS_AI:plugin_manager.py:30] - Module 'settings' is being re-registered.
[2026-08-11 09:13:07] [INFO] [ARGUS_AI:plugin_manager.py:34] - Registered Pluggable Module: [settings] 'Platform Settings' (Order: 999)
[2026-08-11 09:13:51] [WARNING] [ARGUS_AI:plugin_manager.py:30] - Module 'home' is being re-registered.
[2026-08-11 09:13:51] [INFO] [ARGUS_AI:plugin_manager.py:34] - Registered Pluggable Module: [home] 'Home Dashboard' (Order: 1)
[2026-08-11 09:13:51] [WARNING] [ARGUS_AI:plugin_manager.py:30] - Module 'file_loader' is being re-registered.
[2026-08-11 09:13:51] [INFO] [ARGUS_AI:plugin_manager.py:34] - Registered Pluggable Module: [file_loader] 'Universal File Loader' (Order: 10)
[2026-08-11 09:13:51] [WARNING] [ARGUS_AI:plugin_manager.py:30] - Module 'db_connectors' is being re-registered.
[2026-08-11 09:13:51] [INFO] [ARGUS_AI:plugin_manager.py:34] - Registered Pluggable Module: [db_connectors] 'Database Connectors' (Order: 20)
[2026-08-11 09:13:51] [WARNING] [ARGUS_AI:plugin_manager.py:30] - Module 'ocr_engine' is being re-registered.
[2026-08-11 09:13:51] [INFO] [ARGUS_AI:plugin_manager.py:34] - Registered Pluggable Module: [ocr_engine] 'OCR & Document Extractor' (Order: 30)
[2026-08-11 09:13:51] [WARNING] [ARGUS_AI:plugin_manager.py:30] - Module 'data_cleaning' is being re-registered.
[2026-08-11 09:13:51] [INFO] [ARGUS_AI:plugin_manager.py:34] - Registered Pluggable Module: [data_cleaning] 'Data Cleaning Engine' (Order: 40)
[2026-08-11 09:13:51] [WARNING] [ARGUS_AI:plugin_manager.py:30] - Module 'data_profiling' is being re-registered.
[2026-08-11 09:13:51] [INFO] [ARGUS_AI:plugin_manager.py:34] - Registered Pluggable Module: [data_profiling] 'Data Profiling Engine' (Order: 50)
[2026-08-11 09:13:51] [WARNING] [ARGUS_AI:plugin_manager.py:30] - Module 'analytics_engine' is being re-registered.
[2026-08-11 09:13:51] [INFO] [ARGUS_AI:plugin_manager.py:34] - Registered Pluggable Module: [analytics_engine] 'Analytics & Forecasting' (Order: 60)
[2026-08-11 09:13:51] [WARNING] [ARGUS_AI:plugin_manager.py:30] - Module 'visualization_engine' is being re-registered.
[2026-08-11 09:13:51] [INFO] [ARGUS_AI:plugin_manager.py:34] - Registered Pluggable Module: [visualization_engine] 'Visualization Engine' (Order: 70)
[2026-08-11 09:13:51] [WARNING] [ARGUS_AI:plugin_manager.py:30] - Module 'settings' is being re-registered.
[2026-08-11 09:13:51] [INFO] [ARGUS_AI:plugin_manager.py:34] - Registered Pluggable Module: [settings] 'Platform Settings' (Order: 999)
[2026-08-11 09:13:51] [INFO] [ARGUS_AI:file_service.py:46] - Ingesting file 'Inzone_-_July_2026__3_.xlsx' (830046 bytes, type 'xlsx')
[2026-08-11 09:14:57] [WARNING] [ARGUS_AI:plugin_manager.py:30] - Module 'home' is being re-registered.
[2026-08-11 09:14:57] [INFO] [ARGUS_AI:plugin_manager.py:34] - Registered Pluggable Module: [home] 'Home Dashboard' (Order: 1)
[2026-08-11 09:14:57] [WARNING] [ARGUS_AI:plugin_manager.py:30] - Module 'file_loader' is being re-registered.
[2026-08-11 09:14:57] [INFO] [ARGUS_AI:plugin_manager.py:34] - Registered Pluggable Module: [file_loader] 'Universal File Loader' (Order: 10)
[2026-08-11 09:14:57] [WARNING] [ARGUS_AI:plugin_manager.py:30] - Module 'db_connectors' is being re-registered.
[2026-08-11 09:14:57] [INFO] [ARGUS_AI:plugin_manager.py:34] - Registered Pluggable Module: [db_connectors] 'Database Connectors' (Order: 20)
[2026-08-11 09:14:57] [WARNING] [ARGUS_AI:plugin_manager.py:30] - Module 'ocr_engine' is being re-registered.
[2026-08-11 09:14:57] [INFO] [ARGUS_AI:plugin_manager.py:34] - Registered Pluggable Module: [ocr_engine] 'OCR & Document Extractor' (Order: 30)
[2026-08-11 09:14:57] [WARNING] [ARGUS_AI:plugin_manager.py:30] - Module 'data_cleaning' is being re-registered.
[2026-08-11 09:14:57] [INFO] [ARGUS_AI:plugin_manager.py:34] - Registered Pluggable Module: [data_cleaning] 'Data Cleaning Engine' (Order: 40)
[2026-08-11 09:14:57] [WARNING] [ARGUS_AI:plugin_manager.py:30] - Module 'data_profiling' is being re-registered.
[2026-08-11 09:14:57] [INFO] [ARGUS_AI:plugin_manager.py:34] - Registered Pluggable Module: [data_profiling] 'Data Profiling Engine' (Order: 50)
[2026-08-11 09:14:57] [WARNING] [ARGUS_AI:plugin_manager.py:30] - Module 'analytics_engine' is being re-registered.
[2026-08-11 09:14:57] [INFO] [ARGUS_AI:plugin_manager.py:34] - Registered Pluggable Module: [analytics_engine] 'Analytics & Forecasting' (Order: 60)
[2026-08-11 09:14:57] [WARNING] [ARGUS_AI:plugin_manager.py:30] - Module 'visualization_engine' is being re-registered.
[2026-08-11 09:14:57] [INFO] [ARGUS_AI:plugin_manager.py:34] - Registered Pluggable Module: [visualization_engine] 'Visualization Engine' (Order: 70)
[2026-08-11 09:14:57] [WARNING] [ARGUS_AI:plugin_manager.py:30] - Module 'settings' is being re-registered.
[2026-08-11 09:14:57] [INFO] [ARGUS_AI:plugin_manager.py:34] - Registered Pluggable Module: [settings] 'Platform Settings' (Order: 999)
[2026-08-11 09:14:57] [WARNING] [ARGUS_AI:plugin_manager.py:30] - Module 'home' is being re-registered.
[2026-08-11 09:14:57] [INFO] [ARGUS_AI:plugin_manager.py:34] - Registered Pluggable Module: [home] 'Home Dashboard' (Order: 1)
[2026-08-11 09:14:57] [WARNING] [ARGUS_AI:plugin_manager.py:30] - Module 'file_loader' is being re-registered.
[2026-08-11 09:14:57] [INFO] [ARGUS_AI:plugin_manager.py:34] - Registered Pluggable Module: [file_loader] 'Universal File Loader' (Order: 10)
[2026-08-11 09:14:57] [WARNING] [ARGUS_AI:plugin_manager.py:30] - Module 'db_connectors' is being re-registered.
[2026-08-11 09:14:57] [INFO] [ARGUS_AI:plugin_manager.py:34] - Registered Pluggable Module: [db_connectors] 'Database Connectors' (Order: 20)
[2026-08-11 09:14:57] [WARNING] [ARGUS_AI:plugin_manager.py:30] - Module 'ocr_engine' is being re-registered.
[2026-08-11 09:14:57] [INFO] [ARGUS_AI:plugin_manager.py:34] - Registered Pluggable Module: [ocr_engine] 'OCR & Document Extractor' (Order: 30)
[2026-08-11 09:14:57] [WARNING] [ARGUS_AI:plugin_manager.py:30] - Module 'data_cleaning' is being re-registered.
[2026-08-11 09:14:57] [INFO] [ARGUS_AI:plugin_manager.py:34] - Registered Pluggable Module: [data_cleaning] 'Data Cleaning Engine' (Order: 40)
[2026-08-11 09:14:57] [WARNING] [ARGUS_AI:plugin_manager.py:30] - Module 'data_profiling' is being re-registered.
[2026-08-11 09:14:57] [INFO] [ARGUS_AI:plugin_manager.py:34] - Registered Pluggable Module: [data_profiling] 'Data Profiling Engine' (Order: 50)
[2026-08-11 09:14:57] [WARNING] [ARGUS_AI:plugin_manager.py:30] - Module 'analytics_engine' is being re-registered.
[2026-08-11 09:14:57] [INFO] [ARGUS_AI:plugin_manager.py:34] - Registered Pluggable Module: [analytics_engine] 'Analytics & Forecasting' (Order: 60)
[2026-08-11 09:14:57] [WARNING] [ARGUS_AI:plugin_manager.py:30] - Module 'visualization_engine' is being re-registered.
[2026-08-11 09:14:57] [INFO] [ARGUS_AI:plugin_manager.py:34] - Registered Pluggable Module: [visualization_engine] 'Visualization Engine' (Order: 70)
[2026-08-11 09:14:57] [WARNING] [ARGUS_AI:plugin_manager.py:30] - Module 'settings' is being re-registered.
[2026-08-11 09:14:57] [INFO] [ARGUS_AI:plugin_manager.py:34] - Registered Pluggable Module: [settings] 'Platform Settings' (Order: 999)
[2026-08-11 09:15:55] [WARNING] [ARGUS_AI:plugin_manager.py:30] - Module 'home' is being re-registered.
[2026-08-11 09:15:55] [INFO] [ARGUS_AI:plugin_manager.py:34] - Registered Pluggable Module: [home] 'Home Dashboard' (Order: 1)
[2026-08-11 09:15:55] [WARNING] [ARGUS_AI:plugin_manager.py:30] - Module 'file_loader' is being re-registered.
[2026-08-11 09:15:55] [INFO] [ARGUS_AI:plugin_manager.py:34] - Registered Pluggable Module: [file_loader] 'Universal File Loader' (Order: 10)
[2026-08-11 09:15:55] [WARNING] [ARGUS_AI:plugin_manager.py:30] - Module 'db_connectors' is being re-registered.
[2026-08-11 09:15:55] [INFO] [ARGUS_AI:plugin_manager.py:34] - Registered Pluggable Module: [db_connectors] 'Database Connectors' (Order: 20)
[2026-08-11 09:15:55] [WARNING] [ARGUS_AI:plugin_manager.py:30] - Module 'ocr_engine' is being re-registered.
[2026-08-11 09:15:55] [INFO] [ARGUS_AI:plugin_manager.py:34] - Registered Pluggable Module: [ocr_engine] 'OCR & Document Extractor' (Order: 30)
[2026-08-11 09:15:55] [WARNING] [ARGUS_AI:plugin_manager.py:30] - Module 'data_cleaning' is being re-registered.
[2026-08-11 09:15:55] [INFO] [ARGUS_AI:plugin_manager.py:34] - Registered Pluggable Module: [data_cleaning] 'Data Cleaning Engine' (Order: 40)
[2026-08-11 09:15:55] [WARNING] [ARGUS_AI:plugin_manager.py:30] - Module 'data_profiling' is being re-registered.
[2026-08-11 09:15:55] [INFO] [ARGUS_AI:plugin_manager.py:34] - Registered Pluggable Module: [data_profiling] 'Data Profiling Engine' (Order: 50)
[2026-08-11 09:15:55] [WARNING] [ARGUS_AI:plugin_manager.py:30] - Module 'analytics_engine' is being re-registered.
[2026-08-11 09:15:55] [INFO] [ARGUS_AI:plugin_manager.py:34] - Registered Pluggable Module: [analytics_engine] 'Analytics & Forecasting' (Order: 60)
[2026-08-11 09:15:55] [WARNING] [ARGUS_AI:plugin_manager.py:30] - Module 'visualization_engine' is being re-registered.
[2026-08-11 09:15:55] [INFO] [ARGUS_AI:plugin_manager.py:34] - Registered Pluggable Module: [visualization_engine] 'Visualization Engine' (Order: 70)
[2026-08-11 09:15:55] [WARNING] [ARGUS_AI:plugin_manager.py:30] - Module 'settings' is being re-registered.
[2026-08-11 09:15:55] [INFO] [ARGUS_AI:plugin_manager.py:34] - Registered Pluggable Module: [settings] 'Platform Settings' (Order: 999)
[2026-08-11 09:15:55] [WARNING] [ARGUS_AI:plugin_manager.py:30] - Module 'home' is being re-registered.
[2026-08-11 09:15:55] [INFO] [ARGUS_AI:plugin_manager.py:34] - Registered Pluggable Module: [home] 'Home Dashboard' (Order: 1)
[2026-08-11 09:15:55] [WARNING] [ARGUS_AI:plugin_manager.py:30] - Module 'file_loader' is being re-registered.
[2026-08-11 09:15:55] [INFO] [ARGUS_AI:plugin_manager.py:34] - Registered Pluggable Module: [file_loader] 'Universal File Loader' (Order: 10)
[2026-08-11 09:15:55] [WARNING] [ARGUS_AI:plugin_manager.py:30] - Module 'db_connectors' is being re-registered.
[2026-08-11 09:15:55] [INFO] [ARGUS_AI:plugin_manager.py:34] - Registered Pluggable Module: [db_connectors] 'Database Connectors' (Order: 20)
[2026-08-11 09:15:55] [WARNING] [ARGUS_AI:plugin_manager.py:30] - Module 'ocr_engine' is being re-registered.
[2026-08-11 09:15:55] [INFO] [ARGUS_AI:plugin_manager.py:34] - Registered Pluggable Module: [ocr_engine] 'OCR & Document Extractor' (Order: 30)
[2026-08-11 09:15:55] [WARNING] [ARGUS_AI:plugin_manager.py:30] - Module 'data_cleaning' is being re-registered.
[2026-08-11 09:15:55] [INFO] [ARGUS_AI:plugin_manager.py:34] - Registered Pluggable Module: [data_cleaning] 'Data Cleaning Engine' (Order: 40)
[2026-08-11 09:15:55] [WARNING] [ARGUS_AI:plugin_manager.py:30] - Module 'data_profiling' is being re-registered.
[2026-08-11 09:15:55] [INFO] [ARGUS_AI:plugin_manager.py:34] - Registered Pluggable Module: [data_profiling] 'Data Profiling Engine' (Order: 50)
[2026-08-11 09:15:55] [WARNING] [ARGUS_AI:plugin_manager.py:30] - Module 'analytics_engine' is being re-registered.
[2026-08-11 09:15:55] [INFO] [ARGUS_AI:plugin_manager.py:34] - Registered Pluggable Module: [analytics_engine] 'Analytics & Forecasting' (Order: 60)
[2026-08-11 09:15:55] [WARNING] [ARGUS_AI:plugin_manager.py:30] - Module 'visualization_engine' is being re-registered.
[2026-08-11 09:15:55] [INFO] [ARGUS_AI:plugin_manager.py:34] - Registered Pluggable Module: [visualization_engine] 'Visualization Engine' (Order: 70)
[2026-08-11 09:15:55] [WARNING] [ARGUS_AI:plugin_manager.py:30] - Module 'settings' is being re-registered.
[2026-08-11 09:15:55] [INFO] [ARGUS_AI:plugin_manager.py:34] - Registered Pluggable Module: [settings] 'Platform Settings' (Order: 999)
[2026-08-11 09:16:57] [WARNING] [ARGUS_AI:plugin_manager.py:30] - Module 'home' is being re-registered.
[2026-08-11 09:16:57] [INFO] [ARGUS_AI:plugin_manager.py:34] - Registered Pluggable Module: [home] 'Home Dashboard' (Order: 1)
[2026-08-11 09:16:57] [WARNING] [ARGUS_AI:plugin_manager.py:30] - Module 'file_loader' is being re-registered.
[2026-08-11 09:16:57] [INFO] [ARGUS_AI:plugin_manager.py:34] - Registered Pluggable Module: [file_loader] 'Universal File Loader' (Order: 10)
[2026-08-11 09:16:57] [WARNING] [ARGUS_AI:plugin_manager.py:30] - Module 'db_connectors' is being re-registered.
[2026-08-11 09:16:57] [INFO] [ARGUS_AI:plugin_manager.py:34] - Registered Pluggable Module: [db_connectors] 'Database Connectors' (Order: 20)
[2026-08-11 09:16:57] [WARNING] [ARGUS_AI:plugin_manager.py:30] - Module 'ocr_engine' is being re-registered.
[2026-08-11 09:16:57] [INFO] [ARGUS_AI:plugin_manager.py:34] - Registered Pluggable Module: [ocr_engine] 'OCR & Document Extractor' (Order: 30)
[2026-08-11 09:16:57] [WARNING] [ARGUS_AI:plugin_manager.py:30] - Module 'data_cleaning' is being re-registered.
[2026-08-11 09:16:57] [INFO] [ARGUS_AI:plugin_manager.py:34] - Registered Pluggable Module: [data_cleaning] 'Data Cleaning Engine' (Order: 40)
[2026-08-11 09:16:57] [WARNING] [ARGUS_AI:plugin_manager.py:30] - Module 'data_profiling' is being re-registered.
[2026-08-11 09:16:57] [INFO] [ARGUS_AI:plugin_manager.py:34] - Registered Pluggable Module: [data_profiling] 'Data Profiling Engine' (Order: 50)
[2026-08-11 09:16:57] [WARNING] [ARGUS_AI:plugin_manager.py:30] - Module 'analytics_engine' is being re-registered.
[2026-08-11 09:16:57] [INFO] [ARGUS_AI:plugin_manager.py:34] - Registered Pluggable Module: [analytics_engine] 'Analytics & Forecasting' (Order: 60)
[2026-08-11 09:16:57] [WARNING] [ARGUS_AI:plugin_manager.py:30] - Module 'visualization_engine' is being re-registered.
[2026-08-11 09:16:57] [INFO] [ARGUS_AI:plugin_manager.py:34] - Registered Pluggable Module: [visualization_engine] 'Visualization Engine' (Order: 70)
[2026-08-11 09:16:57] [WARNING] [ARGUS_AI:plugin_manager.py:30] - Module 'settings' is being re-registered.
[2026-08-11 09:16:57] [INFO] [ARGUS_AI:plugin_manager.py:34] - Registered Pluggable Module: [settings] 'Platform Settings' (Order: 999)
[2026-08-11 09:16:57] [WARNING] [ARGUS_AI:plugin_manager.py:30] - Module 'home' is being re-registered.
[2026-08-11 09:16:57] [INFO] [ARGUS_AI:plugin_manager.py:34] - Registered Pluggable Module: [home] 'Home Dashboard' (Order: 1)
[2026-08-11 09:16:57] [WARNING] [ARGUS_AI:plugin_manager.py:30] - Module 'file_loader' is being re-registered.
[2026-08-11 09:16:57] [INFO] [ARGUS_AI:plugin_manager.py:34] - Registered Pluggable Module: [file_loader] 'Universal File Loader' (Order: 10)
[2026-08-11 09:16:57] [WARNING] [ARGUS_AI:plugin_manager.py:30] - Module 'db_connectors' is being re-registered.
[2026-08-11 09:16:57] [INFO] [ARGUS_AI:plugin_manager.py:34] - Registered Pluggable Module: [db_connectors] 'Database Connectors' (Order: 20)
[2026-08-11 09:16:57] [WARNING] [ARGUS_AI:plugin_manager.py:30] - Module 'ocr_engine' is being re-registered.
[2026-08-11 09:16:57] [INFO] [ARGUS_AI:plugin_manager.py:34] - Registered Pluggable Module: [ocr_engine] 'OCR & Document Extractor' (Order: 30)
[2026-08-11 09:16:57] [WARNING] [ARGUS_AI:plugin_manager.py:30] - Module 'data_cleaning' is being re-registered.
[2026-08-11 09:16:57] [INFO] [ARGUS_AI:plugin_manager.py:34] - Registered Pluggable Module: [data_cleaning] 'Data Cleaning Engine' (Order: 40)
[2026-08-11 09:16:57] [WARNING] [ARGUS_AI:plugin_manager.py:30] - Module 'data_profiling' is being re-registered.
[2026-08-11 09:16:57] [INFO] [ARGUS_AI:plugin_manager.py:34] - Registered Pluggable Module: [data_profiling] 'Data Profiling Engine' (Order: 50)
[2026-08-11 09:16:57] [WARNING] [ARGUS_AI:plugin_manager.py:30] - Module 'analytics_engine' is being re-registered.
[2026-08-11 09:16:57] [INFO] [ARGUS_AI:plugin_manager.py:34] - Registered Pluggable Module: [analytics_engine] 'Analytics & Forecasting' (Order: 60)
[2026-08-11 09:16:57] [WARNING] [ARGUS_AI:plugin_manager.py:30] - Module 'visualization_engine' is being re-registered.
[2026-08-11 09:16:57] [INFO] [ARGUS_AI:plugin_manager.py:34] - Registered Pluggable Module: [visualization_engine] 'Visualization Engine' (Order: 70)
[2026-08-11 09:16:57] [WARNING] [ARGUS_AI:plugin_manager.py:30] - Module 'settings' is being re-registered.
[2026-08-11 09:16:57] [INFO] [ARGUS_AI:plugin_manager.py:34] - Registered Pluggable Module: [settings] 'Platform Settings' (Order: 999)
[2026-08-11 09:17:25] [WARNING] [ARGUS_AI:plugin_manager.py:30] - Module 'home' is being re-registered.
[2026-08-11 09:17:25] [INFO] [ARGUS_AI:plugin_manager.py:34] - Registered Pluggable Module: [home] 'Home Dashboard' (Order: 1)
[2026-08-11 09:17:25] [WARNING] [ARGUS_AI:plugin_manager.py:30] - Module 'file_loader' is being re-registered.
[2026-08-11 09:17:25] [INFO] [ARGUS_AI:plugin_manager.py:34] - Registered Pluggable Module: [file_loader] 'Universal File Loader' (Order: 10)
[2026-08-11 09:17:25] [WARNING] [ARGUS_AI:plugin_manager.py:30] - Module 'db_connectors' is being re-registered.
[2026-08-11 09:17:25] [INFO] [ARGUS_AI:plugin_manager.py:34] - Registered Pluggable Module: [db_connectors] 'Database Connectors' (Order: 20)
[2026-08-11 09:17:25] [WARNING] [ARGUS_AI:plugin_manager.py:30] - Module 'ocr_engine' is being re-registered.
[2026-08-11 09:17:25] [INFO] [ARGUS_AI:plugin_manager.py:34] - Registered Pluggable Module: [ocr_engine] 'OCR & Document Extractor' (Order: 30)
[2026-08-11 09:17:25] [WARNING] [ARGUS_AI:plugin_manager.py:30] - Module 'data_cleaning' is being re-registered.
[2026-08-11 09:17:25] [INFO] [ARGUS_AI:plugin_manager.py:34] - Registered Pluggable Module: [data_cleaning] 'Data Cleaning Engine' (Order: 40)
[2026-08-11 09:17:25] [WARNING] [ARGUS_AI:plugin_manager.py:30] - Module 'data_profiling' is being re-registered.
[2026-08-11 09:17:25] [INFO] [ARGUS_AI:plugin_manager.py:34] - Registered Pluggable Module: [data_profiling] 'Data Profiling Engine' (Order: 50)
[2026-08-11 09:17:25] [WARNING] [ARGUS_AI:plugin_manager.py:30] - Module 'analytics_engine' is being re-registered.
[2026-08-11 09:17:25] [INFO] [ARGUS_AI:plugin_manager.py:34] - Registered Pluggable Module: [analytics_engine] 'Analytics & Forecasting' (Order: 60)
[2026-08-11 09:17:25] [WARNING] [ARGUS_AI:plugin_manager.py:30] - Module 'visualization_engine' is being re-registered.
[2026-08-11 09:17:25] [INFO] [ARGUS_AI:plugin_manager.py:34] - Registered Pluggable Module: [visualization_engine] 'Visualization Engine' (Order: 70)
[2026-08-11 09:17:25] [WARNING] [ARGUS_AI:plugin_manager.py:30] - Module 'settings' is being re-registered.
[2026-08-11 09:17:25] [INFO] [ARGUS_AI:plugin_manager.py:34] - Registered Pluggable Module: [settings] 'Platform Settings' (Order: 999)
[2026-08-11 09:17:25] [WARNING] [ARGUS_AI:plugin_manager.py:30] - Module 'home' is being re-registered.
[2026-08-11 09:17:25] [INFO] [ARGUS_AI:plugin_manager.py:34] - Registered Pluggable Module: [home] 'Home Dashboard' (Order: 1)
[2026-08-11 09:17:25] [WARNING] [ARGUS_AI:plugin_manager.py:30] - Module 'file_loader' is being re-registered.
[2026-08-11 09:17:25] [INFO] [ARGUS_AI:plugin_manager.py:34] - Registered Pluggable Module: [file_loader] 'Universal File Loader' (Order: 10)
[2026-08-11 09:17:25] [WARNING] [ARGUS_AI:plugin_manager.py:30] - Module 'db_connectors' is being re-registered.
[2026-08-11 09:17:25] [INFO] [ARGUS_AI:plugin_manager.py:34] - Registered Pluggable Module: [db_connectors] 'Database Connectors' (Order: 20)
[2026-08-11 09:17:25] [WARNING] [ARGUS_AI:plugin_manager.py:30] - Module 'ocr_engine' is being re-registered.
[2026-08-11 09:17:25] [INFO] [ARGUS_AI:plugin_manager.py:34] - Registered Pluggable Module: [ocr_engine] 'OCR & Document Extractor' (Order: 30)
[2026-08-11 09:17:25] [WARNING] [ARGUS_AI:plugin_manager.py:30] - Module 'data_cleaning' is being re-registered.
[2026-08-11 09:17:25] [INFO] [ARGUS_AI:plugin_manager.py:34] - Registered Pluggable Module: [data_cleaning] 'Data Cleaning Engine' (Order: 40)
[2026-08-11 09:17:25] [WARNING] [ARGUS_AI:plugin_manager.py:30] - Module 'data_profiling' is being re-registered.
[2026-08-11 09:17:25] [INFO] [ARGUS_AI:plugin_manager.py:34] - Registered Pluggable Module: [data_profiling] 'Data Profiling Engine' (Order: 50)
[2026-08-11 09:17:25] [WARNING] [ARGUS_AI:plugin_manager.py:30] - Module 'analytics_engine' is being re-registered.
[2026-08-11 09:17:25] [INFO] [ARGUS_AI:plugin_manager.py:34] - Registered Pluggable Module: [analytics_engine] 'Analytics & Forecasting' (Order: 60)
[2026-08-11 09:17:25] [WARNING] [ARGUS_AI:plugin_manager.py:30] - Module 'visualization_engine' is being re-registered.
[2026-08-11 09:17:25] [INFO] [ARGUS_AI:plugin_manager.py:34] - Registered Pluggable Module: [visualization_engine] 'Visualization Engine' (Order: 70)
[2026-08-11 09:17:25] [WARNING] [ARGUS_AI:plugin_manager.py:30] - Module 'settings' is being re-registered.
[2026-08-11 09:17:25] [INFO] [ARGUS_AI:plugin_manager.py:34] - Registered Pluggable Module: [settings] 'Platform Settings' (Order: 999)
[2026-08-11 09:42:56] [WARNING] [ARGUS_AI:plugin_manager.py:30] - Module 'home' is being re-registered.
[2026-08-11 09:42:56] [INFO] [ARGUS_AI:plugin_manager.py:34] - Registered Pluggable Module: [home] 'Home Dashboard' (Order: 1)
[2026-08-11 09:42:56] [WARNING] [ARGUS_AI:plugin_manager.py:30] - Module 'file_loader' is being re-registered.
[2026-08-11 09:42:56] [INFO] [ARGUS_AI:plugin_manager.py:34] - Registered Pluggable Module: [file_loader] 'Universal File Loader' (Order: 10)
[2026-08-11 09:42:56] [WARNING] [ARGUS_AI:plugin_manager.py:30] - Module 'db_connectors' is being re-registered.
[2026-08-11 09:42:56] [INFO] [ARGUS_AI:plugin_manager.py:34] - Registered Pluggable Module: [db_connectors] 'Database Connectors' (Order: 20)
[2026-08-11 09:42:56] [WARNING] [ARGUS_AI:plugin_manager.py:30] - Module 'ocr_engine' is being re-registered.
[2026-08-11 09:42:56] [INFO] [ARGUS_AI:plugin_manager.py:34] - Registered Pluggable Module: [ocr_engine] 'OCR & Document Extractor' (Order: 30)
[2026-08-11 09:42:56] [WARNING] [ARGUS_AI:plugin_manager.py:30] - Module 'data_cleaning' is being re-registered.
[2026-08-11 09:42:56] [INFO] [ARGUS_AI:plugin_manager.py:34] - Registered Pluggable Module: [data_cleaning] 'Data Cleaning Engine' (Order: 40)
[2026-08-11 09:42:56] [WARNING] [ARGUS_AI:plugin_manager.py:30] - Module 'data_profiling' is being re-registered.
[2026-08-11 09:42:56] [INFO] [ARGUS_AI:plugin_manager.py:34] - Registered Pluggable Module: [data_profiling] 'Data Profiling Engine' (Order: 50)
[2026-08-11 09:42:56] [WARNING] [ARGUS_AI:plugin_manager.py:30] - Module 'analytics_engine' is being re-registered.
[2026-08-11 09:42:56] [INFO] [ARGUS_AI:plugin_manager.py:34] - Registered Pluggable Module: [analytics_engine] 'Analytics & Forecasting' (Order: 60)
[2026-08-11 09:42:56] [WARNING] [ARGUS_AI:plugin_manager.py:30] - Module 'visualization_engine' is being re-registered.
[2026-08-11 09:42:56] [INFO] [ARGUS_AI:plugin_manager.py:34] - Registered Pluggable Module: [visualization_engine] 'Visualization Engine' (Order: 70)
[2026-08-11 09:42:56] [WARNING] [ARGUS_AI:plugin_manager.py:30] - Module 'settings' is being re-registered.
[2026-08-11 09:42:56] [INFO] [ARGUS_AI:plugin_manager.py:34] - Registered Pluggable Module: [settings] 'Platform Settings' (Order: 999)
[2026-08-11 09:42:57] [WARNING] [ARGUS_AI:plugin_manager.py:30] - Module 'home' is being re-registered.
[2026-08-11 09:42:57] [INFO] [ARGUS_AI:plugin_manager.py:34] - Registered Pluggable Module: [home] 'Home Dashboard' (Order: 1)
[2026-08-11 09:42:57] [WARNING] [ARGUS_AI:plugin_manager.py:30] - Module 'file_loader' is being re-registered.
[2026-08-11 09:42:57] [INFO] [ARGUS_AI:plugin_manager.py:34] - Registered Pluggable Module: [file_loader] 'Universal File Loader' (Order: 10)
[2026-08-11 09:42:57] [WARNING] [ARGUS_AI:plugin_manager.py:30] - Module 'db_connectors' is being re-registered.
[2026-08-11 09:42:57] [INFO] [ARGUS_AI:plugin_manager.py:34] - Registered Pluggable Module: [db_connectors] 'Database Connectors' (Order: 20)
[2026-08-11 09:42:57] [WARNING] [ARGUS_AI:plugin_manager.py:30] - Module 'ocr_engine' is being re-registered.
[2026-08-11 09:42:57] [INFO] [ARGUS_AI:plugin_manager.py:34] - Registered Pluggable Module: [ocr_engine] 'OCR & Document Extractor' (Order: 30)
[2026-08-11 09:42:57] [WARNING] [ARGUS_AI:plugin_manager.py:30] - Module 'data_cleaning' is being re-registered.
[2026-08-11 09:42:57] [INFO] [ARGUS_AI:plugin_manager.py:34] - Registered Pluggable Module: [data_cleaning] 'Data Cleaning Engine' (Order: 40)
[2026-08-11 09:42:57] [WARNING] [ARGUS_AI:plugin_manager.py:30] - Module 'data_profiling' is being re-registered.
[2026-08-11 09:42:57] [INFO] [ARGUS_AI:plugin_manager.py:34] - Registered Pluggable Module: [data_profiling] 'Data Profiling Engine' (Order: 50)
[2026-08-11 09:42:57] [WARNING] [ARGUS_AI:plugin_manager.py:30] - Module 'analytics_engine' is being re-registered.
[2026-08-11 09:42:57] [INFO] [ARGUS_AI:plugin_manager.py:34] - Registered Pluggable Module: [analytics_engine] 'Analytics & Forecasting' (Order: 60)
[2026-08-11 09:42:57] [WARNING] [ARGUS_AI:plugin_manager.py:30] - Module 'visualization_engine' is being re-registered.
[2026-08-11 09:42:57] [INFO] [ARGUS_AI:plugin_manager.py:34] - Registered Pluggable Module: [visualization_engine] 'Visualization Engine' (Order: 70)
[2026-08-11 09:42:57] [WARNING] [ARGUS_AI:plugin_manager.py:30] - Module 'settings' is being re-registered.
[2026-08-11 09:42:57] [INFO] [ARGUS_AI:plugin_manager.py:34] - Registered Pluggable Module: [settings] 'Platform Settings' (Order: 999)
[2026-08-11 09:43:11] [WARNING] [ARGUS_AI:plugin_manager.py:30] - Module 'home' is being re-registered.
[2026-08-11 09:43:11] [INFO] [ARGUS_AI:plugin_manager.py:34] - Registered Pluggable Module: [home] 'Home Dashboard' (Order: 1)
[2026-08-11 09:43:11] [WARNING] [ARGUS_AI:plugin_manager.py:30] - Module 'file_loader' is being re-registered.
[2026-08-11 09:43:11] [INFO] [ARGUS_AI:plugin_manager.py:34] - Registered Pluggable Module: [file_loader] 'Universal File Loader' (Order: 10)
[2026-08-11 09:43:11] [WARNING] [ARGUS_AI:plugin_manager.py:30] - Module 'db_connectors' is being re-registered.
[2026-08-11 09:43:11] [INFO] [ARGUS_AI:plugin_manager.py:34] - Registered Pluggable Module: [db_connectors] 'Database Connectors' (Order: 20)
[2026-08-11 09:43:11] [WARNING] [ARGUS_AI:plugin_manager.py:30] - Module 'ocr_engine' is being re-registered.
[2026-08-11 09:43:11] [INFO] [ARGUS_AI:plugin_manager.py:34] - Registered Pluggable Module: [ocr_engine] 'OCR & Document Extractor' (Order: 30)
[2026-08-11 09:43:11] [WARNING] [ARGUS_AI:plugin_manager.py:30] - Module 'data_cleaning' is being re-registered.
[2026-08-11 09:43:11] [INFO] [ARGUS_AI:plugin_manager.py:34] - Registered Pluggable Module: [data_cleaning] 'Data Cleaning Engine' (Order: 40)
[2026-08-11 09:43:11] [WARNING] [ARGUS_AI:plugin_manager.py:30] - Module 'data_profiling' is being re-registered.
[2026-08-11 09:43:11] [INFO] [ARGUS_AI:plugin_manager.py:34] - Registered Pluggable Module: [data_profiling] 'Data Profiling Engine' (Order: 50)
[2026-08-11 09:43:11] [WARNING] [ARGUS_AI:plugin_manager.py:30] - Module 'analytics_engine' is being re-registered.
[2026-08-11 09:43:11] [INFO] [ARGUS_AI:plugin_manager.py:34] - Registered Pluggable Module: [analytics_engine] 'Analytics & Forecasting' (Order: 60)
[2026-08-11 09:43:11] [WARNING] [ARGUS_AI:plugin_manager.py:30] - Module 'visualization_engine' is being re-registered.
[2026-08-11 09:43:11] [INFO] [ARGUS_AI:plugin_manager.py:34] - Registered Pluggable Module: [visualization_engine] 'Visualization Engine' (Order: 70)
[2026-08-11 09:43:11] [WARNING] [ARGUS_AI:plugin_manager.py:30] - Module 'settings' is being re-registered.
[2026-08-11 09:43:11] [INFO] [ARGUS_AI:plugin_manager.py:34] - Registered Pluggable Module: [settings] 'Platform Settings' (Order: 999)
[2026-08-11 09:43:11] [WARNING] [ARGUS_AI:plugin_manager.py:30] - Module 'home' is being re-registered.
[2026-08-11 09:43:11] [INFO] [ARGUS_AI:plugin_manager.py:34] - Registered Pluggable Module: [home] 'Home Dashboard' (Order: 1)
[2026-08-11 09:43:11] [WARNING] [ARGUS_AI:plugin_manager.py:30] - Module 'file_loader' is being re-registered.
[2026-08-11 09:43:11] [INFO] [ARGUS_AI:plugin_manager.py:34] - Registered Pluggable Module: [file_loader] 'Universal File Loader' (Order: 10)
[2026-08-11 09:43:11] [WARNING] [ARGUS_AI:plugin_manager.py:30] - Module 'db_connectors' is being re-registered.
[2026-08-11 09:43:11] [INFO] [ARGUS_AI:plugin_manager.py:34] - Registered Pluggable Module: [db_connectors] 'Database Connectors' (Order: 20)
[2026-08-11 09:43:11] [WARNING] [ARGUS_AI:plugin_manager.py:30] - Module 'ocr_engine' is being re-registered.
[2026-08-11 09:43:11] [INFO] [ARGUS_AI:plugin_manager.py:34] - Registered Pluggable Module: [ocr_engine] 'OCR & Document Extractor' (Order: 30)
[2026-08-11 09:43:11] [WARNING] [ARGUS_AI:plugin_manager.py:30] - Module 'data_cleaning' is being re-registered.
[2026-08-11 09:43:11] [INFO] [ARGUS_AI:plugin_manager.py:34] - Registered Pluggable Module: [data_cleaning] 'Data Cleaning Engine' (Order: 40)
[2026-08-11 09:43:11] [WARNING] [ARGUS_AI:plugin_manager.py:30] - Module 'data_profiling' is being re-registered.
[2026-08-11 09:43:11] [INFO] [ARGUS_AI:plugin_manager.py:34] - Registered Pluggable Module: [data_profiling] 'Data Profiling Engine' (Order: 50)
[2026-08-11 09:43:11] [WARNING] [ARGUS_AI:plugin_manager.py:30] - Module 'analytics_engine' is being re-registered.
[2026-08-11 09:43:11] [INFO] [ARGUS_AI:plugin_manager.py:34] - Registered Pluggable Module: [analytics_engine] 'Analytics & Forecasting' (Order: 60)
[2026-08-11 09:43:11] [WARNING] [ARGUS_AI:plugin_manager.py:30] - Module 'visualization_engine' is being re-registered.
[2026-08-11 09:43:11] [INFO] [ARGUS_AI:plugin_manager.py:34] - Registered Pluggable Module: [visualization_engine] 'Visualization Engine' (Order: 70)
[2026-08-11 09:43:11] [WARNING] [ARGUS_AI:plugin_manager.py:30] - Module 'settings' is being re-registered.
[2026-08-11 09:43:11] [INFO] [ARGUS_AI:plugin_manager.py:34] - Registered Pluggable Module: [settings] 'Platform Settings' (Order: 999)
[2026-08-11 09:43:13] [WARNING] [ARGUS_AI:plugin_manager.py:30] - Module 'home' is being re-registered.
[2026-08-11 09:43:13] [INFO] [ARGUS_AI:plugin_manager.py:34] - Registered Pluggable Module: [home] 'Home Dashboard' (Order: 1)
[2026-08-11 09:43:13] [WARNING] [ARGUS_AI:plugin_manager.py:30] - Module 'file_loader' is being re-registered.
[2026-08-11 09:43:13] [INFO] [ARGUS_AI:plugin_manager.py:34] - Registered Pluggable Module: [file_loader] 'Universal File Loader' (Order: 10)
[2026-08-11 09:43:13] [WARNING] [ARGUS_AI:plugin_manager.py:30] - Module 'db_connectors' is being re-registered.
[2026-08-11 09:43:13] [INFO] [ARGUS_AI:plugin_manager.py:34] - Registered Pluggable Module: [db_connectors] 'Database Connectors' (Order: 20)
[2026-08-11 09:43:13] [WARNING] [ARGUS_AI:plugin_manager.py:30] - Module 'ocr_engine' is being re-registered.
[2026-08-11 09:43:13] [INFO] [ARGUS_AI:plugin_manager.py:34] - Registered Pluggable Module: [ocr_engine] 'OCR & Document Extractor' (Order: 30)
[2026-08-11 09:43:13] [WARNING] [ARGUS_AI:plugin_manager.py:30] - Module 'data_cleaning' is being re-registered.
[2026-08-11 09:43:13] [INFO] [ARGUS_AI:plugin_manager.py:34] - Registered Pluggable Module: [data_cleaning] 'Data Cleaning Engine' (Order: 40)
[2026-08-11 09:43:13] [WARNING] [ARGUS_AI:plugin_manager.py:30] - Module 'data_profiling' is being re-registered.
[2026-08-11 09:43:13] [INFO] [ARGUS_AI:plugin_manager.py:34] - Registered Pluggable Module: [data_profiling] 'Data Profiling Engine' (Order: 50)
[2026-08-11 09:43:13] [WARNING] [ARGUS_AI:plugin_manager.py:30] - Module 'analytics_engine' is being re-registered.
[2026-08-11 09:43:13] [INFO] [ARGUS_AI:plugin_manager.py:34] - Registered Pluggable Module: [analytics_engine] 'Analytics & Forecasting' (Order: 60)
[2026-08-11 09:43:13] [WARNING] [ARGUS_AI:plugin_manager.py:30] - Module 'visualization_engine' is being re-registered.
[2026-08-11 09:43:13] [INFO] [ARGUS_AI:plugin_manager.py:34] - Registered Pluggable Module: [visualization_engine] 'Visualization Engine' (Order: 70)
[2026-08-11 09:43:13] [WARNING] [ARGUS_AI:plugin_manager.py:30] - Module 'settings' is being re-registered.
[2026-08-11 09:43:13] [INFO] [ARGUS_AI:plugin_manager.py:34] - Registered Pluggable Module: [settings] 'Platform Settings' (Order: 999)
[2026-08-11 09:43:14] [WARNING] [ARGUS_AI:plugin_manager.py:30] - Module 'home' is being re-registered.
[2026-08-11 09:43:14] [INFO] [ARGUS_AI:plugin_manager.py:34] - Registered Pluggable Module: [home] 'Home Dashboard' (Order: 1)
[2026-08-11 09:43:14] [WARNING] [ARGUS_AI:plugin_manager.py:30] - Module 'file_loader' is being re-registered.
[2026-08-11 09:43:14] [INFO] [ARGUS_AI:plugin_manager.py:34] - Registered Pluggable Module: [file_loader] 'Universal File Loader' (Order: 10)
[2026-08-11 09:43:14] [WARNING] [ARGUS_AI:plugin_manager.py:30] - Module 'db_connectors' is being re-registered.
[2026-08-11 09:43:14] [INFO] [ARGUS_AI:plugin_manager.py:34] - Registered Pluggable Module: [db_connectors] 'Database Connectors' (Order: 20)
[2026-08-11 09:43:14] [WARNING] [ARGUS_AI:plugin_manager.py:30] - Module 'ocr_engine' is being re-registered.
[2026-08-11 09:43:14] [INFO] [ARGUS_AI:plugin_manager.py:34] - Registered Pluggable Module: [ocr_engine] 'OCR & Document Extractor' (Order: 30)
[2026-08-11 09:43:14] [WARNING] [ARGUS_AI:plugin_manager.py:30] - Module 'data_cleaning' is being re-registered.
[2026-08-11 09:43:14] [INFO] [ARGUS_AI:plugin_manager.py:34] - Registered Pluggable Module: [data_cleaning] 'Data Cleaning Engine' (Order: 40)
[2026-08-11 09:43:14] [WARNING] [ARGUS_AI:plugin_manager.py:30] - Module 'data_profiling' is being re-registered.
[2026-08-11 09:43:14] [INFO] [ARGUS_AI:plugin_manager.py:34] - Registered Pluggable Module: [data_profiling] 'Data Profiling Engine' (Order: 50)
[2026-08-11 09:43:14] [WARNING] [ARGUS_AI:plugin_manager.py:30] - Module 'analytics_engine' is being re-registered.
[2026-08-11 09:43:14] [INFO] [ARGUS_AI:plugin_manager.py:34] - Registered Pluggable Module: [analytics_engine] 'Analytics & Forecasting' (Order: 60)
[2026-08-11 09:43:14] [WARNING] [ARGUS_AI:plugin_manager.py:30] - Module 'visualization_engine' is being re-registered.
[2026-08-11 09:43:14] [INFO] [ARGUS_AI:plugin_manager.py:34] - Registered Pluggable Module: [visualization_engine] 'Visualization Engine' (Order: 70)
[2026-08-11 09:43:14] [WARNING] [ARGUS_AI:plugin_manager.py:30] - Module 'settings' is being re-registered.
[2026-08-11 09:43:14] [INFO] [ARGUS_AI:plugin_manager.py:34] - Registered Pluggable Module: [settings] 'Platform Settings' (Order: 999)
[2026-08-11 09:43:23] [WARNING] [ARGUS_AI:plugin_manager.py:30] - Module 'home' is being re-registered.
[2026-08-11 09:43:23] [INFO] [ARGUS_AI:plugin_manager.py:34] - Registered Pluggable Module: [home] 'Home Dashboard' (Order: 1)
[2026-08-11 09:43:23] [WARNING] [ARGUS_AI:plugin_manager.py:30] - Module 'file_loader' is being re-registered.
[2026-08-11 09:43:23] [INFO] [ARGUS_AI:plugin_manager.py:34] - Registered Pluggable Module: [file_loader] 'Universal File Loader' (Order: 10)
[2026-08-11 09:43:23] [WARNING] [ARGUS_AI:plugin_manager.py:30] - Module 'db_connectors' is being re-registered.
[2026-08-11 09:43:23] [INFO] [ARGUS_AI:plugin_manager.py:34] - Registered Pluggable Module: [db_connectors] 'Database Connectors' (Order: 20)
[2026-08-11 09:43:23] [WARNING] [ARGUS_AI:plugin_manager.py:30] - Module 'ocr_engine' is being re-registered.
[2026-08-11 09:43:23] [INFO] [ARGUS_AI:plugin_manager.py:34] - Registered Pluggable Module: [ocr_engine] 'OCR & Document Extractor' (Order: 30)
[2026-08-11 09:43:23] [WARNING] [ARGUS_AI:plugin_manager.py:30] - Module 'data_cleaning' is being re-registered.
[2026-08-11 09:43:23] [INFO] [ARGUS_AI:plugin_manager.py:34] - Registered Pluggable Module: [data_cleaning] 'Data Cleaning Engine' (Order: 40)
[2026-08-11 09:43:23] [WARNING] [ARGUS_AI:plugin_manager.py:30] - Module 'data_profiling' is being re-registered.
[2026-08-11 09:43:23] [INFO] [ARGUS_AI:plugin_manager.py:34] - Registered Pluggable Module: [data_profiling] 'Data Profiling Engine' (Order: 50)
[2026-08-11 09:43:23] [WARNING] [ARGUS_AI:plugin_manager.py:30] - Module 'analytics_engine' is being re-registered.
[2026-08-11 09:43:23] [INFO] [ARGUS_AI:plugin_manager.py:34] - Registered Pluggable Module: [analytics_engine] 'Analytics & Forecasting' (Order: 60)
[2026-08-11 09:43:23] [WARNING] [ARGUS_AI:plugin_manager.py:30] - Module 'visualization_engine' is being re-registered.
[2026-08-11 09:43:23] [INFO] [ARGUS_AI:plugin_manager.py:34] - Registered Pluggable Module: [visualization_engine] 'Visualization Engine' (Order: 70)
[2026-08-11 09:43:23] [WARNING] [ARGUS_AI:plugin_manager.py:30] - Module 'settings' is being re-registered.
[2026-08-11 09:43:23] [INFO] [ARGUS_AI:plugin_manager.py:34] - Registered Pluggable Module: [settings] 'Platform Settings' (Order: 999)
[2026-08-11 09:43:23] [WARNING] [ARGUS_AI:plugin_manager.py:30] - Module 'home' is being re-registered.
[2026-08-11 09:43:23] [INFO] [ARGUS_AI:plugin_manager.py:34] - Registered Pluggable Module: [home] 'Home Dashboard' (Order: 1)
[2026-08-11 09:43:23] [WARNING] [ARGUS_AI:plugin_manager.py:30] - Module 'file_loader' is being re-registered.
[2026-08-11 09:43:23] [INFO] [ARGUS_AI:plugin_manager.py:34] - Registered Pluggable Module: [file_loader] 'Universal File Loader' (Order: 10)
[2026-08-11 09:43:23] [WARNING] [ARGUS_AI:plugin_manager.py:30] - Module 'db_connectors' is being re-registered.
[2026-08-11 09:43:23] [INFO] [ARGUS_AI:plugin_manager.py:34] - Registered Pluggable Module: [db_connectors] 'Database Connectors' (Order: 20)
[2026-08-11 09:43:23] [WARNING] [ARGUS_AI:plugin_manager.py:30] - Module 'ocr_engine' is being re-registered.
[2026-08-11 09:43:23] [INFO] [ARGUS_AI:plugin_manager.py:34] - Registered Pluggable Module: [ocr_engine] 'OCR & Document Extractor' (Order: 30)
[2026-08-11 09:43:23] [WARNING] [ARGUS_AI:plugin_manager.py:30] - Module 'data_cleaning' is being re-registered.
[2026-08-11 09:43:23] [INFO] [ARGUS_AI:plugin_manager.py:34] - Registered Pluggable Module: [data_cleaning] 'Data Cleaning Engine' (Order: 40)
[2026-08-11 09:43:23] [WARNING] [ARGUS_AI:plugin_manager.py:30] - Module 'data_profiling' is being re-registered.
[2026-08-11 09:43:23] [INFO] [ARGUS_AI:plugin_manager.py:34] - Registered Pluggable Module: [data_profiling] 'Data Profiling Engine' (Order: 50)
[2026-08-11 09:43:23] [WARNING] [ARGUS_AI:plugin_manager.py:30] - Module 'analytics_engine' is being re-registered.
[2026-08-11 09:43:23] [INFO] [ARGUS_AI:plugin_manager.py:34] - Registered Pluggable Module: [analytics_engine] 'Analytics & Forecasting' (Order: 60)
[2026-08-11 09:43:23] [WARNING] [ARGUS_AI:plugin_manager.py:30] - Module 'visualization_engine' is being re-registered.
[2026-08-11 09:43:23] [INFO] [ARGUS_AI:plugin_manager.py:34] - Registered Pluggable Module: [visualization_engine] 'Visualization Engine' (Order: 70)
[2026-08-11 09:43:23] [WARNING] [ARGUS_AI:plugin_manager.py:30] - Module 'settings' is being re-registered.
[2026-08-11 09:43:23] [INFO] [ARGUS_AI:plugin_manager.py:34] - Registered Pluggable Module: [settings] 'Platform Settings' (Order: 999)
[2026-08-11 09:49:38] [WARNING] [ARGUS_AI:plugin_manager.py:30] - Module 'home' is being re-registered.
[2026-08-11 09:49:38] [INFO] [ARGUS_AI:plugin_manager.py:34] - Registered Pluggable Module: [home] 'Home Dashboard' (Order: 1)
[2026-08-11 09:49:38] [WARNING] [ARGUS_AI:plugin_manager.py:30] - Module 'file_loader' is being re-registered.
[2026-08-11 09:49:38] [INFO] [ARGUS_AI:plugin_manager.py:34] - Registered Pluggable Module: [file_loader] 'Universal File Loader' (Order: 10)
[2026-08-11 09:49:38] [WARNING] [ARGUS_AI:plugin_manager.py:30] - Module 'db_connectors' is being re-registered.
[2026-08-11 09:49:38] [INFO] [ARGUS_AI:plugin_manager.py:34] - Registered Pluggable Module: [db_connectors] 'Database Connectors' (Order: 20)
[2026-08-11 09:49:38] [WARNING] [ARGUS_AI:plugin_manager.py:30] - Module 'ocr_engine' is being re-registered.
[2026-08-11 09:49:38] [INFO] [ARGUS_AI:plugin_manager.py:34] - Registered Pluggable Module: [ocr_engine] 'OCR & Document Extractor' (Order: 30)
[2026-08-11 09:49:38] [WARNING] [ARGUS_AI:plugin_manager.py:30] - Module 'data_cleaning' is being re-registered.
[2026-08-11 09:49:38] [INFO] [ARGUS_AI:plugin_manager.py:34] - Registered Pluggable Module: [data_cleaning] 'Data Cleaning Engine' (Order: 40)
[2026-08-11 09:49:38] [WARNING] [ARGUS_AI:plugin_manager.py:30] - Module 'data_profiling' is being re-registered.
[2026-08-11 09:49:38] [INFO] [ARGUS_AI:plugin_manager.py:34] - Registered Pluggable Module: [data_profiling] 'Data Profiling Engine' (Order: 50)
[2026-08-11 09:49:38] [WARNING] [ARGUS_AI:plugin_manager.py:30] - Module 'analytics_engine' is being re-registered.
[2026-08-11 09:49:38] [INFO] [ARGUS_AI:plugin_manager.py:34] - Registered Pluggable Module: [analytics_engine] 'Analytics & Forecasting' (Order: 60)
[2026-08-11 09:49:38] [WARNING] [ARGUS_AI:plugin_manager.py:30] - Module 'visualization_engine' is being re-registered.
[2026-08-11 09:49:38] [INFO] [ARGUS_AI:plugin_manager.py:34] - Registered Pluggable Module: [visualization_engine] 'Visualization Engine' (Order: 70)
[2026-08-11 09:49:38] [WARNING] [ARGUS_AI:plugin_manager.py:30] - Module 'settings' is being re-registered.
[2026-08-11 09:49:38] [INFO] [ARGUS_AI:plugin_manager.py:34] - Registered Pluggable Module: [settings] 'Platform Settings' (Order: 999)
[2026-08-11 09:49:42] [WARNING] [ARGUS_AI:plugin_manager.py:30] - Module 'home' is being re-registered.
[2026-08-11 09:49:42] [INFO] [ARGUS_AI:plugin_manager.py:34] - Registered Pluggable Module: [home] 'Home Dashboard' (Order: 1)
[2026-08-11 09:49:42] [WARNING] [ARGUS_AI:plugin_manager.py:30] - Module 'file_loader' is being re-registered.
[2026-08-11 09:49:42] [INFO] [ARGUS_AI:plugin_manager.py:34] - Registered Pluggable Module: [file_loader] 'Universal File Loader' (Order: 10)
[2026-08-11 09:49:42] [WARNING] [ARGUS_AI:plugin_manager.py:30] - Module 'db_connectors' is being re-registered.
[2026-08-11 09:49:42] [INFO] [ARGUS_AI:plugin_manager.py:34] - Registered Pluggable Module: [db_connectors] 'Database Connectors' (Order: 20)
[2026-08-11 09:49:42] [WARNING] [ARGUS_AI:plugin_manager.py:30] - Module 'ocr_engine' is being re-registered.
[2026-08-11 09:49:42] [INFO] [ARGUS_AI:plugin_manager.py:34] - Registered Pluggable Module: [ocr_engine] 'OCR & Document Extractor' (Order: 30)
[2026-08-11 09:49:42] [WARNING] [ARGUS_AI:plugin_manager.py:30] - Module 'data_cleaning' is being re-registered.
[2026-08-11 09:49:42] [INFO] [ARGUS_AI:plugin_manager.py:34] - Registered Pluggable Module: [data_cleaning] 'Data Cleaning Engine' (Order: 40)
[2026-08-11 09:49:42] [WARNING] [ARGUS_AI:plugin_manager.py:30] - Module 'data_profiling' is being re-registered.
[2026-08-11 09:49:42] [INFO] [ARGUS_AI:plugin_manager.py:34] - Registered Pluggable Module: [data_profiling] 'Data Profiling Engine' (Order: 50)
[2026-08-11 09:49:42] [WARNING] [ARGUS_AI:plugin_manager.py:30] - Module 'analytics_engine' is being re-registered.
[2026-08-11 09:49:42] [INFO] [ARGUS_AI:plugin_manager.py:34] - Registered Pluggable Module: [analytics_engine] 'Analytics & Forecasting' (Order: 60)
[2026-08-11 09:49:42] [WARNING] [ARGUS_AI:plugin_manager.py:30] - Module 'visualization_engine' is being re-registered.
[2026-08-11 09:49:42] [INFO] [ARGUS_AI:plugin_manager.py:34] - Registered Pluggable Module: [visualization_engine] 'Visualization Engine' (Order: 70)
[2026-08-11 09:49:42] [WARNING] [ARGUS_AI:plugin_manager.py:30] - Module 'settings' is being re-registered.
[2026-08-11 09:49:42] [INFO] [ARGUS_AI:plugin_manager.py:34] - Registered Pluggable Module: [settings] 'Platform Settings' (Order: 999)
[2026-08-11 09:49:43] [WARNING] [ARGUS_AI:plugin_manager.py:30] - Module 'home' is being re-registered.
[2026-08-11 09:49:43] [INFO] [ARGUS_AI:plugin_manager.py:34] - Registered Pluggable Module: [home] 'Home Dashboard' (Order: 1)
[2026-08-11 09:49:43] [WARNING] [ARGUS_AI:plugin_manager.py:30] - Module 'file_loader' is being re-registered.
[2026-08-11 09:49:43] [INFO] [ARGUS_AI:plugin_manager.py:34] - Registered Pluggable Module: [file_loader] 'Universal File Loader' (Order: 10)
[2026-08-11 09:49:43] [WARNING] [ARGUS_AI:plugin_manager.py:30] - Module 'db_connectors' is being re-registered.
[2026-08-11 09:49:43] [INFO] [ARGUS_AI:plugin_manager.py:34] - Registered Pluggable Module: [db_connectors] 'Database Connectors' (Order: 20)
[2026-08-11 09:49:43] [WARNING] [ARGUS_AI:plugin_manager.py:30] - Module 'ocr_engine' is being re-registered.
[2026-08-11 09:49:43] [INFO] [ARGUS_AI:plugin_manager.py:34] - Registered Pluggable Module: [ocr_engine] 'OCR & Document Extractor' (Order: 30)
[2026-08-11 09:49:43] [WARNING] [ARGUS_AI:plugin_manager.py:30] - Module 'data_cleaning' is being re-registered.
[2026-08-11 09:49:43] [INFO] [ARGUS_AI:plugin_manager.py:34] - Registered Pluggable Module: [data_cleaning] 'Data Cleaning Engine' (Order: 40)
[2026-08-11 09:49:43] [WARNING] [ARGUS_AI:plugin_manager.py:30] - Module 'data_profiling' is being re-registered.
[2026-08-11 09:49:43] [INFO] [ARGUS_AI:plugin_manager.py:34] - Registered Pluggable Module: [data_profiling] 'Data Profiling Engine' (Order: 50)
[2026-08-11 09:49:43] [WARNING] [ARGUS_AI:plugin_manager.py:30] - Module 'analytics_engine' is being re-registered.
[2026-08-11 09:49:43] [INFO] [ARGUS_AI:plugin_manager.py:34] - Registered Pluggable Module: [analytics_engine] 'Analytics & Forecasting' (Order: 60)
[2026-08-11 09:49:43] [WARNING] [ARGUS_AI:plugin_manager.py:30] - Module 'visualization_engine' is being re-registered.
[2026-08-11 09:49:43] [INFO] [ARGUS_AI:plugin_manager.py:34] - Registered Pluggable Module: [visualization_engine] 'Visualization Engine' (Order: 70)
[2026-08-11 09:49:43] [WARNING] [ARGUS_AI:plugin_manager.py:30] - Module 'settings' is being re-registered.
[2026-08-11 09:49:43] [INFO] [ARGUS_AI:plugin_manager.py:34] - Registered Pluggable Module: [settings] 'Platform Settings' (Order: 999)
[2026-08-11 09:49:45] [WARNING] [ARGUS_AI:plugin_manager.py:30] - Module 'home' is being re-registered.
[2026-08-11 09:49:45] [INFO] [ARGUS_AI:plugin_manager.py:34] - Registered Pluggable Module: [home] 'Home Dashboard' (Order: 1)
[2026-08-11 09:49:45] [WARNING] [ARGUS_AI:plugin_manager.py:30] - Module 'file_loader' is being re-registered.
[2026-08-11 09:49:45] [INFO] [ARGUS_AI:plugin_manager.py:34] - Registered Pluggable Module: [file_loader] 'Universal File Loader' (Order: 10)
[2026-08-11 09:49:45] [WARNING] [ARGUS_AI:plugin_manager.py:30] - Module 'db_connectors' is being re-registered.
[2026-08-11 09:49:45] [INFO] [ARGUS_AI:plugin_manager.py:34] - Registered Pluggable Module: [db_connectors] 'Database Connectors' (Order: 20)
[2026-08-11 09:49:45] [WARNING] [ARGUS_AI:plugin_manager.py:30] - Module 'ocr_engine' is being re-registered.
[2026-08-11 09:49:45] [INFO] [ARGUS_AI:plugin_manager.py:34] - Registered Pluggable Module: [ocr_engine] 'OCR & Document Extractor' (Order: 30)
[2026-08-11 09:49:45] [WARNING] [ARGUS_AI:plugin_manager.py:30] - Module 'data_cleaning' is being re-registered.
[2026-08-11 09:49:45] [INFO] [ARGUS_AI:plugin_manager.py:34] - Registered Pluggable Module: [data_cleaning] 'Data Cleaning Engine' (Order: 40)
[2026-08-11 09:49:45] [WARNING] [ARGUS_AI:plugin_manager.py:30] - Module 'data_profiling' is being re-registered.
[2026-08-11 09:49:45] [INFO] [ARGUS_AI:plugin_manager.py:34] - Registered Pluggable Module: [data_profiling] 'Data Profiling Engine' (Order: 50)
[2026-08-11 09:49:45] [WARNING] [ARGUS_AI:plugin_manager.py:30] - Module 'analytics_engine' is being re-registered.
[2026-08-11 09:49:45] [INFO] [ARGUS_AI:plugin_manager.py:34] - Registered Pluggable Module: [analytics_engine] 'Analytics & Forecasting' (Order: 60)
[2026-08-11 09:49:45] [WARNING] [ARGUS_AI:plugin_manager.py:30] - Module 'visualization_engine' is being re-registered.
[2026-08-11 09:49:45] [INFO] [ARGUS_AI:plugin_manager.py:34] - Registered Pluggable Module: [visualization_engine] 'Visualization Engine' (Order: 70)
[2026-08-11 09:49:45] [WARNING] [ARGUS_AI:plugin_manager.py:30] - Module 'settings' is being re-registered.
[2026-08-11 09:49:45] [INFO] [ARGUS_AI:plugin_manager.py:34] - Registered Pluggable Module: [settings] 'Platform Settings' (Order: 999)
[2026-08-11 09:49:45] [WARNING] [ARGUS_AI:plugin_manager.py:30] - Module 'home' is being re-registered.
[2026-08-11 09:49:45] [INFO] [ARGUS_AI:plugin_manager.py:34] - Registered Pluggable Module: [home] 'Home Dashboard' (Order: 1)
[2026-08-11 09:49:45] [WARNING] [ARGUS_AI:plugin_manager.py:30] - Module 'file_loader' is being re-registered.
[2026-08-11 09:49:45] [INFO] [ARGUS_AI:plugin_manager.py:34] - Registered Pluggable Module: [file_loader] 'Universal File Loader' (Order: 10)
[2026-08-11 09:49:45] [WARNING] [ARGUS_AI:plugin_manager.py:30] - Module 'db_connectors' is being re-registered.
[2026-08-11 09:49:45] [INFO] [ARGUS_AI:plugin_manager.py:34] - Registered Pluggable Module: [db_connectors] 'Database Connectors' (Order: 20)
[2026-08-11 09:49:45] [WARNING] [ARGUS_AI:plugin_manager.py:30] - Module 'ocr_engine' is being re-registered.
[2026-08-11 09:49:45] [INFO] [ARGUS_AI:plugin_manager.py:34] - Registered Pluggable Module: [ocr_engine] 'OCR & Document Extractor' (Order: 30)
[2026-08-11 09:49:45] [WARNING] [ARGUS_AI:plugin_manager.py:30] - Module 'data_cleaning' is being re-registered.
[2026-08-11 09:49:45] [INFO] [ARGUS_AI:plugin_manager.py:34] - Registered Pluggable Module: [data_cleaning] 'Data Cleaning Engine' (Order: 40)
[2026-08-11 09:49:45] [WARNING] [ARGUS_AI:plugin_manager.py:30] - Module 'data_profiling' is being re-registered.
[2026-08-11 09:49:45] [INFO] [ARGUS_AI:plugin_manager.py:34] - Registered Pluggable Module: [data_profiling] 'Data Profiling Engine' (Order: 50)
[2026-08-11 09:49:45] [WARNING] [ARGUS_AI:plugin_manager.py:30] - Module 'analytics_engine' is being re-registered.
[2026-08-11 09:49:45] [INFO] [ARGUS_AI:plugin_manager.py:34] - Registered Pluggable Module: [analytics_engine] 'Analytics & Forecasting' (Order: 60)
[2026-08-11 09:49:45] [WARNING] [ARGUS_AI:plugin_manager.py:30] - Module 'visualization_engine' is being re-registered.
[2026-08-11 09:49:45] [INFO] [ARGUS_AI:plugin_manager.py:34] - Registered Pluggable Module: [visualization_engine] 'Visualization Engine' (Order: 70)
[2026-08-11 09:49:45] [WARNING] [ARGUS_AI:plugin_manager.py:30] - Module 'settings' is being re-registered.
[2026-08-11 09:49:45] [INFO] [ARGUS_AI:plugin_manager.py:34] - Registered Pluggable Module: [settings] 'Platform Settings' (Order: 999)
[2026-08-11 09:49:59] [WARNING] [ARGUS_AI:plugin_manager.py:30] - Module 'home' is being re-registered.
[2026-08-11 09:49:59] [INFO] [ARGUS_AI:plugin_manager.py:34] - Registered Pluggable Module: [home] 'Home Dashboard' (Order: 1)
[2026-08-11 09:49:59] [WARNING] [ARGUS_AI:plugin_manager.py:30] - Module 'file_loader' is being re-registered.
[2026-08-11 09:49:59] [INFO] [ARGUS_AI:plugin_manager.py:34] - Registered Pluggable Module: [file_loader] 'Universal File Loader' (Order: 10)
[2026-08-11 09:49:59] [WARNING] [ARGUS_AI:plugin_manager.py:30] - Module 'db_connectors' is being re-registered.
[2026-08-11 09:49:59] [INFO] [ARGUS_AI:plugin_manager.py:34] - Registered Pluggable Module: [db_connectors] 'Database Connectors' (Order: 20)
[2026-08-11 09:49:59] [WARNING] [ARGUS_AI:plugin_manager.py:30] - Module 'ocr_engine' is being re-registered.
[2026-08-11 09:49:59] [INFO] [ARGUS_AI:plugin_manager.py:34] - Registered Pluggable Module: [ocr_engine] 'OCR & Document Extractor' (Order: 30)
[2026-08-11 09:49:59] [WARNING] [ARGUS_AI:plugin_manager.py:30] - Module 'data_cleaning' is being re-registered.
[2026-08-11 09:49:59] [INFO] [ARGUS_AI:plugin_manager.py:34] - Registered Pluggable Module: [data_cleaning] 'Data Cleaning Engine' (Order: 40)
[2026-08-11 09:49:59] [WARNING] [ARGUS_AI:plugin_manager.py:30] - Module 'data_profiling' is being re-registered.
[2026-08-11 09:49:59] [INFO] [ARGUS_AI:plugin_manager.py:34] - Registered Pluggable Module: [data_profiling] 'Data Profiling Engine' (Order: 50)
[2026-08-11 09:49:59] [WARNING] [ARGUS_AI:plugin_manager.py:30] - Module 'analytics_engine' is being re-registered.
[2026-08-11 09:49:59] [INFO] [ARGUS_AI:plugin_manager.py:34] - Registered Pluggable Module: [analytics_engine] 'Analytics & Forecasting' (Order: 60)
[2026-08-11 09:49:59] [WARNING] [ARGUS_AI:plugin_manager.py:30] - Module 'visualization_engine' is being re-registered.
[2026-08-11 09:49:59] [INFO] [ARGUS_AI:plugin_manager.py:34] - Registered Pluggable Module: [visualization_engine] 'Visualization Engine' (Order: 70)
[2026-08-11 09:49:59] [WARNING] [ARGUS_AI:plugin_manager.py:30] - Module 'settings' is being re-registered.
[2026-08-11 09:49:59] [INFO] [ARGUS_AI:plugin_manager.py:34] - Registered Pluggable Module: [settings] 'Platform Settings' (Order: 999)
[2026-08-11 09:50:12] [WARNING] [ARGUS_AI:plugin_manager.py:30] - Module 'home' is being re-registered.
[2026-08-11 09:50:12] [INFO] [ARGUS_AI:plugin_manager.py:34] - Registered Pluggable Module: [home] 'Home Dashboard' (Order: 1)
[2026-08-11 09:50:12] [WARNING] [ARGUS_AI:plugin_manager.py:30] - Module 'file_loader' is being re-registered.
[2026-08-11 09:50:12] [INFO] [ARGUS_AI:plugin_manager.py:34] - Registered Pluggable Module: [file_loader] 'Universal File Loader' (Order: 10)
[2026-08-11 09:50:12] [WARNING] [ARGUS_AI:plugin_manager.py:30] - Module 'db_connectors' is being re-registered.
[2026-08-11 09:50:12] [INFO] [ARGUS_AI:plugin_manager.py:34] - Registered Pluggable Module: [db_connectors] 'Database Connectors' (Order: 20)
[2026-08-11 09:50:12] [WARNING] [ARGUS_AI:plugin_manager.py:30] - Module 'ocr_engine' is being re-registered.
[2026-08-11 09:50:12] [INFO] [ARGUS_AI:plugin_manager.py:34] - Registered Pluggable Module: [ocr_engine] 'OCR & Document Extractor' (Order: 30)
[2026-08-11 09:50:12] [WARNING] [ARGUS_AI:plugin_manager.py:30] - Module 'data_cleaning' is being re-registered.
[2026-08-11 09:50:12] [INFO] [ARGUS_AI:plugin_manager.py:34] - Registered Pluggable Module: [data_cleaning] 'Data Cleaning Engine' (Order: 40)
[2026-08-11 09:50:12] [WARNING] [ARGUS_AI:plugin_manager.py:30] - Module 'data_profiling' is being re-registered.
[2026-08-11 09:50:12] [INFO] [ARGUS_AI:plugin_manager.py:34] - Registered Pluggable Module: [data_profiling] 'Data Profiling Engine' (Order: 50)
[2026-08-11 09:50:12] [WARNING] [ARGUS_AI:plugin_manager.py:30] - Module 'analytics_engine' is being re-registered.
[2026-08-11 09:50:12] [INFO] [ARGUS_AI:plugin_manager.py:34] - Registered Pluggable Module: [analytics_engine] 'Analytics & Forecasting' (Order: 60)
[2026-08-11 09:50:12] [WARNING] [ARGUS_AI:plugin_manager.py:30] - Module 'visualization_engine' is being re-registered.
[2026-08-11 09:50:12] [INFO] [ARGUS_AI:plugin_manager.py:34] - Registered Pluggable Module: [visualization_engine] 'Visualization Engine' (Order: 70)
[2026-08-11 09:50:12] [WARNING] [ARGUS_AI:plugin_manager.py:30] - Module 'settings' is being re-registered.
[2026-08-11 09:50:12] [INFO] [ARGUS_AI:plugin_manager.py:34] - Registered Pluggable Module: [settings] 'Platform Settings' (Order: 999)
[2026-08-11 09:50:12] [WARNING] [ARGUS_AI:plugin_manager.py:30] - Module 'home' is being re-registered.
[2026-08-11 09:50:12] [INFO] [ARGUS_AI:plugin_manager.py:34] - Registered Pluggable Module: [home] 'Home Dashboard' (Order: 1)
[2026-08-11 09:50:12] [WARNING] [ARGUS_AI:plugin_manager.py:30] - Module 'file_loader' is being re-registered.
[2026-08-11 09:50:12] [INFO] [ARGUS_AI:plugin_manager.py:34] - Registered Pluggable Module: [file_loader] 'Universal File Loader' (Order: 10)
[2026-08-11 09:50:12] [WARNING] [ARGUS_AI:plugin_manager.py:30] - Module 'db_connectors' is being re-registered.
[2026-08-11 09:50:12] [INFO] [ARGUS_AI:plugin_manager.py:34] - Registered Pluggable Module: [db_connectors] 'Database Connectors' (Order: 20)
[2026-08-11 09:50:12] [WARNING] [ARGUS_AI:plugin_manager.py:30] - Module 'ocr_engine' is being re-registered.
[2026-08-11 09:50:12] [INFO] [ARGUS_AI:plugin_manager.py:34] - Registered Pluggable Module: [ocr_engine] 'OCR & Document Extractor' (Order: 30)
[2026-08-11 09:50:12] [WARNING] [ARGUS_AI:plugin_manager.py:30] - Module 'data_cleaning' is being re-registered.
[2026-08-11 09:50:12] [INFO] [ARGUS_AI:plugin_manager.py:34] - Registered Pluggable Module: [data_cleaning] 'Data Cleaning Engine' (Order: 40)
[2026-08-11 09:50:12] [WARNING] [ARGUS_AI:plugin_manager.py:30] - Module 'data_profiling' is being re-registered.
[2026-08-11 09:50:12] [INFO] [ARGUS_AI:plugin_manager.py:34] - Registered Pluggable Module: [data_profiling] 'Data Profiling Engine' (Order: 50)
[2026-08-11 09:50:12] [WARNING] [ARGUS_AI:plugin_manager.py:30] - Module 'analytics_engine' is being re-registered.
[2026-08-11 09:50:12] [INFO] [ARGUS_AI:plugin_manager.py:34] - Registered Pluggable Module: [analytics_engine] 'Analytics & Forecasting' (Order: 60)
[2026-08-11 09:50:12] [WARNING] [ARGUS_AI:plugin_manager.py:30] - Module 'visualization_engine' is being re-registered.
[2026-08-11 09:50:12] [INFO] [ARGUS_AI:plugin_manager.py:34] - Registered Pluggable Module: [visualization_engine] 'Visualization Engine' (Order: 70)
[2026-08-11 09:50:12] [WARNING] [ARGUS_AI:plugin_manager.py:30] - Module 'settings' is being re-registered.
[2026-08-11 09:50:12] [INFO] [ARGUS_AI:plugin_manager.py:34] - Registered Pluggable Module: [settings] 'Platform Settings' (Order: 999)
[2026-08-11 09:50:16] [WARNING] [ARGUS_AI:plugin_manager.py:30] - Module 'home' is being re-registered.
[2026-08-11 09:50:16] [INFO] [ARGUS_AI:plugin_manager.py:34] - Registered Pluggable Module: [home] 'Home Dashboard' (Order: 1)
[2026-08-11 09:50:16] [WARNING] [ARGUS_AI:plugin_manager.py:30] - Module 'file_loader' is being re-registered.
[2026-08-11 09:50:16] [INFO] [ARGUS_AI:plugin_manager.py:34] - Registered Pluggable Module: [file_loader] 'Universal File Loader' (Order: 10)
[2026-08-11 09:50:16] [WARNING] [ARGUS_AI:plugin_manager.py:30] - Module 'db_connectors' is being re-registered.
[2026-08-11 09:50:16] [INFO] [ARGUS_AI:plugin_manager.py:34] - Registered Pluggable Module: [db_connectors] 'Database Connectors' (Order: 20)
[2026-08-11 09:50:16] [WARNING] [ARGUS_AI:plugin_manager.py:30] - Module 'ocr_engine' is being re-registered.
[2026-08-11 09:50:16] [INFO] [ARGUS_AI:plugin_manager.py:34] - Registered Pluggable Module: [ocr_engine] 'OCR & Document Extractor' (Order: 30)
[2026-08-11 09:50:16] [WARNING] [ARGUS_AI:plugin_manager.py:30] - Module 'data_cleaning' is being re-registered.
[2026-08-11 09:50:16] [INFO] [ARGUS_AI:plugin_manager.py:34] - Registered Pluggable Module: [data_cleaning] 'Data Cleaning Engine' (Order: 40)
[2026-08-11 09:50:16] [WARNING] [ARGUS_AI:plugin_manager.py:30] - Module 'data_profiling' is being re-registered.
[2026-08-11 09:50:16] [INFO] [ARGUS_AI:plugin_manager.py:34] - Registered Pluggable Module: [data_profiling] 'Data Profiling Engine' (Order: 50)
[2026-08-11 09:50:16] [WARNING] [ARGUS_AI:plugin_manager.py:30] - Module 'analytics_engine' is being re-registered.
[2026-08-11 09:50:16] [INFO] [ARGUS_AI:plugin_manager.py:34] - Registered Pluggable Module: [analytics_engine] 'Analytics & Forecasting' (Order: 60)
[2026-08-11 09:50:16] [WARNING] [ARGUS_AI:plugin_manager.py:30] - Module 'visualization_engine' is being re-registered.
[2026-08-11 09:50:16] [INFO] [ARGUS_AI:plugin_manager.py:34] - Registered Pluggable Module: [visualization_engine] 'Visualization Engine' (Order: 70)
[2026-08-11 09:50:16] [WARNING] [ARGUS_AI:plugin_manager.py:30] - Module 'settings' is being re-registered.
[2026-08-11 09:50:16] [INFO] [ARGUS_AI:plugin_manager.py:34] - Registered Pluggable Module: [settings] 'Platform Settings' (Order: 999)
[2026-08-11 09:50:16] [WARNING] [ARGUS_AI:plugin_manager.py:30] - Module 'home' is being re-registered.
[2026-08-11 09:50:16] [INFO] [ARGUS_AI:plugin_manager.py:34] - Registered Pluggable Module: [home] 'Home Dashboard' (Order: 1)
[2026-08-11 09:50:16] [WARNING] [ARGUS_AI:plugin_manager.py:30] - Module 'file_loader' is being re-registered.
[2026-08-11 09:50:16] [INFO] [ARGUS_AI:plugin_manager.py:34] - Registered Pluggable Module: [file_loader] 'Universal File Loader' (Order: 10)
[2026-08-11 09:50:16] [WARNING] [ARGUS_AI:plugin_manager.py:30] - Module 'db_connectors' is being re-registered.
[2026-08-11 09:50:16] [INFO] [ARGUS_AI:plugin_manager.py:34] - Registered Pluggable Module: [db_connectors] 'Database Connectors' (Order: 20)
[2026-08-11 09:50:16] [WARNING] [ARGUS_AI:plugin_manager.py:30] - Module 'ocr_engine' is being re-registered.
[2026-08-11 09:50:16] [INFO] [ARGUS_AI:plugin_manager.py:34] - Registered Pluggable Module: [ocr_engine] 'OCR & Document Extractor' (Order: 30)
[2026-08-11 09:50:16] [WARNING] [ARGUS_AI:plugin_manager.py:30] - Module 'data_cleaning' is being re-registered.
[2026-08-11 09:50:16] [INFO] [ARGUS_AI:plugin_manager.py:34] - Registered Pluggable Module: [data_cleaning] 'Data Cleaning Engine' (Order: 40)
[2026-08-11 09:50:16] [WARNING] [ARGUS_AI:plugin_manager.py:30] - Module 'data_profiling' is being re-registered.
[2026-08-11 09:50:16] [INFO] [ARGUS_AI:plugin_manager.py:34] - Registered Pluggable Module: [data_profiling] 'Data Profiling Engine' (Order: 50)
[2026-08-11 09:50:16] [WARNING] [ARGUS_AI:plugin_manager.py:30] - Module 'analytics_engine' is being re-registered.
[2026-08-11 09:50:16] [INFO] [ARGUS_AI:plugin_manager.py:34] - Registered Pluggable Module: [analytics_engine] 'Analytics & Forecasting' (Order: 60)
[2026-08-11 09:50:16] [WARNING] [ARGUS_AI:plugin_manager.py:30] - Module 'visualization_engine' is being re-registered.
[2026-08-11 09:50:16] [INFO] [ARGUS_AI:plugin_manager.py:34] - Registered Pluggable Module: [visualization_engine] 'Visualization Engine' (Order: 70)
[2026-08-11 09:50:16] [WARNING] [ARGUS_AI:plugin_manager.py:30] - Module 'settings' is being re-registered.
[2026-08-11 09:50:16] [INFO] [ARGUS_AI:plugin_manager.py:34] - Registered Pluggable Module: [settings] 'Platform Settings' (Order: 999)
[2026-08-11 09:50:20] [WARNING] [ARGUS_AI:plugin_manager.py:30] - Module 'home' is being re-registered.
[2026-08-11 09:50:20] [INFO] [ARGUS_AI:plugin_manager.py:34] - Registered Pluggable Module: [home] 'Home Dashboard' (Order: 1)
[2026-08-11 09:50:20] [WARNING] [ARGUS_AI:plugin_manager.py:30] - Module 'file_loader' is being re-registered.
[2026-08-11 09:50:20] [INFO] [ARGUS_AI:plugin_manager.py:34] - Registered Pluggable Module: [file_loader] 'Universal File Loader' (Order: 10)
[2026-08-11 09:50:20] [WARNING] [ARGUS_AI:plugin_manager.py:30] - Module 'db_connectors' is being re-registered.
[2026-08-11 09:50:20] [INFO] [ARGUS_AI:plugin_manager.py:34] - Registered Pluggable Module: [db_connectors] 'Database Connectors' (Order: 20)
[2026-08-11 09:50:20] [WARNING] [ARGUS_AI:plugin_manager.py:30] - Module 'ocr_engine' is being re-registered.
[2026-08-11 09:50:20] [INFO] [ARGUS_AI:plugin_manager.py:34] - Registered Pluggable Module: [ocr_engine] 'OCR & Document Extractor' (Order: 30)
[2026-08-11 09:50:20] [WARNING] [ARGUS_AI:plugin_manager.py:30] - Module 'data_cleaning' is being re-registered.
[2026-08-11 09:50:20] [INFO] [ARGUS_AI:plugin_manager.py:34] - Registered Pluggable Module: [data_cleaning] 'Data Cleaning Engine' (Order: 40)
[2026-08-11 09:50:20] [WARNING] [ARGUS_AI:plugin_manager.py:30] - Module 'data_profiling' is being re-registered.
[2026-08-11 09:50:20] [INFO] [ARGUS_AI:plugin_manager.py:34] - Registered Pluggable Module: [data_profiling] 'Data Profiling Engine' (Order: 50)
[2026-08-11 09:50:20] [WARNING] [ARGUS_AI:plugin_manager.py:30] - Module 'analytics_engine' is being re-registered.
[2026-08-11 09:50:20] [INFO] [ARGUS_AI:plugin_manager.py:34] - Registered Pluggable Module: [analytics_engine] 'Analytics & Forecasting' (Order: 60)
[2026-08-11 09:50:20] [WARNING] [ARGUS_AI:plugin_manager.py:30] - Module 'visualization_engine' is being re-registered.
[2026-08-11 09:50:20] [INFO] [ARGUS_AI:plugin_manager.py:34] - Registered Pluggable Module: [visualization_engine] 'Visualization Engine' (Order: 70)
[2026-08-11 09:50:20] [WARNING] [ARGUS_AI:plugin_manager.py:30] - Module 'settings' is being re-registered.
[2026-08-11 09:50:20] [INFO] [ARGUS_AI:plugin_manager.py:34] - Registered Pluggable Module: [settings] 'Platform Settings' (Order: 999)
[2026-08-11 09:50:21] [WARNING] [ARGUS_AI:plugin_manager.py:30] - Module 'home' is being re-registered.
[2026-08-11 09:50:21] [INFO] [ARGUS_AI:plugin_manager.py:34] - Registered Pluggable Module: [home] 'Home Dashboard' (Order: 1)
[2026-08-11 09:50:21] [WARNING] [ARGUS_AI:plugin_manager.py:30] - Module 'file_loader' is being re-registered.
[2026-08-11 09:50:21] [INFO] [ARGUS_AI:plugin_manager.py:34] - Registered Pluggable Module: [file_loader] 'Universal File Loader' (Order: 10)
[2026-08-11 09:50:21] [WARNING] [ARGUS_AI:plugin_manager.py:30] - Module 'db_connectors' is being re-registered.
[2026-08-11 09:50:21] [INFO] [ARGUS_AI:plugin_manager.py:34] - Registered Pluggable Module: [db_connectors] 'Database Connectors' (Order: 20)
[2026-08-11 09:50:21] [WARNING] [ARGUS_AI:plugin_manager.py:30] - Module 'ocr_engine' is being re-registered.
[2026-08-11 09:50:21] [INFO] [ARGUS_AI:plugin_manager.py:34] - Registered Pluggable Module: [ocr_engine] 'OCR & Document Extractor' (Order: 30)
[2026-08-11 09:50:21] [WARNING] [ARGUS_AI:plugin_manager.py:30] - Module 'data_cleaning' is being re-registered.
[2026-08-11 09:50:21] [INFO] [ARGUS_AI:plugin_manager.py:34] - Registered Pluggable Module: [data_cleaning] 'Data Cleaning Engine' (Order: 40)
[2026-08-11 09:50:21] [WARNING] [ARGUS_AI:plugin_manager.py:30] - Module 'data_profiling' is being re-registered.
[2026-08-11 09:50:21] [INFO] [ARGUS_AI:plugin_manager.py:34] - Registered Pluggable Module: [data_profiling] 'Data Profiling Engine' (Order: 50)
[2026-08-11 09:50:21] [WARNING] [ARGUS_AI:plugin_manager.py:30] - Module 'analytics_engine' is being re-registered.
[2026-08-11 09:50:21] [INFO] [ARGUS_AI:plugin_manager.py:34] - Registered Pluggable Module: [analytics_engine] 'Analytics & Forecasting' (Order: 60)
[2026-08-11 09:50:21] [WARNING] [ARGUS_AI:plugin_manager.py:30] - Module 'visualization_engine' is being re-registered.
[2026-08-11 09:50:21] [INFO] [ARGUS_AI:plugin_manager.py:34] - Registered Pluggable Module: [visualization_engine] 'Visualization Engine' (Order: 70)
[2026-08-11 09:50:21] [WARNING] [ARGUS_AI:plugin_manager.py:30] - Module 'settings' is being re-registered.
[2026-08-11 09:50:21] [INFO] [ARGUS_AI:plugin_manager.py:34] - Registered Pluggable Module: [settings] 'Platform Settings' (Order: 999)
[2026-08-11 09:50:21] [INFO] [ARGUS_AI:file_service.py:46] - Ingesting file 'Inzone_-_July_2026__3_.xlsx' (830046 bytes, type 'xlsx')
[2026-08-11 09:50:26] [WARNING] [ARGUS_AI:plugin_manager.py:30] - Module 'home' is being re-registered.
[2026-08-11 09:50:26] [INFO] [ARGUS_AI:plugin_manager.py:34] - Registered Pluggable Module: [home] 'Home Dashboard' (Order: 1)
[2026-08-11 09:50:26] [WARNING] [ARGUS_AI:plugin_manager.py:30] - Module 'file_loader' is being re-registered.
[2026-08-11 09:50:26] [INFO] [ARGUS_AI:plugin_manager.py:34] - Registered Pluggable Module: [file_loader] 'Universal File Loader' (Order: 10)
[2026-08-11 09:50:26] [WARNING] [ARGUS_AI:plugin_manager.py:30] - Module 'db_connectors' is being re-registered.
[2026-08-11 09:50:26] [INFO] [ARGUS_AI:plugin_manager.py:34] - Registered Pluggable Module: [db_connectors] 'Database Connectors' (Order: 20)
[2026-08-11 09:50:26] [WARNING] [ARGUS_AI:plugin_manager.py:30] - Module 'ocr_engine' is being re-registered.
[2026-08-11 09:50:26] [INFO] [ARGUS_AI:plugin_manager.py:34] - Registered Pluggable Module: [ocr_engine] 'OCR & Document Extractor' (Order: 30)
[2026-08-11 09:50:26] [WARNING] [ARGUS_AI:plugin_manager.py:30] - Module 'data_cleaning' is being re-registered.
[2026-08-11 09:50:26] [INFO] [ARGUS_AI:plugin_manager.py:34] - Registered Pluggable Module: [data_cleaning] 'Data Cleaning Engine' (Order: 40)
[2026-08-11 09:50:26] [WARNING] [ARGUS_AI:plugin_manager.py:30] - Module 'data_profiling' is being re-registered.
[2026-08-11 09:50:26] [INFO] [ARGUS_AI:plugin_manager.py:34] - Registered Pluggable Module: [data_profiling] 'Data Profiling Engine' (Order: 50)
[2026-08-11 09:50:26] [WARNING] [ARGUS_AI:plugin_manager.py:30] - Module 'analytics_engine' is being re-registered.
[2026-08-11 09:50:26] [INFO] [ARGUS_AI:plugin_manager.py:34] - Registered Pluggable Module: [analytics_engine] 'Analytics & Forecasting' (Order: 60)
[2026-08-11 09:50:26] [WARNING] [ARGUS_AI:plugin_manager.py:30] - Module 'visualization_engine' is being re-registered.
[2026-08-11 09:50:26] [INFO] [ARGUS_AI:plugin_manager.py:34] - Registered Pluggable Module: [visualization_engine] 'Visualization Engine' (Order: 70)
[2026-08-11 09:50:26] [WARNING] [ARGUS_AI:plugin_manager.py:30] - Module 'settings' is being re-registered.
[2026-08-11 09:50:26] [INFO] [ARGUS_AI:plugin_manager.py:34] - Registered Pluggable Module: [settings] 'Platform Settings' (Order: 999)
[2026-08-11 09:50:26] [WARNING] [ARGUS_AI:plugin_manager.py:30] - Module 'home' is being re-registered.
[2026-08-11 09:50:26] [INFO] [ARGUS_AI:plugin_manager.py:34] - Registered Pluggable Module: [home] 'Home Dashboard' (Order: 1)
[2026-08-11 09:50:26] [WARNING] [ARGUS_AI:plugin_manager.py:30] - Module 'file_loader' is being re-registered.
[2026-08-11 09:50:26] [INFO] [ARGUS_AI:plugin_manager.py:34] - Registered Pluggable Module: [file_loader] 'Universal File Loader' (Order: 10)
[2026-08-11 09:50:26] [WARNING] [ARGUS_AI:plugin_manager.py:30] - Module 'db_connectors' is being re-registered.
[2026-08-11 09:50:26] [INFO] [ARGUS_AI:plugin_manager.py:34] - Registered Pluggable Module: [db_connectors] 'Database Connectors' (Order: 20)
[2026-08-11 09:50:26] [WARNING] [ARGUS_AI:plugin_manager.py:30] - Module 'ocr_engine' is being re-registered.
[2026-08-11 09:50:26] [INFO] [ARGUS_AI:plugin_manager.py:34] - Registered Pluggable Module: [ocr_engine] 'OCR & Document Extractor' (Order: 30)
[2026-08-11 09:50:26] [WARNING] [ARGUS_AI:plugin_manager.py:30] - Module 'data_cleaning' is being re-registered.
[2026-08-11 09:50:26] [INFO] [ARGUS_AI:plugin_manager.py:34] - Registered Pluggable Module: [data_cleaning] 'Data Cleaning Engine' (Order: 40)
[2026-08-11 09:50:26] [WARNING] [ARGUS_AI:plugin_manager.py:30] - Module 'data_profiling' is being re-registered.
[2026-08-11 09:50:26] [INFO] [ARGUS_AI:plugin_manager.py:34] - Registered Pluggable Module: [data_profiling] 'Data Profiling Engine' (Order: 50)
[2026-08-11 09:50:26] [WARNING] [ARGUS_AI:plugin_manager.py:30] - Module 'analytics_engine' is being re-registered.
[2026-08-11 09:50:26] [INFO] [ARGUS_AI:plugin_manager.py:34] - Registered Pluggable Module: [analytics_engine] 'Analytics & Forecasting' (Order: 60)
[2026-08-11 09:50:26] [WARNING] [ARGUS_AI:plugin_manager.py:30] - Module 'visualization_engine' is being re-registered.
[2026-08-11 09:50:26] [INFO] [ARGUS_AI:plugin_manager.py:34] - Registered Pluggable Module: [visualization_engine] 'Visualization Engine' (Order: 70)
[2026-08-11 09:50:26] [WARNING] [ARGUS_AI:plugin_manager.py:30] - Module 'settings' is being re-registered.
[2026-08-11 09:50:26] [INFO] [ARGUS_AI:plugin_manager.py:34] - Registered Pluggable Module: [settings] 'Platform Settings' (Order: 999)
[2026-08-11 09:50:27] [WARNING] [ARGUS_AI:plugin_manager.py:30] - Module 'home' is being re-registered.
[2026-08-11 09:50:27] [INFO] [ARGUS_AI:plugin_manager.py:34] - Registered Pluggable Module: [home] 'Home Dashboard' (Order: 1)
[2026-08-11 09:50:27] [WARNING] [ARGUS_AI:plugin_manager.py:30] - Module 'file_loader' is being re-registered.
[2026-08-11 09:50:27] [INFO] [ARGUS_AI:plugin_manager.py:34] - Registered Pluggable Module: [file_loader] 'Universal File Loader' (Order: 10)
[2026-08-11 09:50:27] [WARNING] [ARGUS_AI:plugin_manager.py:30] - Module 'db_connectors' is being re-registered.
[2026-08-11 09:50:27] [INFO] [ARGUS_AI:plugin_manager.py:34] - Registered Pluggable Module: [db_connectors] 'Database Connectors' (Order: 20)
[2026-08-11 09:50:27] [WARNING] [ARGUS_AI:plugin_manager.py:30] - Module 'ocr_engine' is being re-registered.
[2026-08-11 09:50:27] [INFO] [ARGUS_AI:plugin_manager.py:34] - Registered Pluggable Module: [ocr_engine] 'OCR & Document Extractor' (Order: 30)
[2026-08-11 09:50:27] [WARNING] [ARGUS_AI:plugin_manager.py:30] - Module 'data_cleaning' is being re-registered.
[2026-08-11 09:50:27] [INFO] [ARGUS_AI:plugin_manager.py:34] - Registered Pluggable Module: [data_cleaning] 'Data Cleaning Engine' (Order: 40)
[2026-08-11 09:50:27] [WARNING] [ARGUS_AI:plugin_manager.py:30] - Module 'data_profiling' is being re-registered.
[2026-08-11 09:50:27] [INFO] [ARGUS_AI:plugin_manager.py:34] - Registered Pluggable Module: [data_profiling] 'Data Profiling Engine' (Order: 50)
[2026-08-11 09:50:27] [WARNING] [ARGUS_AI:plugin_manager.py:30] - Module 'analytics_engine' is being re-registered.
[2026-08-11 09:50:27] [INFO] [ARGUS_AI:plugin_manager.py:34] - Registered Pluggable Module: [analytics_engine] 'Analytics & Forecasting' (Order: 60)
[2026-08-11 09:50:27] [WARNING] [ARGUS_AI:plugin_manager.py:30] - Module 'visualization_engine' is being re-registered.
[2026-08-11 09:50:27] [INFO] [ARGUS_AI:plugin_manager.py:34] - Registered Pluggable Module: [visualization_engine] 'Visualization Engine' (Order: 70)
[2026-08-11 09:50:27] [WARNING] [ARGUS_AI:plugin_manager.py:30] - Module 'settings' is being re-registered.
[2026-08-11 09:50:27] [INFO] [ARGUS_AI:plugin_manager.py:34] - Registered Pluggable Module: [settings] 'Platform Settings' (Order: 999)
[2026-08-11 09:50:27] [WARNING] [ARGUS_AI:plugin_manager.py:30] - Module 'home' is being re-registered.
[2026-08-11 09:50:27] [INFO] [ARGUS_AI:plugin_manager.py:34] - Registered Pluggable Module: [home] 'Home Dashboard' (Order: 1)
[2026-08-11 09:50:27] [WARNING] [ARGUS_AI:plugin_manager.py:30] - Module 'file_loader' is being re-registered.
[2026-08-11 09:50:27] [INFO] [ARGUS_AI:plugin_manager.py:34] - Registered Pluggable Module: [file_loader] 'Universal File Loader' (Order: 10)
[2026-08-11 09:50:27] [WARNING] [ARGUS_AI:plugin_manager.py:30] - Module 'db_connectors' is being re-registered.
[2026-08-11 09:50:27] [INFO] [ARGUS_AI:plugin_manager.py:34] - Registered Pluggable Module: [db_connectors] 'Database Connectors' (Order: 20)
[2026-08-11 09:50:27] [WARNING] [ARGUS_AI:plugin_manager.py:30] - Module 'ocr_engine' is being re-registered.
[2026-08-11 09:50:27] [INFO] [ARGUS_AI:plugin_manager.py:34] - Registered Pluggable Module: [ocr_engine] 'OCR & Document Extractor' (Order: 30)
[2026-08-11 09:50:27] [WARNING] [ARGUS_AI:plugin_manager.py:30] - Module 'data_cleaning' is being re-registered.
[2026-08-11 09:50:27] [INFO] [ARGUS_AI:plugin_manager.py:34] - Registered Pluggable Module: [data_cleaning] 'Data Cleaning Engine' (Order: 40)
[2026-08-11 09:50:27] [WARNING] [ARGUS_AI:plugin_manager.py:30] - Module 'data_profiling' is being re-registered.
[2026-08-11 09:50:27] [INFO] [ARGUS_AI:plugin_manager.py:34] - Registered Pluggable Module: [data_profiling] 'Data Profiling Engine' (Order: 50)
[2026-08-11 09:50:27] [WARNING] [ARGUS_AI:plugin_manager.py:30] - Module 'analytics_engine' is being re-registered.
[2026-08-11 09:50:27] [INFO] [ARGUS_AI:plugin_manager.py:34] - Registered Pluggable Module: [analytics_engine] 'Analytics & Forecasting' (Order: 60)
[2026-08-11 09:50:27] [WARNING] [ARGUS_AI:plugin_manager.py:30] - Module 'visualization_engine' is being re-registered.
[2026-08-11 09:50:27] [INFO] [ARGUS_AI:plugin_manager.py:34] - Registered Pluggable Module: [visualization_engine] 'Visualization Engine' (Order: 70)
[2026-08-11 09:50:27] [WARNING] [ARGUS_AI:plugin_manager.py:30] - Module 'settings' is being re-registered.
[2026-08-11 09:50:27] [INFO] [ARGUS_AI:plugin_manager.py:34] - Registered Pluggable Module: [settings] 'Platform Settings' (Order: 999)
[2026-08-11 09:53:06] [WARNING] [ARGUS_AI:plugin_manager.py:30] - Module 'home' is being re-registered.
[2026-08-11 09:53:06] [INFO] [ARGUS_AI:plugin_manager.py:34] - Registered Pluggable Module: [home] 'Home Dashboard' (Order: 1)
[2026-08-11 09:53:06] [WARNING] [ARGUS_AI:plugin_manager.py:30] - Module 'file_loader' is being re-registered.
[2026-08-11 09:53:06] [INFO] [ARGUS_AI:plugin_manager.py:34] - Registered Pluggable Module: [file_loader] 'Universal File Loader' (Order: 10)
[2026-08-11 09:53:06] [WARNING] [ARGUS_AI:plugin_manager.py:30] - Module 'db_connectors' is being re-registered.
[2026-08-11 09:53:06] [INFO] [ARGUS_AI:plugin_manager.py:34] - Registered Pluggable Module: [db_connectors] 'Database Connectors' (Order: 20)
[2026-08-11 09:53:06] [WARNING] [ARGUS_AI:plugin_manager.py:30] - Module 'ocr_engine' is being re-registered.
[2026-08-11 09:53:06] [INFO] [ARGUS_AI:plugin_manager.py:34] - Registered Pluggable Module: [ocr_engine] 'OCR & Document Extractor' (Order: 30)
[2026-08-11 09:53:06] [WARNING] [ARGUS_AI:plugin_manager.py:30] - Module 'data_cleaning' is being re-registered.
[2026-08-11 09:53:06] [INFO] [ARGUS_AI:plugin_manager.py:34] - Registered Pluggable Module: [data_cleaning] 'Data Cleaning Engine' (Order: 40)
[2026-08-11 09:53:06] [WARNING] [ARGUS_AI:plugin_manager.py:30] - Module 'data_profiling' is being re-registered.
[2026-08-11 09:53:06] [INFO] [ARGUS_AI:plugin_manager.py:34] - Registered Pluggable Module: [data_profiling] 'Data Profiling Engine' (Order: 50)
[2026-08-11 09:53:06] [WARNING] [ARGUS_AI:plugin_manager.py:30] - Module 'analytics_engine' is being re-registered.
[2026-08-11 09:53:06] [INFO] [ARGUS_AI:plugin_manager.py:34] - Registered Pluggable Module: [analytics_engine] 'Analytics & Forecasting' (Order: 60)
[2026-08-11 09:53:06] [WARNING] [ARGUS_AI:plugin_manager.py:30] - Module 'visualization_engine' is being re-registered.
[2026-08-11 09:53:06] [INFO] [ARGUS_AI:plugin_manager.py:34] - Registered Pluggable Module: [visualization_engine] 'Visualization Engine' (Order: 70)
[2026-08-11 09:53:06] [WARNING] [ARGUS_AI:plugin_manager.py:30] - Module 'settings' is being re-registered.
[2026-08-11 09:53:06] [INFO] [ARGUS_AI:plugin_manager.py:34] - Registered Pluggable Module: [settings] 'Platform Settings' (Order: 999)
[2026-08-11 09:53:06] [WARNING] [ARGUS_AI:plugin_manager.py:30] - Module 'home' is being re-registered.
[2026-08-11 09:53:06] [INFO] [ARGUS_AI:plugin_manager.py:34] - Registered Pluggable Module: [home] 'Home Dashboard' (Order: 1)
[2026-08-11 09:53:06] [WARNING] [ARGUS_AI:plugin_manager.py:30] - Module 'file_loader' is being re-registered.
[2026-08-11 09:53:06] [INFO] [ARGUS_AI:plugin_manager.py:34] - Registered Pluggable Module: [file_loader] 'Universal File Loader' (Order: 10)
[2026-08-11 09:53:06] [WARNING] [ARGUS_AI:plugin_manager.py:30] - Module 'db_connectors' is being re-registered.
[2026-08-11 09:53:06] [INFO] [ARGUS_AI:plugin_manager.py:34] - Registered Pluggable Module: [db_connectors] 'Database Connectors' (Order: 20)
[2026-08-11 09:53:06] [WARNING] [ARGUS_AI:plugin_manager.py:30] - Module 'ocr_engine' is being re-registered.
[2026-08-11 09:53:06] [INFO] [ARGUS_AI:plugin_manager.py:34] - Registered Pluggable Module: [ocr_engine] 'OCR & Document Extractor' (Order: 30)
[2026-08-11 09:53:06] [WARNING] [ARGUS_AI:plugin_manager.py:30] - Module 'data_cleaning' is being re-registered.
[2026-08-11 09:53:06] [INFO] [ARGUS_AI:plugin_manager.py:34] - Registered Pluggable Module: [data_cleaning] 'Data Cleaning Engine' (Order: 40)
[2026-08-11 09:53:06] [WARNING] [ARGUS_AI:plugin_manager.py:30] - Module 'data_profiling' is being re-registered.
[2026-08-11 09:53:06] [INFO] [ARGUS_AI:plugin_manager.py:34] - Registered Pluggable Module: [data_profiling] 'Data Profiling Engine' (Order: 50)
[2026-08-11 09:53:06] [WARNING] [ARGUS_AI:plugin_manager.py:30] - Module 'analytics_engine' is being re-registered.
[2026-08-11 09:53:06] [INFO] [ARGUS_AI:plugin_manager.py:34] - Registered Pluggable Module: [analytics_engine] 'Analytics & Forecasting' (Order: 60)
[2026-08-11 09:53:06] [WARNING] [ARGUS_AI:plugin_manager.py:30] - Module 'visualization_engine' is being re-registered.
[2026-08-11 09:53:06] [INFO] [ARGUS_AI:plugin_manager.py:34] - Registered Pluggable Module: [visualization_engine] 'Visualization Engine' (Order: 70)
[2026-08-11 09:53:06] [WARNING] [ARGUS_AI:plugin_manager.py:30] - Module 'settings' is being re-registered.
[2026-08-11 09:53:06] [INFO] [ARGUS_AI:plugin_manager.py:34] - Registered Pluggable Module: [settings] 'Platform Settings' (Order: 999)
[2026-08-11 09:53:07] [WARNING] [ARGUS_AI:plugin_manager.py:30] - Module 'home' is being re-registered.
[2026-08-11 09:53:07] [INFO] [ARGUS_AI:plugin_manager.py:34] - Registered Pluggable Module: [home] 'Home Dashboard' (Order: 1)
[2026-08-11 09:53:07] [WARNING] [ARGUS_AI:plugin_manager.py:30] - Module 'file_loader' is being re-registered.
[2026-08-11 09:53:07] [INFO] [ARGUS_AI:plugin_manager.py:34] - Registered Pluggable Module: [file_loader] 'Universal File Loader' (Order: 10)
[2026-08-11 09:53:07] [WARNING] [ARGUS_AI:plugin_manager.py:30] - Module 'db_connectors' is being re-registered.
[2026-08-11 09:53:07] [INFO] [ARGUS_AI:plugin_manager.py:34] - Registered Pluggable Module: [db_connectors] 'Database Connectors' (Order: 20)
[2026-08-11 09:53:07] [WARNING] [ARGUS_AI:plugin_manager.py:30] - Module 'ocr_engine' is being re-registered.
[2026-08-11 09:53:07] [INFO] [ARGUS_AI:plugin_manager.py:34] - Registered Pluggable Module: [ocr_engine] 'OCR & Document Extractor' (Order: 30)
[2026-08-11 09:53:07] [WARNING] [ARGUS_AI:plugin_manager.py:30] - Module 'data_cleaning' is being re-registered.
[2026-08-11 09:53:07] [INFO] [ARGUS_AI:plugin_manager.py:34] - Registered Pluggable Module: [data_cleaning] 'Data Cleaning Engine' (Order: 40)
[2026-08-11 09:53:07] [WARNING] [ARGUS_AI:plugin_manager.py:30] - Module 'data_profiling' is being re-registered.
[2026-08-11 09:53:07] [INFO] [ARGUS_AI:plugin_manager.py:34] - Registered Pluggable Module: [data_profiling] 'Data Profiling Engine' (Order: 50)
[2026-08-11 09:53:07] [WARNING] [ARGUS_AI:plugin_manager.py:30] - Module 'analytics_engine' is being re-registered.
[2026-08-11 09:53:07] [INFO] [ARGUS_AI:plugin_manager.py:34] - Registered Pluggable Module: [analytics_engine] 'Analytics & Forecasting' (Order: 60)
[2026-08-11 09:53:07] [WARNING] [ARGUS_AI:plugin_manager.py:30] - Module 'visualization_engine' is being re-registered.
[2026-08-11 09:53:07] [INFO] [ARGUS_AI:plugin_manager.py:34] - Registered Pluggable Module: [visualization_engine] 'Visualization Engine' (Order: 70)
[2026-08-11 09:53:07] [WARNING] [ARGUS_AI:plugin_manager.py:30] - Module 'settings' is being re-registered.
[2026-08-11 09:53:07] [INFO] [ARGUS_AI:plugin_manager.py:34] - Registered Pluggable Module: [settings] 'Platform Settings' (Order: 999)
[2026-08-11 09:53:08] [WARNING] [ARGUS_AI:plugin_manager.py:30] - Module 'home' is being re-registered.
[2026-08-11 09:53:08] [INFO] [ARGUS_AI:plugin_manager.py:34] - Registered Pluggable Module: [home] 'Home Dashboard' (Order: 1)
[2026-08-11 09:53:08] [WARNING] [ARGUS_AI:plugin_manager.py:30] - Module 'file_loader' is being re-registered.
[2026-08-11 09:53:08] [INFO] [ARGUS_AI:plugin_manager.py:34] - Registered Pluggable Module: [file_loader] 'Universal File Loader' (Order: 10)
[2026-08-11 09:53:08] [WARNING] [ARGUS_AI:plugin_manager.py:30] - Module 'db_connectors' is being re-registered.
[2026-08-11 09:53:08] [INFO] [ARGUS_AI:plugin_manager.py:34] - Registered Pluggable Module: [db_connectors] 'Database Connectors' (Order: 20)
[2026-08-11 09:53:08] [WARNING] [ARGUS_AI:plugin_manager.py:30] - Module 'ocr_engine' is being re-registered.
[2026-08-11 09:53:08] [INFO] [ARGUS_AI:plugin_manager.py:34] - Registered Pluggable Module: [ocr_engine] 'OCR & Document Extractor' (Order: 30)
[2026-08-11 09:53:08] [WARNING] [ARGUS_AI:plugin_manager.py:30] - Module 'data_cleaning' is being re-registered.
[2026-08-11 09:53:08] [INFO] [ARGUS_AI:plugin_manager.py:34] - Registered Pluggable Module: [data_cleaning] 'Data Cleaning Engine' (Order: 40)
[2026-08-11 09:53:08] [WARNING] [ARGUS_AI:plugin_manager.py:30] - Module 'data_profiling' is being re-registered.
[2026-08-11 09:53:08] [INFO] [ARGUS_AI:plugin_manager.py:34] - Registered Pluggable Module: [data_profiling] 'Data Profiling Engine' (Order: 50)
[2026-08-11 09:53:08] [WARNING] [ARGUS_AI:plugin_manager.py:30] - Module 'analytics_engine' is being re-registered.
[2026-08-11 09:53:08] [INFO] [ARGUS_AI:plugin_manager.py:34] - Registered Pluggable Module: [analytics_engine] 'Analytics & Forecasting' (Order: 60)
[2026-08-11 09:53:08] [WARNING] [ARGUS_AI:plugin_manager.py:30] - Module 'visualization_engine' is being re-registered.
[2026-08-11 09:53:08] [INFO] [ARGUS_AI:plugin_manager.py:34] - Registered Pluggable Module: [visualization_engine] 'Visualization Engine' (Order: 70)
[2026-08-11 09:53:08] [WARNING] [ARGUS_AI:plugin_manager.py:30] - Module 'settings' is being re-registered.
[2026-08-11 09:53:08] [INFO] [ARGUS_AI:plugin_manager.py:34] - Registered Pluggable Module: [settings] 'Platform Settings' (Order: 999)
[2026-08-11 09:53:26] [WARNING] [ARGUS_AI:plugin_manager.py:30] - Module 'home' is being re-registered.
[2026-08-11 09:53:26] [INFO] [ARGUS_AI:plugin_manager.py:34] - Registered Pluggable Module: [home] 'Home Dashboard' (Order: 1)
[2026-08-11 09:53:26] [WARNING] [ARGUS_AI:plugin_manager.py:30] - Module 'file_loader' is being re-registered.
[2026-08-11 09:53:26] [INFO] [ARGUS_AI:plugin_manager.py:34] - Registered Pluggable Module: [file_loader] 'Universal File Loader' (Order: 10)
[2026-08-11 09:53:26] [WARNING] [ARGUS_AI:plugin_manager.py:30] - Module 'db_connectors' is being re-registered.
[2026-08-11 09:53:26] [INFO] [ARGUS_AI:plugin_manager.py:34] - Registered Pluggable Module: [db_connectors] 'Database Connectors' (Order: 20)
[2026-08-11 09:53:26] [WARNING] [ARGUS_AI:plugin_manager.py:30] - Module 'ocr_engine' is being re-registered.
[2026-08-11 09:53:26] [INFO] [ARGUS_AI:plugin_manager.py:34] - Registered Pluggable Module: [ocr_engine] 'OCR & Document Extractor' (Order: 30)
[2026-08-11 09:53:26] [WARNING] [ARGUS_AI:plugin_manager.py:30] - Module 'data_cleaning' is being re-registered.
[2026-08-11 09:53:26] [INFO] [ARGUS_AI:plugin_manager.py:34] - Registered Pluggable Module: [data_cleaning] 'Data Cleaning Engine' (Order: 40)
[2026-08-11 09:53:26] [WARNING] [ARGUS_AI:plugin_manager.py:30] - Module 'data_profiling' is being re-registered.
[2026-08-11 09:53:26] [INFO] [ARGUS_AI:plugin_manager.py:34] - Registered Pluggable Module: [data_profiling] 'Data Profiling Engine' (Order: 50)
[2026-08-11 09:53:26] [WARNING] [ARGUS_AI:plugin_manager.py:30] - Module 'analytics_engine' is being re-registered.
[2026-08-11 09:53:26] [INFO] [ARGUS_AI:plugin_manager.py:34] - Registered Pluggable Module: [analytics_engine] 'Analytics & Forecasting' (Order: 60)
[2026-08-11 09:53:26] [WARNING] [ARGUS_AI:plugin_manager.py:30] - Module 'visualization_engine' is being re-registered.
[2026-08-11 09:53:26] [INFO] [ARGUS_AI:plugin_manager.py:34] - Registered Pluggable Module: [visualization_engine] 'Visualization Engine' (Order: 70)
[2026-08-11 09:53:26] [WARNING] [ARGUS_AI:plugin_manager.py:30] - Module 'settings' is being re-registered.
[2026-08-11 09:53:26] [INFO] [ARGUS_AI:plugin_manager.py:34] - Registered Pluggable Module: [settings] 'Platform Settings' (Order: 999)
[2026-08-11 09:53:26] [WARNING] [ARGUS_AI:plugin_manager.py:30] - Module 'home' is being re-registered.
[2026-08-11 09:53:26] [INFO] [ARGUS_AI:plugin_manager.py:34] - Registered Pluggable Module: [home] 'Home Dashboard' (Order: 1)
[2026-08-11 09:53:26] [WARNING] [ARGUS_AI:plugin_manager.py:30] - Module 'file_loader' is being re-registered.
[2026-08-11 09:53:26] [INFO] [ARGUS_AI:plugin_manager.py:34] - Registered Pluggable Module: [file_loader] 'Universal File Loader' (Order: 10)
[2026-08-11 09:53:26] [WARNING] [ARGUS_AI:plugin_manager.py:30] - Module 'db_connectors' is being re-registered.
[2026-08-11 09:53:26] [INFO] [ARGUS_AI:plugin_manager.py:34] - Registered Pluggable Module: [db_connectors] 'Database Connectors' (Order: 20)
[2026-08-11 09:53:26] [WARNING] [ARGUS_AI:plugin_manager.py:30] - Module 'ocr_engine' is being re-registered.
[2026-08-11 09:53:26] [INFO] [ARGUS_AI:plugin_manager.py:34] - Registered Pluggable Module: [ocr_engine] 'OCR & Document Extractor' (Order: 30)
[2026-08-11 09:53:26] [WARNING] [ARGUS_AI:plugin_manager.py:30] - Module 'data_cleaning' is being re-registered.
[2026-08-11 09:53:26] [INFO] [ARGUS_AI:plugin_manager.py:34] - Registered Pluggable Module: [data_cleaning] 'Data Cleaning Engine' (Order: 40)
[2026-08-11 09:53:26] [WARNING] [ARGUS_AI:plugin_manager.py:30] - Module 'data_profiling' is being re-registered.
[2026-08-11 09:53:26] [INFO] [ARGUS_AI:plugin_manager.py:34] - Registered Pluggable Module: [data_profiling] 'Data Profiling Engine' (Order: 50)
[2026-08-11 09:53:26] [WARNING] [ARGUS_AI:plugin_manager.py:30] - Module 'analytics_engine' is being re-registered.
[2026-08-11 09:53:26] [INFO] [ARGUS_AI:plugin_manager.py:34] - Registered Pluggable Module: [analytics_engine] 'Analytics & Forecasting' (Order: 60)
[2026-08-11 09:53:26] [WARNING] [ARGUS_AI:plugin_manager.py:30] - Module 'visualization_engine' is being re-registered.
[2026-08-11 09:53:26] [INFO] [ARGUS_AI:plugin_manager.py:34] - Registered Pluggable Module: [visualization_engine] 'Visualization Engine' (Order: 70)
[2026-08-11 09:53:26] [WARNING] [ARGUS_AI:plugin_manager.py:30] - Module 'settings' is being re-registered.
[2026-08-11 09:53:26] [INFO] [ARGUS_AI:plugin_manager.py:34] - Registered Pluggable Module: [settings] 'Platform Settings' (Order: 999)
[2026-08-11 09:53:28] [WARNING] [ARGUS_AI:plugin_manager.py:30] - Module 'home' is being re-registered.
[2026-08-11 09:53:28] [INFO] [ARGUS_AI:plugin_manager.py:34] - Registered Pluggable Module: [home] 'Home Dashboard' (Order: 1)
[2026-08-11 09:53:28] [WARNING] [ARGUS_AI:plugin_manager.py:30] - Module 'file_loader' is being re-registered.
[2026-08-11 09:53:28] [INFO] [ARGUS_AI:plugin_manager.py:34] - Registered Pluggable Module: [file_loader] 'Universal File Loader' (Order: 10)
[2026-08-11 09:53:28] [WARNING] [ARGUS_AI:plugin_manager.py:30] - Module 'db_connectors' is being re-registered.
[2026-08-11 09:53:28] [INFO] [ARGUS_AI:plugin_manager.py:34] - Registered Pluggable Module: [db_connectors] 'Database Connectors' (Order: 20)
[2026-08-11 09:53:28] [WARNING] [ARGUS_AI:plugin_manager.py:30] - Module 'ocr_engine' is being re-registered.
[2026-08-11 09:53:28] [INFO] [ARGUS_AI:plugin_manager.py:34] - Registered Pluggable Module: [ocr_engine] 'OCR & Document Extractor' (Order: 30)
[2026-08-11 09:53:28] [WARNING] [ARGUS_AI:plugin_manager.py:30] - Module 'data_cleaning' is being re-registered.
[2026-08-11 09:53:28] [INFO] [ARGUS_AI:plugin_manager.py:34] - Registered Pluggable Module: [data_cleaning] 'Data Cleaning Engine' (Order: 40)
[2026-08-11 09:53:28] [WARNING] [ARGUS_AI:plugin_manager.py:30] - Module 'data_profiling' is being re-registered.
[2026-08-11 09:53:28] [INFO] [ARGUS_AI:plugin_manager.py:34] - Registered Pluggable Module: [data_profiling] 'Data Profiling Engine' (Order: 50)
[2026-08-11 09:53:28] [WARNING] [ARGUS_AI:plugin_manager.py:30] - Module 'analytics_engine' is being re-registered.
[2026-08-11 09:53:28] [INFO] [ARGUS_AI:plugin_manager.py:34] - Registered Pluggable Module: [analytics_engine] 'Analytics & Forecasting' (Order: 60)
[2026-08-11 09:53:28] [WARNING] [ARGUS_AI:plugin_manager.py:30] - Module 'visualization_engine' is being re-registered.
[2026-08-11 09:53:28] [INFO] [ARGUS_AI:plugin_manager.py:34] - Registered Pluggable Module: [visualization_engine] 'Visualization Engine' (Order: 70)
[2026-08-11 09:53:28] [WARNING] [ARGUS_AI:plugin_manager.py:30] - Module 'settings' is being re-registered.
[2026-08-11 09:53:28] [INFO] [ARGUS_AI:plugin_manager.py:34] - Registered Pluggable Module: [settings] 'Platform Settings' (Order: 999)
[2026-08-11 09:53:28] [WARNING] [ARGUS_AI:plugin_manager.py:30] - Module 'home' is being re-registered.
[2026-08-11 09:53:28] [INFO] [ARGUS_AI:plugin_manager.py:34] - Registered Pluggable Module: [home] 'Home Dashboard' (Order: 1)
[2026-08-11 09:53:28] [WARNING] [ARGUS_AI:plugin_manager.py:30] - Module 'file_loader' is being re-registered.
[2026-08-11 09:53:28] [INFO] [ARGUS_AI:plugin_manager.py:34] - Registered Pluggable Module: [file_loader] 'Universal File Loader' (Order: 10)
[2026-08-11 09:53:28] [WARNING] [ARGUS_AI:plugin_manager.py:30] - Module 'db_connectors' is being re-registered.
[2026-08-11 09:53:28] [INFO] [ARGUS_AI:plugin_manager.py:34] - Registered Pluggable Module: [db_connectors] 'Database Connectors' (Order: 20)
[2026-08-11 09:53:28] [WARNING] [ARGUS_AI:plugin_manager.py:30] - Module 'ocr_engine' is being re-registered.
[2026-08-11 09:53:28] [INFO] [ARGUS_AI:plugin_manager.py:34] - Registered Pluggable Module: [ocr_engine] 'OCR & Document Extractor' (Order: 30)
[2026-08-11 09:53:28] [WARNING] [ARGUS_AI:plugin_manager.py:30] - Module 'data_cleaning' is being re-registered.
[2026-08-11 09:53:28] [INFO] [ARGUS_AI:plugin_manager.py:34] - Registered Pluggable Module: [data_cleaning] 'Data Cleaning Engine' (Order: 40)
[2026-08-11 09:53:28] [WARNING] [ARGUS_AI:plugin_manager.py:30] - Module 'data_profiling' is being re-registered.
[2026-08-11 09:53:28] [INFO] [ARGUS_AI:plugin_manager.py:34] - Registered Pluggable Module: [data_profiling] 'Data Profiling Engine' (Order: 50)
[2026-08-11 09:53:28] [WARNING] [ARGUS_AI:plugin_manager.py:30] - Module 'analytics_engine' is being re-registered.
[2026-08-11 09:53:28] [INFO] [ARGUS_AI:plugin_manager.py:34] - Registered Pluggable Module: [analytics_engine] 'Analytics & Forecasting' (Order: 60)
[2026-08-11 09:53:28] [WARNING] [ARGUS_AI:plugin_manager.py:30] - Module 'visualization_engine' is being re-registered.
[2026-08-11 09:53:28] [INFO] [ARGUS_AI:plugin_manager.py:34] - Registered Pluggable Module: [visualization_engine] 'Visualization Engine' (Order: 70)
[2026-08-11 09:53:28] [WARNING] [ARGUS_AI:plugin_manager.py:30] - Module 'settings' is being re-registered.
[2026-08-11 09:53:28] [INFO] [ARGUS_AI:plugin_manager.py:34] - Registered Pluggable Module: [settings] 'Platform Settings' (Order: 999)
[2026-08-11 09:53:30] [WARNING] [ARGUS_AI:plugin_manager.py:30] - Module 'home' is being re-registered.
[2026-08-11 09:53:30] [INFO] [ARGUS_AI:plugin_manager.py:34] - Registered Pluggable Module: [home] 'Home Dashboard' (Order: 1)
[2026-08-11 09:53:30] [WARNING] [ARGUS_AI:plugin_manager.py:30] - Module 'file_loader' is being re-registered.
[2026-08-11 09:53:30] [INFO] [ARGUS_AI:plugin_manager.py:34] - Registered Pluggable Module: [file_loader] 'Universal File Loader' (Order: 10)
[2026-08-11 09:53:30] [WARNING] [ARGUS_AI:plugin_manager.py:30] - Module 'db_connectors' is being re-registered.
[2026-08-11 09:53:30] [INFO] [ARGUS_AI:plugin_manager.py:34] - Registered Pluggable Module: [db_connectors] 'Database Connectors' (Order: 20)
[2026-08-11 09:53:30] [WARNING] [ARGUS_AI:plugin_manager.py:30] - Module 'ocr_engine' is being re-registered.
[2026-08-11 09:53:30] [INFO] [ARGUS_AI:plugin_manager.py:34] - Registered Pluggable Module: [ocr_engine] 'OCR & Document Extractor' (Order: 30)
[2026-08-11 09:53:30] [WARNING] [ARGUS_AI:plugin_manager.py:30] - Module 'data_cleaning' is being re-registered.
[2026-08-11 09:53:30] [INFO] [ARGUS_AI:plugin_manager.py:34] - Registered Pluggable Module: [data_cleaning] 'Data Cleaning Engine' (Order: 40)
[2026-08-11 09:53:30] [WARNING] [ARGUS_AI:plugin_manager.py:30] - Module 'data_profiling' is being re-registered.
[2026-08-11 09:53:30] [INFO] [ARGUS_AI:plugin_manager.py:34] - Registered Pluggable Module: [data_profiling] 'Data Profiling Engine' (Order: 50)
[2026-08-11 09:53:30] [WARNING] [ARGUS_AI:plugin_manager.py:30] - Module 'analytics_engine' is being re-registered.
[2026-08-11 09:53:30] [INFO] [ARGUS_AI:plugin_manager.py:34] - Registered Pluggable Module: [analytics_engine] 'Analytics & Forecasting' (Order: 60)
[2026-08-11 09:53:30] [WARNING] [ARGUS_AI:plugin_manager.py:30] - Module 'visualization_engine' is being re-registered.
[2026-08-11 09:53:30] [INFO] [ARGUS_AI:plugin_manager.py:34] - Registered Pluggable Module: [visualization_engine] 'Visualization Engine' (Order: 70)
[2026-08-11 09:53:30] [WARNING] [ARGUS_AI:plugin_manager.py:30] - Module 'settings' is being re-registered.
[2026-08-11 09:53:30] [INFO] [ARGUS_AI:plugin_manager.py:34] - Registered Pluggable Module: [settings] 'Platform Settings' (Order: 999)
[2026-08-11 09:53:30] [WARNING] [ARGUS_AI:plugin_manager.py:30] - Module 'home' is being re-registered.
[2026-08-11 09:53:30] [INFO] [ARGUS_AI:plugin_manager.py:34] - Registered Pluggable Module: [home] 'Home Dashboard' (Order: 1)
[2026-08-11 09:53:30] [WARNING] [ARGUS_AI:plugin_manager.py:30] - Module 'file_loader' is being re-registered.
[2026-08-11 09:53:30] [INFO] [ARGUS_AI:plugin_manager.py:34] - Registered Pluggable Module: [file_loader] 'Universal File Loader' (Order: 10)
[2026-08-11 09:53:30] [WARNING] [ARGUS_AI:plugin_manager.py:30] - Module 'db_connectors' is being re-registered.
[2026-08-11 09:53:30] [INFO] [ARGUS_AI:plugin_manager.py:34] - Registered Pluggable Module: [db_connectors] 'Database Connectors' (Order: 20)
[2026-08-11 09:53:30] [WARNING] [ARGUS_AI:plugin_manager.py:30] - Module 'ocr_engine' is being re-registered.
[2026-08-11 09:53:30] [INFO] [ARGUS_AI:plugin_manager.py:34] - Registered Pluggable Module: [ocr_engine] 'OCR & Document Extractor' (Order: 30)
[2026-08-11 09:53:30] [WARNING] [ARGUS_AI:plugin_manager.py:30] - Module 'data_cleaning' is being re-registered.
[2026-08-11 09:53:30] [INFO] [ARGUS_AI:plugin_manager.py:34] - Registered Pluggable Module: [data_cleaning] 'Data Cleaning Engine' (Order: 40)
[2026-08-11 09:53:30] [WARNING] [ARGUS_AI:plugin_manager.py:30] - Module 'data_profiling' is being re-registered.
[2026-08-11 09:53:30] [INFO] [ARGUS_AI:plugin_manager.py:34] - Registered Pluggable Module: [data_profiling] 'Data Profiling Engine' (Order: 50)
[2026-08-11 09:53:30] [WARNING] [ARGUS_AI:plugin_manager.py:30] - Module 'analytics_engine' is being re-registered.
[2026-08-11 09:53:30] [INFO] [ARGUS_AI:plugin_manager.py:34] - Registered Pluggable Module: [analytics_engine] 'Analytics & Forecasting' (Order: 60)
[2026-08-11 09:53:30] [WARNING] [ARGUS_AI:plugin_manager.py:30] - Module 'visualization_engine' is being re-registered.
[2026-08-11 09:53:30] [INFO] [ARGUS_AI:plugin_manager.py:34] - Registered Pluggable Module: [visualization_engine] 'Visualization Engine' (Order: 70)
[2026-08-11 09:53:30] [WARNING] [ARGUS_AI:plugin_manager.py:30] - Module 'settings' is being re-registered.
[2026-08-11 09:53:30] [INFO] [ARGUS_AI:plugin_manager.py:34] - Registered Pluggable Module: [settings] 'Platform Settings' (Order: 999)
[2026-08-11 09:53:31] [WARNING] [ARGUS_AI:plugin_manager.py:30] - Module 'home' is being re-registered.
[2026-08-11 09:53:31] [INFO] [ARGUS_AI:plugin_manager.py:34] - Registered Pluggable Module: [home] 'Home Dashboard' (Order: 1)
[2026-08-11 09:53:31] [WARNING] [ARGUS_AI:plugin_manager.py:30] - Module 'file_loader' is being re-registered.
[2026-08-11 09:53:31] [INFO] [ARGUS_AI:plugin_manager.py:34] - Registered Pluggable Module: [file_loader] 'Universal File Loader' (Order: 10)
[2026-08-11 09:53:31] [WARNING] [ARGUS_AI:plugin_manager.py:30] - Module 'db_connectors' is being re-registered.
[2026-08-11 09:53:31] [INFO] [ARGUS_AI:plugin_manager.py:34] - Registered Pluggable Module: [db_connectors] 'Database Connectors' (Order: 20)
[2026-08-11 09:53:31] [WARNING] [ARGUS_AI:plugin_manager.py:30] - Module 'ocr_engine' is being re-registered.
[2026-08-11 09:53:31] [INFO] [ARGUS_AI:plugin_manager.py:34] - Registered Pluggable Module: [ocr_engine] 'OCR & Document Extractor' (Order: 30)
[2026-08-11 09:53:31] [WARNING] [ARGUS_AI:plugin_manager.py:30] - Module 'data_cleaning' is being re-registered.
[2026-08-11 09:53:31] [INFO] [ARGUS_AI:plugin_manager.py:34] - Registered Pluggable Module: [data_cleaning] 'Data Cleaning Engine' (Order: 40)
[2026-08-11 09:53:31] [WARNING] [ARGUS_AI:plugin_manager.py:30] - Module 'data_profiling' is being re-registered.
[2026-08-11 09:53:31] [INFO] [ARGUS_AI:plugin_manager.py:34] - Registered Pluggable Module: [data_profiling] 'Data Profiling Engine' (Order: 50)
[2026-08-11 09:53:31] [WARNING] [ARGUS_AI:plugin_manager.py:30] - Module 'analytics_engine' is being re-registered.
[2026-08-11 09:53:31] [INFO] [ARGUS_AI:plugin_manager.py:34] - Registered Pluggable Module: [analytics_engine] 'Analytics & Forecasting' (Order: 60)
[2026-08-11 09:53:31] [WARNING] [ARGUS_AI:plugin_manager.py:30] - Module 'visualization_engine' is being re-registered.
[2026-08-11 09:53:31] [INFO] [ARGUS_AI:plugin_manager.py:34] - Registered Pluggable Module: [visualization_engine] 'Visualization Engine' (Order: 70)
[2026-08-11 09:53:31] [WARNING] [ARGUS_AI:plugin_manager.py:30] - Module 'settings' is being re-registered.
[2026-08-11 09:53:31] [INFO] [ARGUS_AI:plugin_manager.py:34] - Registered Pluggable Module: [settings] 'Platform Settings' (Order: 999)
[2026-08-11 09:53:32] [WARNING] [ARGUS_AI:plugin_manager.py:30] - Module 'home' is being re-registered.
[2026-08-11 09:53:32] [INFO] [ARGUS_AI:plugin_manager.py:34] - Registered Pluggable Module: [home] 'Home Dashboard' (Order: 1)
[2026-08-11 09:53:32] [WARNING] [ARGUS_AI:plugin_manager.py:30] - Module 'file_loader' is being re-registered.
[2026-08-11 09:53:32] [INFO] [ARGUS_AI:plugin_manager.py:34] - Registered Pluggable Module: [file_loader] 'Universal File Loader' (Order: 10)
[2026-08-11 09:53:32] [WARNING] [ARGUS_AI:plugin_manager.py:30] - Module 'db_connectors' is being re-registered.
[2026-08-11 09:53:32] [INFO] [ARGUS_AI:plugin_manager.py:34] - Registered Pluggable Module: [db_connectors] 'Database Connectors' (Order: 20)
[2026-08-11 09:53:32] [WARNING] [ARGUS_AI:plugin_manager.py:30] - Module 'ocr_engine' is being re-registered.
[2026-08-11 09:53:32] [INFO] [ARGUS_AI:plugin_manager.py:34] - Registered Pluggable Module: [ocr_engine] 'OCR & Document Extractor' (Order: 30)
[2026-08-11 09:53:32] [WARNING] [ARGUS_AI:plugin_manager.py:30] - Module 'data_cleaning' is being re-registered.
[2026-08-11 09:53:32] [INFO] [ARGUS_AI:plugin_manager.py:34] - Registered Pluggable Module: [data_cleaning] 'Data Cleaning Engine' (Order: 40)
[2026-08-11 09:53:32] [WARNING] [ARGUS_AI:plugin_manager.py:30] - Module 'data_profiling' is being re-registered.
[2026-08-11 09:53:32] [INFO] [ARGUS_AI:plugin_manager.py:34] - Registered Pluggable Module: [data_profiling] 'Data Profiling Engine' (Order: 50)
[2026-08-11 09:53:32] [WARNING] [ARGUS_AI:plugin_manager.py:30] - Module 'analytics_engine' is being re-registered.
[2026-08-11 09:53:32] [INFO] [ARGUS_AI:plugin_manager.py:34] - Registered Pluggable Module: [analytics_engine] 'Analytics & Forecasting' (Order: 60)
[2026-08-11 09:53:32] [WARNING] [ARGUS_AI:plugin_manager.py:30] - Module 'visualization_engine' is being re-registered.
[2026-08-11 09:53:32] [INFO] [ARGUS_AI:plugin_manager.py:34] - Registered Pluggable Module: [visualization_engine] 'Visualization Engine' (Order: 70)
[2026-08-11 09:53:32] [WARNING] [ARGUS_AI:plugin_manager.py:30] - Module 'settings' is being re-registered.
[2026-08-11 09:53:32] [INFO] [ARGUS_AI:plugin_manager.py:34] - Registered Pluggable Module: [settings] 'Platform Settings' (Order: 999)
[2026-08-11 09:53:35] [WARNING] [ARGUS_AI:plugin_manager.py:30] - Module 'home' is being re-registered.
[2026-08-11 09:53:35] [INFO] [ARGUS_AI:plugin_manager.py:34] - Registered Pluggable Module: [home] 'Home Dashboard' (Order: 1)
[2026-08-11 09:53:35] [WARNING] [ARGUS_AI:plugin_manager.py:30] - Module 'file_loader' is being re-registered.
[2026-08-11 09:53:35] [INFO] [ARGUS_AI:plugin_manager.py:34] - Registered Pluggable Module: [file_loader] 'Universal File Loader' (Order: 10)
[2026-08-11 09:53:35] [WARNING] [ARGUS_AI:plugin_manager.py:30] - Module 'db_connectors' is being re-registered.
[2026-08-11 09:53:35] [INFO] [ARGUS_AI:plugin_manager.py:34] - Registered Pluggable Module: [db_connectors] 'Database Connectors' (Order: 20)
[2026-08-11 09:53:35] [WARNING] [ARGUS_AI:plugin_manager.py:30] - Module 'ocr_engine' is being re-registered.
[2026-08-11 09:53:35] [INFO] [ARGUS_AI:plugin_manager.py:34] - Registered Pluggable Module: [ocr_engine] 'OCR & Document Extractor' (Order: 30)
[2026-08-11 09:53:35] [WARNING] [ARGUS_AI:plugin_manager.py:30] - Module 'data_cleaning' is being re-registered.
[2026-08-11 09:53:35] [INFO] [ARGUS_AI:plugin_manager.py:34] - Registered Pluggable Module: [data_cleaning] 'Data Cleaning Engine' (Order: 40)
[2026-08-11 09:53:35] [WARNING] [ARGUS_AI:plugin_manager.py:30] - Module 'data_profiling' is being re-registered.
[2026-08-11 09:53:35] [INFO] [ARGUS_AI:plugin_manager.py:34] - Registered Pluggable Module: [data_profiling] 'Data Profiling Engine' (Order: 50)
[2026-08-11 09:53:35] [WARNING] [ARGUS_AI:plugin_manager.py:30] - Module 'analytics_engine' is being re-registered.
[2026-08-11 09:53:35] [INFO] [ARGUS_AI:plugin_manager.py:34] - Registered Pluggable Module: [analytics_engine] 'Analytics & Forecasting' (Order: 60)
[2026-08-11 09:53:35] [WARNING] [ARGUS_AI:plugin_manager.py:30] - Module 'visualization_engine' is being re-registered.
[2026-08-11 09:53:35] [INFO] [ARGUS_AI:plugin_manager.py:34] - Registered Pluggable Module: [visualization_engine] 'Visualization Engine' (Order: 70)
[2026-08-11 09:53:35] [WARNING] [ARGUS_AI:plugin_manager.py:30] - Module 'settings' is being re-registered.
[2026-08-11 09:53:35] [INFO] [ARGUS_AI:plugin_manager.py:34] - Registered Pluggable Module: [settings] 'Platform Settings' (Order: 999)
[2026-08-11 09:53:35] [WARNING] [ARGUS_AI:plugin_manager.py:30] - Module 'home' is being re-registered.
[2026-08-11 09:53:35] [INFO] [ARGUS_AI:plugin_manager.py:34] - Registered Pluggable Module: [home] 'Home Dashboard' (Order: 1)
[2026-08-11 09:53:35] [WARNING] [ARGUS_AI:plugin_manager.py:30] - Module 'file_loader' is being re-registered.
[2026-08-11 09:53:35] [INFO] [ARGUS_AI:plugin_manager.py:34] - Registered Pluggable Module: [file_loader] 'Universal File Loader' (Order: 10)
[2026-08-11 09:53:35] [WARNING] [ARGUS_AI:plugin_manager.py:30] - Module 'db_connectors' is being re-registered.
[2026-08-11 09:53:35] [INFO] [ARGUS_AI:plugin_manager.py:34] - Registered Pluggable Module: [db_connectors] 'Database Connectors' (Order: 20)
[2026-08-11 09:53:35] [WARNING] [ARGUS_AI:plugin_manager.py:30] - Module 'ocr_engine' is being re-registered.
[2026-08-11 09:53:35] [INFO] [ARGUS_AI:plugin_manager.py:34] - Registered Pluggable Module: [ocr_engine] 'OCR & Document Extractor' (Order: 30)
[2026-08-11 09:53:35] [WARNING] [ARGUS_AI:plugin_manager.py:30] - Module 'data_cleaning' is being re-registered.
[2026-08-11 09:53:35] [INFO] [ARGUS_AI:plugin_manager.py:34] - Registered Pluggable Module: [data_cleaning] 'Data Cleaning Engine' (Order: 40)
[2026-08-11 09:53:35] [WARNING] [ARGUS_AI:plugin_manager.py:30] - Module 'data_profiling' is being re-registered.
[2026-08-11 09:53:35] [INFO] [ARGUS_AI:plugin_manager.py:34] - Registered Pluggable Module: [data_profiling] 'Data Profiling Engine' (Order: 50)
[2026-08-11 09:53:35] [WARNING] [ARGUS_AI:plugin_manager.py:30] - Module 'analytics_engine' is being re-registered.
[2026-08-11 09:53:35] [INFO] [ARGUS_AI:plugin_manager.py:34] - Registered Pluggable Module: [analytics_engine] 'Analytics & Forecasting' (Order: 60)
[2026-08-11 09:53:35] [WARNING] [ARGUS_AI:plugin_manager.py:30] - Module 'visualization_engine' is being re-registered.
[2026-08-11 09:53:35] [INFO] [ARGUS_AI:plugin_manager.py:34] - Registered Pluggable Module: [visualization_engine] 'Visualization Engine' (Order: 70)
[2026-08-11 09:53:35] [WARNING] [ARGUS_AI:plugin_manager.py:30] - Module 'settings' is being re-registered.
[2026-08-11 09:53:35] [INFO] [ARGUS_AI:plugin_manager.py:34] - Registered Pluggable Module: [settings] 'Platform Settings' (Order: 999)
[2026-08-11 09:53:39] [WARNING] [ARGUS_AI:plugin_manager.py:30] - Module 'home' is being re-registered.
[2026-08-11 09:53:39] [INFO] [ARGUS_AI:plugin_manager.py:34] - Registered Pluggable Module: [home] 'Home Dashboard' (Order: 1)
[2026-08-11 09:53:39] [WARNING] [ARGUS_AI:plugin_manager.py:30] - Module 'file_loader' is being re-registered.
[2026-08-11 09:53:39] [INFO] [ARGUS_AI:plugin_manager.py:34] - Registered Pluggable Module: [file_loader] 'Universal File Loader' (Order: 10)
[2026-08-11 09:53:39] [WARNING] [ARGUS_AI:plugin_manager.py:30] - Module 'db_connectors' is being re-registered.
[2026-08-11 09:53:39] [INFO] [ARGUS_AI:plugin_manager.py:34] - Registered Pluggable Module: [db_connectors] 'Database Connectors' (Order: 20)
[2026-08-11 09:53:39] [WARNING] [ARGUS_AI:plugin_manager.py:30] - Module 'ocr_engine' is being re-registered.
[2026-08-11 09:53:39] [INFO] [ARGUS_AI:plugin_manager.py:34] - Registered Pluggable Module: [ocr_engine] 'OCR & Document Extractor' (Order: 30)
[2026-08-11 09:53:39] [WARNING] [ARGUS_AI:plugin_manager.py:30] - Module 'data_cleaning' is being re-registered.
[2026-08-11 09:53:39] [INFO] [ARGUS_AI:plugin_manager.py:34] - Registered Pluggable Module: [data_cleaning] 'Data Cleaning Engine' (Order: 40)
[2026-08-11 09:53:39] [WARNING] [ARGUS_AI:plugin_manager.py:30] - Module 'data_profiling' is being re-registered.
[2026-08-11 09:53:39] [INFO] [ARGUS_AI:plugin_manager.py:34] - Registered Pluggable Module: [data_profiling] 'Data Profiling Engine' (Order: 50)
[2026-08-11 09:53:39] [WARNING] [ARGUS_AI:plugin_manager.py:30] - Module 'analytics_engine' is being re-registered.
[2026-08-11 09:53:39] [INFO] [ARGUS_AI:plugin_manager.py:34] - Registered Pluggable Module: [analytics_engine] 'Analytics & Forecasting' (Order: 60)
[2026-08-11 09:53:39] [WARNING] [ARGUS_AI:plugin_manager.py:30] - Module 'visualization_engine' is being re-registered.
[2026-08-11 09:53:39] [INFO] [ARGUS_AI:plugin_manager.py:34] - Registered Pluggable Module: [visualization_engine] 'Visualization Engine' (Order: 70)
[2026-08-11 09:53:39] [WARNING] [ARGUS_AI:plugin_manager.py:30] - Module 'settings' is being re-registered.
[2026-08-11 09:53:39] [INFO] [ARGUS_AI:plugin_manager.py:34] - Registered Pluggable Module: [settings] 'Platform Settings' (Order: 999)
[2026-08-11 09:53:39] [WARNING] [ARGUS_AI:plugin_manager.py:30] - Module 'home' is being re-registered.
[2026-08-11 09:53:39] [INFO] [ARGUS_AI:plugin_manager.py:34] - Registered Pluggable Module: [home] 'Home Dashboard' (Order: 1)
[2026-08-11 09:53:39] [WARNING] [ARGUS_AI:plugin_manager.py:30] - Module 'file_loader' is being re-registered.
[2026-08-11 09:53:39] [INFO] [ARGUS_AI:plugin_manager.py:34] - Registered Pluggable Module: [file_loader] 'Universal File Loader' (Order: 10)
[2026-08-11 09:53:39] [WARNING] [ARGUS_AI:plugin_manager.py:30] - Module 'db_connectors' is being re-registered.
[2026-08-11 09:53:39] [INFO] [ARGUS_AI:plugin_manager.py:34] - Registered Pluggable Module: [db_connectors] 'Database Connectors' (Order: 20)
[2026-08-11 09:53:39] [WARNING] [ARGUS_AI:plugin_manager.py:30] - Module 'ocr_engine' is being re-registered.
[2026-08-11 09:53:39] [INFO] [ARGUS_AI:plugin_manager.py:34] - Registered Pluggable Module: [ocr_engine] 'OCR & Document Extractor' (Order: 30)
[2026-08-11 09:53:39] [WARNING] [ARGUS_AI:plugin_manager.py:30] - Module 'data_cleaning' is being re-registered.
[2026-08-11 09:53:39] [INFO] [ARGUS_AI:plugin_manager.py:34] - Registered Pluggable Module: [data_cleaning] 'Data Cleaning Engine' (Order: 40)
[2026-08-11 09:53:39] [WARNING] [ARGUS_AI:plugin_manager.py:30] - Module 'data_profiling' is being re-registered.
[2026-08-11 09:53:39] [INFO] [ARGUS_AI:plugin_manager.py:34] - Registered Pluggable Module: [data_profiling] 'Data Profiling Engine' (Order: 50)
[2026-08-11 09:53:39] [WARNING] [ARGUS_AI:plugin_manager.py:30] - Module 'analytics_engine' is being re-registered.
[2026-08-11 09:53:39] [INFO] [ARGUS_AI:plugin_manager.py:34] - Registered Pluggable Module: [analytics_engine] 'Analytics & Forecasting' (Order: 60)
[2026-08-11 09:53:39] [WARNING] [ARGUS_AI:plugin_manager.py:30] - Module 'visualization_engine' is being re-registered.
[2026-08-11 09:53:39] [INFO] [ARGUS_AI:plugin_manager.py:34] - Registered Pluggable Module: [visualization_engine] 'Visualization Engine' (Order: 70)
[2026-08-11 09:53:39] [WARNING] [ARGUS_AI:plugin_manager.py:30] - Module 'settings' is being re-registered.
[2026-08-11 09:53:39] [INFO] [ARGUS_AI:plugin_manager.py:34] - Registered Pluggable Module: [settings] 'Platform Settings' (Order: 999)
[2026-08-11 09:53:42] [WARNING] [ARGUS_AI:plugin_manager.py:30] - Module 'home' is being re-registered.
[2026-08-11 09:53:42] [INFO] [ARGUS_AI:plugin_manager.py:34] - Registered Pluggable Module: [home] 'Home Dashboard' (Order: 1)
[2026-08-11 09:53:42] [WARNING] [ARGUS_AI:plugin_manager.py:30] - Module 'file_loader' is being re-registered.
[2026-08-11 09:53:42] [INFO] [ARGUS_AI:plugin_manager.py:34] - Registered Pluggable Module: [file_loader] 'Universal File Loader' (Order: 10)
[2026-08-11 09:53:42] [WARNING] [ARGUS_AI:plugin_manager.py:30] - Module 'db_connectors' is being re-registered.
[2026-08-11 09:53:42] [INFO] [ARGUS_AI:plugin_manager.py:34] - Registered Pluggable Module: [db_connectors] 'Database Connectors' (Order: 20)
[2026-08-11 09:53:42] [WARNING] [ARGUS_AI:plugin_manager.py:30] - Module 'ocr_engine' is being re-registered.
[2026-08-11 09:53:42] [INFO] [ARGUS_AI:plugin_manager.py:34] - Registered Pluggable Module: [ocr_engine] 'OCR & Document Extractor' (Order: 30)
[2026-08-11 09:53:42] [WARNING] [ARGUS_AI:plugin_manager.py:30] - Module 'data_cleaning' is being re-registered.
[2026-08-11 09:53:42] [INFO] [ARGUS_AI:plugin_manager.py:34] - Registered Pluggable Module: [data_cleaning] 'Data Cleaning Engine' (Order: 40)
[2026-08-11 09:53:42] [WARNING] [ARGUS_AI:plugin_manager.py:30] - Module 'data_profiling' is being re-registered.
[2026-08-11 09:53:42] [INFO] [ARGUS_AI:plugin_manager.py:34] - Registered Pluggable Module: [data_profiling] 'Data Profiling Engine' (Order: 50)
[2026-08-11 09:53:42] [WARNING] [ARGUS_AI:plugin_manager.py:30] - Module 'analytics_engine' is being re-registered.
[2026-08-11 09:53:42] [INFO] [ARGUS_AI:plugin_manager.py:34] - Registered Pluggable Module: [analytics_engine] 'Analytics & Forecasting' (Order: 60)
[2026-08-11 09:53:42] [WARNING] [ARGUS_AI:plugin_manager.py:30] - Module 'visualization_engine' is being re-registered.
[2026-08-11 09:53:42] [INFO] [ARGUS_AI:plugin_manager.py:34] - Registered Pluggable Module: [visualization_engine] 'Visualization Engine' (Order: 70)
[2026-08-11 09:53:42] [WARNING] [ARGUS_AI:plugin_manager.py:30] - Module 'settings' is being re-registered.
[2026-08-11 09:53:42] [INFO] [ARGUS_AI:plugin_manager.py:34] - Registered Pluggable Module: [settings] 'Platform Settings' (Order: 999)
[2026-08-11 09:53:42] [WARNING] [ARGUS_AI:plugin_manager.py:30] - Module 'home' is being re-registered.
[2026-08-11 09:53:42] [INFO] [ARGUS_AI:plugin_manager.py:34] - Registered Pluggable Module: [home] 'Home Dashboard' (Order: 1)
[2026-08-11 09:53:42] [WARNING] [ARGUS_AI:plugin_manager.py:30] - Module 'file_loader' is being re-registered.
[2026-08-11 09:53:42] [INFO] [ARGUS_AI:plugin_manager.py:34] - Registered Pluggable Module: [file_loader] 'Universal File Loader' (Order: 10)
[2026-08-11 09:53:42] [WARNING] [ARGUS_AI:plugin_manager.py:30] - Module 'db_connectors' is being re-registered.
[2026-08-11 09:53:42] [INFO] [ARGUS_AI:plugin_manager.py:34] - Registered Pluggable Module: [db_connectors] 'Database Connectors' (Order: 20)
[2026-08-11 09:53:42] [WARNING] [ARGUS_AI:plugin_manager.py:30] - Module 'ocr_engine' is being re-registered.
[2026-08-11 09:53:42] [INFO] [ARGUS_AI:plugin_manager.py:34] - Registered Pluggable Module: [ocr_engine] 'OCR & Document Extractor' (Order: 30)
[2026-08-11 09:53:42] [WARNING] [ARGUS_AI:plugin_manager.py:30] - Module 'data_cleaning' is being re-registered.
[2026-08-11 09:53:42] [INFO] [ARGUS_AI:plugin_manager.py:34] - Registered Pluggable Module: [data_cleaning] 'Data Cleaning Engine' (Order: 40)
[2026-08-11 09:53:42] [WARNING] [ARGUS_AI:plugin_manager.py:30] - Module 'data_profiling' is being re-registered.
[2026-08-11 09:53:42] [INFO] [ARGUS_AI:plugin_manager.py:34] - Registered Pluggable Module: [data_profiling] 'Data Profiling Engine' (Order: 50)
[2026-08-11 09:53:42] [WARNING] [ARGUS_AI:plugin_manager.py:30] - Module 'analytics_engine' is being re-registered.
[2026-08-11 09:53:42] [INFO] [ARGUS_AI:plugin_manager.py:34] - Registered Pluggable Module: [analytics_engine] 'Analytics & Forecasting' (Order: 60)
[2026-08-11 09:53:42] [WARNING] [ARGUS_AI:plugin_manager.py:30] - Module 'visualization_engine' is being re-registered.
[2026-08-11 09:53:42] [INFO] [ARGUS_AI:plugin_manager.py:34] - Registered Pluggable Module: [visualization_engine] 'Visualization Engine' (Order: 70)
[2026-08-11 09:53:42] [WARNING] [ARGUS_AI:plugin_manager.py:30] - Module 'settings' is being re-registered.
[2026-08-11 09:53:42] [INFO] [ARGUS_AI:plugin_manager.py:34] - Registered Pluggable Module: [settings] 'Platform Settings' (Order: 999)
[2026-08-11 09:54:44] [WARNING] [ARGUS_AI:plugin_manager.py:30] - Module 'home' is being re-registered.
[2026-08-11 09:54:44] [INFO] [ARGUS_AI:plugin_manager.py:34] - Registered Pluggable Module: [home] 'Home Dashboard' (Order: 1)
[2026-08-11 09:54:44] [WARNING] [ARGUS_AI:plugin_manager.py:30] - Module 'file_loader' is being re-registered.
[2026-08-11 09:54:44] [INFO] [ARGUS_AI:plugin_manager.py:34] - Registered Pluggable Module: [file_loader] 'Universal File Loader' (Order: 10)
[2026-08-11 09:54:44] [WARNING] [ARGUS_AI:plugin_manager.py:30] - Module 'db_connectors' is being re-registered.
[2026-08-11 09:54:44] [INFO] [ARGUS_AI:plugin_manager.py:34] - Registered Pluggable Module: [db_connectors] 'Database Connectors' (Order: 20)
[2026-08-11 09:54:44] [WARNING] [ARGUS_AI:plugin_manager.py:30] - Module 'ocr_engine' is being re-registered.
[2026-08-11 09:54:44] [INFO] [ARGUS_AI:plugin_manager.py:34] - Registered Pluggable Module: [ocr_engine] 'OCR & Document Extractor' (Order: 30)
[2026-08-11 09:54:44] [WARNING] [ARGUS_AI:plugin_manager.py:30] - Module 'data_cleaning' is being re-registered.
[2026-08-11 09:54:44] [INFO] [ARGUS_AI:plugin_manager.py:34] - Registered Pluggable Module: [data_cleaning] 'Data Cleaning Engine' (Order: 40)
[2026-08-11 09:54:44] [WARNING] [ARGUS_AI:plugin_manager.py:30] - Module 'data_profiling' is being re-registered.
[2026-08-11 09:54:44] [INFO] [ARGUS_AI:plugin_manager.py:34] - Registered Pluggable Module: [data_profiling] 'Data Profiling Engine' (Order: 50)
[2026-08-11 09:54:44] [WARNING] [ARGUS_AI:plugin_manager.py:30] - Module 'analytics_engine' is being re-registered.
[2026-08-11 09:54:44] [INFO] [ARGUS_AI:plugin_manager.py:34] - Registered Pluggable Module: [analytics_engine] 'Analytics & Forecasting' (Order: 60)
[2026-08-11 09:54:44] [WARNING] [ARGUS_AI:plugin_manager.py:30] - Module 'visualization_engine' is being re-registered.
[2026-08-11 09:54:44] [INFO] [ARGUS_AI:plugin_manager.py:34] - Registered Pluggable Module: [visualization_engine] 'Visualization Engine' (Order: 70)
[2026-08-11 09:54:44] [WARNING] [ARGUS_AI:plugin_manager.py:30] - Module 'settings' is being re-registered.
[2026-08-11 09:54:44] [INFO] [ARGUS_AI:plugin_manager.py:34] - Registered Pluggable Module: [settings] 'Platform Settings' (Order: 999)
[2026-08-11 09:54:45] [WARNING] [ARGUS_AI:plugin_manager.py:30] - Module 'home' is being re-registered.
[2026-08-11 09:54:45] [INFO] [ARGUS_AI:plugin_manager.py:34] - Registered Pluggable Module: [home] 'Home Dashboard' (Order: 1)
[2026-08-11 09:54:45] [WARNING] [ARGUS_AI:plugin_manager.py:30] - Module 'file_loader' is being re-registered.
[2026-08-11 09:54:45] [INFO] [ARGUS_AI:plugin_manager.py:34] - Registered Pluggable Module: [file_loader] 'Universal File Loader' (Order: 10)
[2026-08-11 09:54:45] [WARNING] [ARGUS_AI:plugin_manager.py:30] - Module 'db_connectors' is being re-registered.
[2026-08-11 09:54:45] [INFO] [ARGUS_AI:plugin_manager.py:34] - Registered Pluggable Module: [db_connectors] 'Database Connectors' (Order: 20)
[2026-08-11 09:54:45] [WARNING] [ARGUS_AI:plugin_manager.py:30] - Module 'ocr_engine' is being re-registered.
[2026-08-11 09:54:45] [INFO] [ARGUS_AI:plugin_manager.py:34] - Registered Pluggable Module: [ocr_engine] 'OCR & Document Extractor' (Order: 30)
[2026-08-11 09:54:45] [WARNING] [ARGUS_AI:plugin_manager.py:30] - Module 'data_cleaning' is being re-registered.
[2026-08-11 09:54:45] [INFO] [ARGUS_AI:plugin_manager.py:34] - Registered Pluggable Module: [data_cleaning] 'Data Cleaning Engine' (Order: 40)
[2026-08-11 09:54:45] [WARNING] [ARGUS_AI:plugin_manager.py:30] - Module 'data_profiling' is being re-registered.
[2026-08-11 09:54:45] [INFO] [ARGUS_AI:plugin_manager.py:34] - Registered Pluggable Module: [data_profiling] 'Data Profiling Engine' (Order: 50)
[2026-08-11 09:54:45] [WARNING] [ARGUS_AI:plugin_manager.py:30] - Module 'analytics_engine' is being re-registered.
[2026-08-11 09:54:45] [INFO] [ARGUS_AI:plugin_manager.py:34] - Registered Pluggable Module: [analytics_engine] 'Analytics & Forecasting' (Order: 60)
[2026-08-11 09:54:45] [WARNING] [ARGUS_AI:plugin_manager.py:30] - Module 'visualization_engine' is being re-registered.
[2026-08-11 09:54:45] [INFO] [ARGUS_AI:plugin_manager.py:34] - Registered Pluggable Module: [visualization_engine] 'Visualization Engine' (Order: 70)
[2026-08-11 09:54:45] [WARNING] [ARGUS_AI:plugin_manager.py:30] - Module 'settings' is being re-registered.
[2026-08-11 09:54:45] [INFO] [ARGUS_AI:plugin_manager.py:34] - Registered Pluggable Module: [settings] 'Platform Settings' (Order: 999)
[2026-08-11 09:59:23] [WARNING] [ARGUS_AI:plugin_manager.py:30] - Module 'home' is being re-registered.
[2026-08-11 09:59:23] [INFO] [ARGUS_AI:plugin_manager.py:34] - Registered Pluggable Module: [home] 'Home Dashboard' (Order: 1)
[2026-08-11 09:59:23] [WARNING] [ARGUS_AI:plugin_manager.py:30] - Module 'file_loader' is being re-registered.
[2026-08-11 09:59:23] [INFO] [ARGUS_AI:plugin_manager.py:34] - Registered Pluggable Module: [file_loader] 'Universal File Loader' (Order: 10)
[2026-08-11 09:59:23] [WARNING] [ARGUS_AI:plugin_manager.py:30] - Module 'db_connectors' is being re-registered.
[2026-08-11 09:59:23] [INFO] [ARGUS_AI:plugin_manager.py:34] - Registered Pluggable Module: [db_connectors] 'Database Connectors' (Order: 20)
[2026-08-11 09:59:23] [WARNING] [ARGUS_AI:plugin_manager.py:30] - Module 'ocr_engine' is being re-registered.
[2026-08-11 09:59:23] [INFO] [ARGUS_AI:plugin_manager.py:34] - Registered Pluggable Module: [ocr_engine] 'OCR & Document Extractor' (Order: 30)
[2026-08-11 09:59:23] [WARNING] [ARGUS_AI:plugin_manager.py:30] - Module 'data_cleaning' is being re-registered.
[2026-08-11 09:59:23] [INFO] [ARGUS_AI:plugin_manager.py:34] - Registered Pluggable Module: [data_cleaning] 'Data Cleaning Engine' (Order: 40)
[2026-08-11 09:59:23] [WARNING] [ARGUS_AI:plugin_manager.py:30] - Module 'data_profiling' is being re-registered.
[2026-08-11 09:59:23] [INFO] [ARGUS_AI:plugin_manager.py:34] - Registered Pluggable Module: [data_profiling] 'Data Profiling Engine' (Order: 50)
[2026-08-11 09:59:23] [WARNING] [ARGUS_AI:plugin_manager.py:30] - Module 'analytics_engine' is being re-registered.
[2026-08-11 09:59:23] [INFO] [ARGUS_AI:plugin_manager.py:34] - Registered Pluggable Module: [analytics_engine] 'Analytics & Forecasting' (Order: 60)
[2026-08-11 09:59:23] [WARNING] [ARGUS_AI:plugin_manager.py:30] - Module 'visualization_engine' is being re-registered.
[2026-08-11 09:59:23] [INFO] [ARGUS_AI:plugin_manager.py:34] - Registered Pluggable Module: [visualization_engine] 'Visualization Engine' (Order: 70)
[2026-08-11 09:59:23] [WARNING] [ARGUS_AI:plugin_manager.py:30] - Module 'settings' is being re-registered.
[2026-08-11 09:59:23] [INFO] [ARGUS_AI:plugin_manager.py:34] - Registered Pluggable Module: [settings] 'Platform Settings' (Order: 999)
[2026-08-11 09:59:23] [WARNING] [ARGUS_AI:plugin_manager.py:30] - Module 'home' is being re-registered.
[2026-08-11 09:59:23] [INFO] [ARGUS_AI:plugin_manager.py:34] - Registered Pluggable Module: [home] 'Home Dashboard' (Order: 1)
[2026-08-11 09:59:23] [WARNING] [ARGUS_AI:plugin_manager.py:30] - Module 'file_loader' is being re-registered.
[2026-08-11 09:59:23] [INFO] [ARGUS_AI:plugin_manager.py:34] - Registered Pluggable Module: [file_loader] 'Universal File Loader' (Order: 10)
[2026-08-11 09:59:23] [WARNING] [ARGUS_AI:plugin_manager.py:30] - Module 'db_connectors' is being re-registered.
[2026-08-11 09:59:23] [INFO] [ARGUS_AI:plugin_manager.py:34] - Registered Pluggable Module: [db_connectors] 'Database Connectors' (Order: 20)
[2026-08-11 09:59:23] [WARNING] [ARGUS_AI:plugin_manager.py:30] - Module 'ocr_engine' is being re-registered.
[2026-08-11 09:59:23] [INFO] [ARGUS_AI:plugin_manager.py:34] - Registered Pluggable Module: [ocr_engine] 'OCR & Document Extractor' (Order: 30)
[2026-08-11 09:59:23] [WARNING] [ARGUS_AI:plugin_manager.py:30] - Module 'data_cleaning' is being re-registered.
[2026-08-11 09:59:23] [INFO] [ARGUS_AI:plugin_manager.py:34] - Registered Pluggable Module: [data_cleaning] 'Data Cleaning Engine' (Order: 40)
[2026-08-11 09:59:23] [WARNING] [ARGUS_AI:plugin_manager.py:30] - Module 'data_profiling' is being re-registered.
[2026-08-11 09:59:23] [INFO] [ARGUS_AI:plugin_manager.py:34] - Registered Pluggable Module: [data_profiling] 'Data Profiling Engine' (Order: 50)
[2026-08-11 09:59:23] [WARNING] [ARGUS_AI:plugin_manager.py:30] - Module 'analytics_engine' is being re-registered.
[2026-08-11 09:59:23] [INFO] [ARGUS_AI:plugin_manager.py:34] - Registered Pluggable Module: [analytics_engine] 'Analytics & Forecasting' (Order: 60)
[2026-08-11 09:59:23] [WARNING] [ARGUS_AI:plugin_manager.py:30] - Module 'visualization_engine' is being re-registered.
[2026-08-11 09:59:23] [INFO] [ARGUS_AI:plugin_manager.py:34] - Registered Pluggable Module: [visualization_engine] 'Visualization Engine' (Order: 70)
[2026-08-11 09:59:23] [WARNING] [ARGUS_AI:plugin_manager.py:30] - Module 'settings' is being re-registered.
[2026-08-11 09:59:23] [INFO] [ARGUS_AI:plugin_manager.py:34] - Registered Pluggable Module: [settings] 'Platform Settings' (Order: 999)
[2026-08-11 09:59:46] [WARNING] [ARGUS_AI:plugin_manager.py:30] - Module 'home' is being re-registered.
[2026-08-11 09:59:46] [INFO] [ARGUS_AI:plugin_manager.py:34] - Registered Pluggable Module: [home] 'Home Dashboard' (Order: 1)
[2026-08-11 09:59:46] [WARNING] [ARGUS_AI:plugin_manager.py:30] - Module 'file_loader' is being re-registered.
[2026-08-11 09:59:46] [INFO] [ARGUS_AI:plugin_manager.py:34] - Registered Pluggable Module: [file_loader] 'Universal File Loader' (Order: 10)
[2026-08-11 09:59:46] [WARNING] [ARGUS_AI:plugin_manager.py:30] - Module 'db_connectors' is being re-registered.
[2026-08-11 09:59:46] [INFO] [ARGUS_AI:plugin_manager.py:34] - Registered Pluggable Module: [db_connectors] 'Database Connectors' (Order: 20)
[2026-08-11 09:59:46] [WARNING] [ARGUS_AI:plugin_manager.py:30] - Module 'ocr_engine' is being re-registered.
[2026-08-11 09:59:46] [INFO] [ARGUS_AI:plugin_manager.py:34] - Registered Pluggable Module: [ocr_engine] 'OCR & Document Extractor' (Order: 30)
[2026-08-11 09:59:46] [WARNING] [ARGUS_AI:plugin_manager.py:30] - Module 'data_cleaning' is being re-registered.
[2026-08-11 09:59:46] [INFO] [ARGUS_AI:plugin_manager.py:34] - Registered Pluggable Module: [data_cleaning] 'Data Cleaning Engine' (Order: 40)
[2026-08-11 09:59:46] [WARNING] [ARGUS_AI:plugin_manager.py:30] - Module 'data_profiling' is being re-registered.
[2026-08-11 09:59:46] [INFO] [ARGUS_AI:plugin_manager.py:34] - Registered Pluggable Module: [data_profiling] 'Data Profiling Engine' (Order: 50)
[2026-08-11 09:59:46] [WARNING] [ARGUS_AI:plugin_manager.py:30] - Module 'analytics_engine' is being re-registered.
[2026-08-11 09:59:46] [INFO] [ARGUS_AI:plugin_manager.py:34] - Registered Pluggable Module: [analytics_engine] 'Analytics & Forecasting' (Order: 60)
[2026-08-11 09:59:46] [WARNING] [ARGUS_AI:plugin_manager.py:30] - Module 'visualization_engine' is being re-registered.
[2026-08-11 09:59:46] [INFO] [ARGUS_AI:plugin_manager.py:34] - Registered Pluggable Module: [visualization_engine] 'Visualization Engine' (Order: 70)
[2026-08-11 09:59:46] [WARNING] [ARGUS_AI:plugin_manager.py:30] - Module 'settings' is being re-registered.
[2026-08-11 09:59:46] [INFO] [ARGUS_AI:plugin_manager.py:34] - Registered Pluggable Module: [settings] 'Platform Settings' (Order: 999)
[2026-08-11 09:59:53] [WARNING] [ARGUS_AI:plugin_manager.py:30] - Module 'home' is being re-registered.
[2026-08-11 09:59:53] [INFO] [ARGUS_AI:plugin_manager.py:34] - Registered Pluggable Module: [home] 'Home Dashboard' (Order: 1)
[2026-08-11 09:59:53] [WARNING] [ARGUS_AI:plugin_manager.py:30] - Module 'file_loader' is being re-registered.
[2026-08-11 09:59:53] [INFO] [ARGUS_AI:plugin_manager.py:34] - Registered Pluggable Module: [file_loader] 'Universal File Loader' (Order: 10)
[2026-08-11 09:59:53] [WARNING] [ARGUS_AI:plugin_manager.py:30] - Module 'db_connectors' is being re-registered.
[2026-08-11 09:59:53] [INFO] [ARGUS_AI:plugin_manager.py:34] - Registered Pluggable Module: [db_connectors] 'Database Connectors' (Order: 20)
[2026-08-11 09:59:53] [WARNING] [ARGUS_AI:plugin_manager.py:30] - Module 'ocr_engine' is being re-registered.
[2026-08-11 09:59:53] [INFO] [ARGUS_AI:plugin_manager.py:34] - Registered Pluggable Module: [ocr_engine] 'OCR & Document Extractor' (Order: 30)
[2026-08-11 09:59:53] [WARNING] [ARGUS_AI:plugin_manager.py:30] - Module 'data_cleaning' is being re-registered.
[2026-08-11 09:59:53] [INFO] [ARGUS_AI:plugin_manager.py:34] - Registered Pluggable Module: [data_cleaning] 'Data Cleaning Engine' (Order: 40)
[2026-08-11 09:59:53] [WARNING] [ARGUS_AI:plugin_manager.py:30] - Module 'data_profiling' is being re-registered.
[2026-08-11 09:59:53] [INFO] [ARGUS_AI:plugin_manager.py:34] - Registered Pluggable Module: [data_profiling] 'Data Profiling Engine' (Order: 50)
[2026-08-11 09:59:53] [WARNING] [ARGUS_AI:plugin_manager.py:30] - Module 'analytics_engine' is being re-registered.
[2026-08-11 09:59:53] [INFO] [ARGUS_AI:plugin_manager.py:34] - Registered Pluggable Module: [analytics_engine] 'Analytics & Forecasting' (Order: 60)
[2026-08-11 09:59:53] [WARNING] [ARGUS_AI:plugin_manager.py:30] - Module 'visualization_engine' is being re-registered.
[2026-08-11 09:59:53] [INFO] [ARGUS_AI:plugin_manager.py:34] - Registered Pluggable Module: [visualization_engine] 'Visualization Engine' (Order: 70)
[2026-08-11 09:59:53] [WARNING] [ARGUS_AI:plugin_manager.py:30] - Module 'settings' is being re-registered.
[2026-08-11 09:59:53] [INFO] [ARGUS_AI:plugin_manager.py:34] - Registered Pluggable Module: [settings] 'Platform Settings' (Order: 999)
[2026-08-11 09:59:55] [WARNING] [ARGUS_AI:plugin_manager.py:30] - Module 'home' is being re-registered.
[2026-08-11 09:59:55] [INFO] [ARGUS_AI:plugin_manager.py:34] - Registered Pluggable Module: [home] 'Home Dashboard' (Order: 1)
[2026-08-11 09:59:55] [WARNING] [ARGUS_AI:plugin_manager.py:30] - Module 'file_loader' is being re-registered.
[2026-08-11 09:59:55] [INFO] [ARGUS_AI:plugin_manager.py:34] - Registered Pluggable Module: [file_loader] 'Universal File Loader' (Order: 10)
[2026-08-11 09:59:55] [WARNING] [ARGUS_AI:plugin_manager.py:30] - Module 'db_connectors' is being re-registered.
[2026-08-11 09:59:55] [INFO] [ARGUS_AI:plugin_manager.py:34] - Registered Pluggable Module: [db_connectors] 'Database Connectors' (Order: 20)
[2026-08-11 09:59:55] [WARNING] [ARGUS_AI:plugin_manager.py:30] - Module 'ocr_engine' is being re-registered.
[2026-08-11 09:59:55] [INFO] [ARGUS_AI:plugin_manager.py:34] - Registered Pluggable Module: [ocr_engine] 'OCR & Document Extractor' (Order: 30)
[2026-08-11 09:59:55] [WARNING] [ARGUS_AI:plugin_manager.py:30] - Module 'data_cleaning' is being re-registered.
[2026-08-11 09:59:55] [INFO] [ARGUS_AI:plugin_manager.py:34] - Registered Pluggable Module: [data_cleaning] 'Data Cleaning Engine' (Order: 40)
[2026-08-11 09:59:55] [WARNING] [ARGUS_AI:plugin_manager.py:30] - Module 'data_profiling' is being re-registered.
[2026-08-11 09:59:55] [INFO] [ARGUS_AI:plugin_manager.py:34] - Registered Pluggable Module: [data_profiling] 'Data Profiling Engine' (Order: 50)
[2026-08-11 09:59:55] [WARNING] [ARGUS_AI:plugin_manager.py:30] - Module 'analytics_engine' is being re-registered.
[2026-08-11 09:59:55] [INFO] [ARGUS_AI:plugin_manager.py:34] - Registered Pluggable Module: [analytics_engine] 'Analytics & Forecasting' (Order: 60)
[2026-08-11 09:59:55] [WARNING] [ARGUS_AI:plugin_manager.py:30] - Module 'visualization_engine' is being re-registered.
[2026-08-11 09:59:55] [INFO] [ARGUS_AI:plugin_manager.py:34] - Registered Pluggable Module: [visualization_engine] 'Visualization Engine' (Order: 70)
[2026-08-11 09:59:55] [WARNING] [ARGUS_AI:plugin_manager.py:30] - Module 'settings' is being re-registered.
[2026-08-11 09:59:55] [INFO] [ARGUS_AI:plugin_manager.py:34] - Registered Pluggable Module: [settings] 'Platform Settings' (Order: 999)
[2026-08-11 10:01:34] [WARNING] [ARGUS_AI:plugin_manager.py:30] - Module 'home' is being re-registered.
[2026-08-11 10:01:34] [INFO] [ARGUS_AI:plugin_manager.py:34] - Registered Pluggable Module: [home] 'Home Dashboard' (Order: 1)
[2026-08-11 10:01:34] [WARNING] [ARGUS_AI:plugin_manager.py:30] - Module 'file_loader' is being re-registered.
[2026-08-11 10:01:34] [INFO] [ARGUS_AI:plugin_manager.py:34] - Registered Pluggable Module: [file_loader] 'Universal File Loader' (Order: 10)
[2026-08-11 10:01:34] [WARNING] [ARGUS_AI:plugin_manager.py:30] - Module 'db_connectors' is being re-registered.
[2026-08-11 10:01:34] [INFO] [ARGUS_AI:plugin_manager.py:34] - Registered Pluggable Module: [db_connectors] 'Database Connectors' (Order: 20)
[2026-08-11 10:01:34] [WARNING] [ARGUS_AI:plugin_manager.py:30] - Module 'ocr_engine' is being re-registered.
[2026-08-11 10:01:34] [INFO] [ARGUS_AI:plugin_manager.py:34] - Registered Pluggable Module: [ocr_engine] 'OCR & Document Extractor' (Order: 30)
[2026-08-11 10:01:34] [WARNING] [ARGUS_AI:plugin_manager.py:30] - Module 'data_cleaning' is being re-registered.
[2026-08-11 10:01:34] [INFO] [ARGUS_AI:plugin_manager.py:34] - Registered Pluggable Module: [data_cleaning] 'Data Cleaning Engine' (Order: 40)
[2026-08-11 10:01:34] [WARNING] [ARGUS_AI:plugin_manager.py:30] - Module 'data_profiling' is being re-registered.
[2026-08-11 10:01:34] [INFO] [ARGUS_AI:plugin_manager.py:34] - Registered Pluggable Module: [data_profiling] 'Data Profiling Engine' (Order: 50)
[2026-08-11 10:01:34] [WARNING] [ARGUS_AI:plugin_manager.py:30] - Module 'analytics_engine' is being re-registered.
[2026-08-11 10:01:34] [INFO] [ARGUS_AI:plugin_manager.py:34] - Registered Pluggable Module: [analytics_engine] 'Analytics & Forecasting' (Order: 60)
[2026-08-11 10:01:34] [WARNING] [ARGUS_AI:plugin_manager.py:30] - Module 'visualization_engine' is being re-registered.
[2026-08-11 10:01:34] [INFO] [ARGUS_AI:plugin_manager.py:34] - Registered Pluggable Module: [visualization_engine] 'Visualization Engine' (Order: 70)
[2026-08-11 10:01:34] [WARNING] [ARGUS_AI:plugin_manager.py:30] - Module 'settings' is being re-registered.
[2026-08-11 10:01:34] [INFO] [ARGUS_AI:plugin_manager.py:34] - Registered Pluggable Module: [settings] 'Platform Settings' (Order: 999)
[2026-08-11 10:01:34] [WARNING] [ARGUS_AI:plugin_manager.py:30] - Module 'home' is being re-registered.
[2026-08-11 10:01:34] [INFO] [ARGUS_AI:plugin_manager.py:34] - Registered Pluggable Module: [home] 'Home Dashboard' (Order: 1)
[2026-08-11 10:01:34] [WARNING] [ARGUS_AI:plugin_manager.py:30] - Module 'file_loader' is being re-registered.
[2026-08-11 10:01:34] [INFO] [ARGUS_AI:plugin_manager.py:34] - Registered Pluggable Module: [file_loader] 'Universal File Loader' (Order: 10)
[2026-08-11 10:01:34] [WARNING] [ARGUS_AI:plugin_manager.py:30] - Module 'db_connectors' is being re-registered.
[2026-08-11 10:01:34] [INFO] [ARGUS_AI:plugin_manager.py:34] - Registered Pluggable Module: [db_connectors] 'Database Connectors' (Order: 20)
[2026-08-11 10:01:34] [WARNING] [ARGUS_AI:plugin_manager.py:30] - Module 'ocr_engine' is being re-registered.
[2026-08-11 10:01:34] [INFO] [ARGUS_AI:plugin_manager.py:34] - Registered Pluggable Module: [ocr_engine] 'OCR & Document Extractor' (Order: 30)
[2026-08-11 10:01:34] [WARNING] [ARGUS_AI:plugin_manager.py:30] - Module 'data_cleaning' is being re-registered.
[2026-08-11 10:01:34] [INFO] [ARGUS_AI:plugin_manager.py:34] - Registered Pluggable Module: [data_cleaning] 'Data Cleaning Engine' (Order: 40)
[2026-08-11 10:01:34] [WARNING] [ARGUS_AI:plugin_manager.py:30] - Module 'data_profiling' is being re-registered.
[2026-08-11 10:01:34] [INFO] [ARGUS_AI:plugin_manager.py:34] - Registered Pluggable Module: [data_profiling] 'Data Profiling Engine' (Order: 50)
[2026-08-11 10:01:34] [WARNING] [ARGUS_AI:plugin_manager.py:30] - Module 'analytics_engine' is being re-registered.
[2026-08-11 10:01:34] [INFO] [ARGUS_AI:plugin_manager.py:34] - Registered Pluggable Module: [analytics_engine] 'Analytics & Forecasting' (Order: 60)
[2026-08-11 10:01:34] [WARNING] [ARGUS_AI:plugin_manager.py:30] - Module 'visualization_engine' is being re-registered.
[2026-08-11 10:01:34] [INFO] [ARGUS_AI:plugin_manager.py:34] - Registered Pluggable Module: [visualization_engine] 'Visualization Engine' (Order: 70)
[2026-08-11 10:01:34] [WARNING] [ARGUS_AI:plugin_manager.py:30] - Module 'settings' is being re-registered.
[2026-08-11 10:01:34] [INFO] [ARGUS_AI:plugin_manager.py:34] - Registered Pluggable Module: [settings] 'Platform Settings' (Order: 999)
[2026-08-11 10:01:59] [WARNING] [ARGUS_AI:plugin_manager.py:30] - Module 'home' is being re-registered.
[2026-08-11 10:01:59] [INFO] [ARGUS_AI:plugin_manager.py:34] - Registered Pluggable Module: [home] 'Home Dashboard' (Order: 1)
[2026-08-11 10:01:59] [WARNING] [ARGUS_AI:plugin_manager.py:30] - Module 'file_loader' is being re-registered.
[2026-08-11 10:01:59] [INFO] [ARGUS_AI:plugin_manager.py:34] - Registered Pluggable Module: [file_loader] 'Universal File Loader' (Order: 10)
[2026-08-11 10:01:59] [WARNING] [ARGUS_AI:plugin_manager.py:30] - Module 'db_connectors' is being re-registered.
[2026-08-11 10:01:59] [INFO] [ARGUS_AI:plugin_manager.py:34] - Registered Pluggable Module: [db_connectors] 'Database Connectors' (Order: 20)
[2026-08-11 10:01:59] [WARNING] [ARGUS_AI:plugin_manager.py:30] - Module 'ocr_engine' is being re-registered.
[2026-08-11 10:01:59] [INFO] [ARGUS_AI:plugin_manager.py:34] - Registered Pluggable Module: [ocr_engine] 'OCR & Document Extractor' (Order: 30)
[2026-08-11 10:01:59] [WARNING] [ARGUS_AI:plugin_manager.py:30] - Module 'data_cleaning' is being re-registered.
[2026-08-11 10:01:59] [INFO] [ARGUS_AI:plugin_manager.py:34] - Registered Pluggable Module: [data_cleaning] 'Data Cleaning Engine' (Order: 40)
[2026-08-11 10:01:59] [WARNING] [ARGUS_AI:plugin_manager.py:30] - Module 'data_profiling' is being re-registered.
[2026-08-11 10:01:59] [INFO] [ARGUS_AI:plugin_manager.py:34] - Registered Pluggable Module: [data_profiling] 'Data Profiling Engine' (Order: 50)
[2026-08-11 10:01:59] [WARNING] [ARGUS_AI:plugin_manager.py:30] - Module 'analytics_engine' is being re-registered.
[2026-08-11 10:01:59] [INFO] [ARGUS_AI:plugin_manager.py:34] - Registered Pluggable Module: [analytics_engine] 'Analytics & Forecasting' (Order: 60)
[2026-08-11 10:01:59] [WARNING] [ARGUS_AI:plugin_manager.py:30] - Module 'visualization_engine' is being re-registered.
[2026-08-11 10:01:59] [INFO] [ARGUS_AI:plugin_manager.py:34] - Registered Pluggable Module: [visualization_engine] 'Visualization Engine' (Order: 70)
[2026-08-11 10:01:59] [WARNING] [ARGUS_AI:plugin_manager.py:30] - Module 'settings' is being re-registered.
[2026-08-11 10:01:59] [INFO] [ARGUS_AI:plugin_manager.py:34] - Registered Pluggable Module: [settings] 'Platform Settings' (Order: 999)
[2026-08-11 10:01:59] [WARNING] [ARGUS_AI:plugin_manager.py:30] - Module 'home' is being re-registered.
[2026-08-11 10:01:59] [INFO] [ARGUS_AI:plugin_manager.py:34] - Registered Pluggable Module: [home] 'Home Dashboard' (Order: 1)
[2026-08-11 10:01:59] [WARNING] [ARGUS_AI:plugin_manager.py:30] - Module 'file_loader' is being re-registered.
[2026-08-11 10:01:59] [INFO] [ARGUS_AI:plugin_manager.py:34] - Registered Pluggable Module: [file_loader] 'Universal File Loader' (Order: 10)
[2026-08-11 10:01:59] [WARNING] [ARGUS_AI:plugin_manager.py:30] - Module 'db_connectors' is being re-registered.
[2026-08-11 10:01:59] [INFO] [ARGUS_AI:plugin_manager.py:34] - Registered Pluggable Module: [db_connectors] 'Database Connectors' (Order: 20)
[2026-08-11 10:01:59] [WARNING] [ARGUS_AI:plugin_manager.py:30] - Module 'ocr_engine' is being re-registered.
[2026-08-11 10:01:59] [INFO] [ARGUS_AI:plugin_manager.py:34] - Registered Pluggable Module: [ocr_engine] 'OCR & Document Extractor' (Order: 30)
[2026-08-11 10:01:59] [WARNING] [ARGUS_AI:plugin_manager.py:30] - Module 'data_cleaning' is being re-registered.
[2026-08-11 10:01:59] [INFO] [ARGUS_AI:plugin_manager.py:34] - Registered Pluggable Module: [data_cleaning] 'Data Cleaning Engine' (Order: 40)
[2026-08-11 10:01:59] [WARNING] [ARGUS_AI:plugin_manager.py:30] - Module 'data_profiling' is being re-registered.
[2026-08-11 10:01:59] [INFO] [ARGUS_AI:plugin_manager.py:34] - Registered Pluggable Module: [data_profiling] 'Data Profiling Engine' (Order: 50)
[2026-08-11 10:01:59] [WARNING] [ARGUS_AI:plugin_manager.py:30] - Module 'analytics_engine' is being re-registered.
[2026-08-11 10:01:59] [INFO] [ARGUS_AI:plugin_manager.py:34] - Registered Pluggable Module: [analytics_engine] 'Analytics & Forecasting' (Order: 60)
[2026-08-11 10:01:59] [WARNING] [ARGUS_AI:plugin_manager.py:30] - Module 'visualization_engine' is being re-registered.
[2026-08-11 10:01:59] [INFO] [ARGUS_AI:plugin_manager.py:34] - Registered Pluggable Module: [visualization_engine] 'Visualization Engine' (Order: 70)
[2026-08-11 10:01:59] [WARNING] [ARGUS_AI:plugin_manager.py:30] - Module 'settings' is being re-registered.
[2026-08-11 10:01:59] [INFO] [ARGUS_AI:plugin_manager.py:34] - Registered Pluggable Module: [settings] 'Platform Settings' (Order: 999)
[2026-08-11 10:08:21] [INFO] [ARGUS_AI:logger.py:88] - ARGUS AI Logger initialized successfully.
[2026-08-11 10:08:26] [INFO] [ARGUS_AI:database.py:44] - Initializing Database Engine targeting: sqlite:///C:\Users\VAISHNAVI\.gemini\antigravity\scratch\argus_ai\data\argus_enterprise.db
[2026-08-11 10:08:26] [INFO] [ARGUS_AI:database.py:59] - Database Manager initialized and tables created.
[2026-08-11 10:08:27] [INFO] [ARGUS_AI:plugin_manager.py:34] - Registered Pluggable Module: [home] 'Home Dashboard' (Order: 1)
[2026-08-11 10:08:27] [INFO] [ARGUS_AI:plugin_manager.py:34] - Registered Pluggable Module: [file_loader] 'Universal File Loader' (Order: 10)
[2026-08-11 10:08:27] [INFO] [ARGUS_AI:plugin_manager.py:34] - Registered Pluggable Module: [db_connectors] 'Database Connectors' (Order: 20)
[2026-08-11 10:08:27] [INFO] [ARGUS_AI:plugin_manager.py:34] - Registered Pluggable Module: [ocr_engine] 'OCR & Document Extractor' (Order: 30)
[2026-08-11 10:08:27] [INFO] [ARGUS_AI:plugin_manager.py:34] - Registered Pluggable Module: [data_cleaning] 'Data Cleaning Engine' (Order: 40)
[2026-08-11 10:08:27] [INFO] [ARGUS_AI:plugin_manager.py:34] - Registered Pluggable Module: [data_profiling] 'Data Profiling Engine' (Order: 50)
[2026-08-11 10:08:27] [INFO] [ARGUS_AI:plugin_manager.py:34] - Registered Pluggable Module: [analytics_engine] 'Analytics & Forecasting' (Order: 60)
[2026-08-11 10:08:27] [INFO] [ARGUS_AI:plugin_manager.py:34] - Registered Pluggable Module: [visualization_engine] 'Visualization Engine' (Order: 70)
[2026-08-11 10:08:27] [INFO] [ARGUS_AI:plugin_manager.py:34] - Registered Pluggable Module: [settings] 'Platform Settings' (Order: 999)
[2026-08-11 10:09:06] [WARNING] [ARGUS_AI:plugin_manager.py:30] - Module 'home' is being re-registered.
[2026-08-11 10:09:06] [INFO] [ARGUS_AI:plugin_manager.py:34] - Registered Pluggable Module: [home] 'Home Dashboard' (Order: 1)
[2026-08-11 10:09:06] [WARNING] [ARGUS_AI:plugin_manager.py:30] - Module 'file_loader' is being re-registered.
[2026-08-11 10:09:06] [INFO] [ARGUS_AI:plugin_manager.py:34] - Registered Pluggable Module: [file_loader] 'Universal File Loader' (Order: 10)
[2026-08-11 10:09:06] [WARNING] [ARGUS_AI:plugin_manager.py:30] - Module 'db_connectors' is being re-registered.
[2026-08-11 10:09:06] [INFO] [ARGUS_AI:plugin_manager.py:34] - Registered Pluggable Module: [db_connectors] 'Database Connectors' (Order: 20)
[2026-08-11 10:09:06] [WARNING] [ARGUS_AI:plugin_manager.py:30] - Module 'ocr_engine' is being re-registered.
[2026-08-11 10:09:06] [INFO] [ARGUS_AI:plugin_manager.py:34] - Registered Pluggable Module: [ocr_engine] 'OCR & Document Extractor' (Order: 30)
[2026-08-11 10:09:06] [WARNING] [ARGUS_AI:plugin_manager.py:30] - Module 'data_cleaning' is being re-registered.
[2026-08-11 10:09:06] [INFO] [ARGUS_AI:plugin_manager.py:34] - Registered Pluggable Module: [data_cleaning] 'Data Cleaning Engine' (Order: 40)
[2026-08-11 10:09:06] [WARNING] [ARGUS_AI:plugin_manager.py:30] - Module 'data_profiling' is being re-registered.
[2026-08-11 10:09:06] [INFO] [ARGUS_AI:plugin_manager.py:34] - Registered Pluggable Module: [data_profiling] 'Data Profiling Engine' (Order: 50)
[2026-08-11 10:09:06] [WARNING] [ARGUS_AI:plugin_manager.py:30] - Module 'analytics_engine' is being re-registered.
[2026-08-11 10:09:06] [INFO] [ARGUS_AI:plugin_manager.py:34] - Registered Pluggable Module: [analytics_engine] 'Analytics & Forecasting' (Order: 60)
[2026-08-11 10:09:06] [WARNING] [ARGUS_AI:plugin_manager.py:30] - Module 'visualization_engine' is being re-registered.
[2026-08-11 10:09:06] [INFO] [ARGUS_AI:plugin_manager.py:34] - Registered Pluggable Module: [visualization_engine] 'Visualization Engine' (Order: 70)
[2026-08-11 10:09:06] [WARNING] [ARGUS_AI:plugin_manager.py:30] - Module 'settings' is being re-registered.
[2026-08-11 10:09:06] [INFO] [ARGUS_AI:plugin_manager.py:34] - Registered Pluggable Module: [settings] 'Platform Settings' (Order: 999)
[2026-08-11 10:09:06] [WARNING] [ARGUS_AI:plugin_manager.py:30] - Module 'home' is being re-registered.
[2026-08-11 10:09:06] [INFO] [ARGUS_AI:plugin_manager.py:34] - Registered Pluggable Module: [home] 'Home Dashboard' (Order: 1)
[2026-08-11 10:09:06] [WARNING] [ARGUS_AI:plugin_manager.py:30] - Module 'file_loader' is being re-registered.
[2026-08-11 10:09:06] [INFO] [ARGUS_AI:plugin_manager.py:34] - Registered Pluggable Module: [file_loader] 'Universal File Loader' (Order: 10)
[2026-08-11 10:09:06] [WARNING] [ARGUS_AI:plugin_manager.py:30] - Module 'db_connectors' is being re-registered.
[2026-08-11 10:09:06] [INFO] [ARGUS_AI:plugin_manager.py:34] - Registered Pluggable Module: [db_connectors] 'Database Connectors' (Order: 20)
[2026-08-11 10:09:06] [WARNING] [ARGUS_AI:plugin_manager.py:30] - Module 'ocr_engine' is being re-registered.
[2026-08-11 10:09:06] [INFO] [ARGUS_AI:plugin_manager.py:34] - Registered Pluggable Module: [ocr_engine] 'OCR & Document Extractor' (Order: 30)
[2026-08-11 10:09:06] [WARNING] [ARGUS_AI:plugin_manager.py:30] - Module 'data_cleaning' is being re-registered.
[2026-08-11 10:09:06] [INFO] [ARGUS_AI:plugin_manager.py:34] - Registered Pluggable Module: [data_cleaning] 'Data Cleaning Engine' (Order: 40)
[2026-08-11 10:09:06] [WARNING] [ARGUS_AI:plugin_manager.py:30] - Module 'data_profiling' is being re-registered.
[2026-08-11 10:09:06] [INFO] [ARGUS_AI:plugin_manager.py:34] - Registered Pluggable Module: [data_profiling] 'Data Profiling Engine' (Order: 50)
[2026-08-11 10:09:06] [WARNING] [ARGUS_AI:plugin_manager.py:30] - Module 'analytics_engine' is being re-registered.
[2026-08-11 10:09:06] [INFO] [ARGUS_AI:plugin_manager.py:34] - Registered Pluggable Module: [analytics_engine] 'Analytics & Forecasting' (Order: 60)
[2026-08-11 10:09:06] [WARNING] [ARGUS_AI:plugin_manager.py:30] - Module 'visualization_engine' is being re-registered.
[2026-08-11 10:09:06] [INFO] [ARGUS_AI:plugin_manager.py:34] - Registered Pluggable Module: [visualization_engine] 'Visualization Engine' (Order: 70)
[2026-08-11 10:09:06] [WARNING] [ARGUS_AI:plugin_manager.py:30] - Module 'settings' is being re-registered.
[2026-08-11 10:09:06] [INFO] [ARGUS_AI:plugin_manager.py:34] - Registered Pluggable Module: [settings] 'Platform Settings' (Order: 999)
[2026-08-11 10:09:09] [WARNING] [ARGUS_AI:plugin_manager.py:30] - Module 'home' is being re-registered.
[2026-08-11 10:09:09] [INFO] [ARGUS_AI:plugin_manager.py:34] - Registered Pluggable Module: [home] 'Home Dashboard' (Order: 1)
[2026-08-11 10:09:09] [WARNING] [ARGUS_AI:plugin_manager.py:30] - Module 'file_loader' is being re-registered.
[2026-08-11 10:09:09] [INFO] [ARGUS_AI:plugin_manager.py:34] - Registered Pluggable Module: [file_loader] 'Universal File Loader' (Order: 10)
[2026-08-11 10:09:09] [WARNING] [ARGUS_AI:plugin_manager.py:30] - Module 'db_connectors' is being re-registered.
[2026-08-11 10:09:09] [INFO] [ARGUS_AI:plugin_manager.py:34] - Registered Pluggable Module: [db_connectors] 'Database Connectors' (Order: 20)
[2026-08-11 10:09:09] [WARNING] [ARGUS_AI:plugin_manager.py:30] - Module 'ocr_engine' is being re-registered.
[2026-08-11 10:09:09] [INFO] [ARGUS_AI:plugin_manager.py:34] - Registered Pluggable Module: [ocr_engine] 'OCR & Document Extractor' (Order: 30)
[2026-08-11 10:09:09] [WARNING] [ARGUS_AI:plugin_manager.py:30] - Module 'data_cleaning' is being re-registered.
[2026-08-11 10:09:09] [INFO] [ARGUS_AI:plugin_manager.py:34] - Registered Pluggable Module: [data_cleaning] 'Data Cleaning Engine' (Order: 40)
[2026-08-11 10:09:09] [WARNING] [ARGUS_AI:plugin_manager.py:30] - Module 'data_profiling' is being re-registered.
[2026-08-11 10:09:09] [INFO] [ARGUS_AI:plugin_manager.py:34] - Registered Pluggable Module: [data_profiling] 'Data Profiling Engine' (Order: 50)
[2026-08-11 10:09:09] [WARNING] [ARGUS_AI:plugin_manager.py:30] - Module 'analytics_engine' is being re-registered.
[2026-08-11 10:09:09] [INFO] [ARGUS_AI:plugin_manager.py:34] - Registered Pluggable Module: [analytics_engine] 'Analytics & Forecasting' (Order: 60)
[2026-08-11 10:09:09] [WARNING] [ARGUS_AI:plugin_manager.py:30] - Module 'visualization_engine' is being re-registered.
[2026-08-11 10:09:09] [INFO] [ARGUS_AI:plugin_manager.py:34] - Registered Pluggable Module: [visualization_engine] 'Visualization Engine' (Order: 70)
[2026-08-11 10:09:09] [WARNING] [ARGUS_AI:plugin_manager.py:30] - Module 'settings' is being re-registered.
[2026-08-11 10:09:09] [INFO] [ARGUS_AI:plugin_manager.py:34] - Registered Pluggable Module: [settings] 'Platform Settings' (Order: 999)
[2026-08-11 10:09:09] [WARNING] [ARGUS_AI:plugin_manager.py:30] - Module 'home' is being re-registered.
[2026-08-11 10:09:09] [INFO] [ARGUS_AI:plugin_manager.py:34] - Registered Pluggable Module: [home] 'Home Dashboard' (Order: 1)
[2026-08-11 10:09:09] [WARNING] [ARGUS_AI:plugin_manager.py:30] - Module 'file_loader' is being re-registered.
[2026-08-11 10:09:09] [INFO] [ARGUS_AI:plugin_manager.py:34] - Registered Pluggable Module: [file_loader] 'Universal File Loader' (Order: 10)
[2026-08-11 10:09:09] [WARNING] [ARGUS_AI:plugin_manager.py:30] - Module 'db_connectors' is being re-registered.
[2026-08-11 10:09:09] [INFO] [ARGUS_AI:plugin_manager.py:34] - Registered Pluggable Module: [db_connectors] 'Database Connectors' (Order: 20)
[2026-08-11 10:09:09] [WARNING] [ARGUS_AI:plugin_manager.py:30] - Module 'ocr_engine' is being re-registered.
[2026-08-11 10:09:09] [INFO] [ARGUS_AI:plugin_manager.py:34] - Registered Pluggable Module: [ocr_engine] 'OCR & Document Extractor' (Order: 30)
[2026-08-11 10:09:09] [WARNING] [ARGUS_AI:plugin_manager.py:30] - Module 'data_cleaning' is being re-registered.
[2026-08-11 10:09:09] [INFO] [ARGUS_AI:plugin_manager.py:34] - Registered Pluggable Module: [data_cleaning] 'Data Cleaning Engine' (Order: 40)
[2026-08-11 10:09:09] [WARNING] [ARGUS_AI:plugin_manager.py:30] - Module 'data_profiling' is being re-registered.
[2026-08-11 10:09:09] [INFO] [ARGUS_AI:plugin_manager.py:34] - Registered Pluggable Module: [data_profiling] 'Data Profiling Engine' (Order: 50)
[2026-08-11 10:09:09] [WARNING] [ARGUS_AI:plugin_manager.py:30] - Module 'analytics_engine' is being re-registered.
[2026-08-11 10:09:09] [INFO] [ARGUS_AI:plugin_manager.py:34] - Registered Pluggable Module: [analytics_engine] 'Analytics & Forecasting' (Order: 60)
[2026-08-11 10:09:09] [WARNING] [ARGUS_AI:plugin_manager.py:30] - Module 'visualization_engine' is being re-registered.
[2026-08-11 10:09:09] [INFO] [ARGUS_AI:plugin_manager.py:34] - Registered Pluggable Module: [visualization_engine] 'Visualization Engine' (Order: 70)
[2026-08-11 10:09:09] [WARNING] [ARGUS_AI:plugin_manager.py:30] - Module 'settings' is being re-registered.
[2026-08-11 10:09:09] [INFO] [ARGUS_AI:plugin_manager.py:34] - Registered Pluggable Module: [settings] 'Platform Settings' (Order: 999)
[2026-08-11 10:09:15] [WARNING] [ARGUS_AI:plugin_manager.py:30] - Module 'home' is being re-registered.
[2026-08-11 10:09:15] [INFO] [ARGUS_AI:plugin_manager.py:34] - Registered Pluggable Module: [home] 'Home Dashboard' (Order: 1)
[2026-08-11 10:09:15] [WARNING] [ARGUS_AI:plugin_manager.py:30] - Module 'file_loader' is being re-registered.
[2026-08-11 10:09:15] [INFO] [ARGUS_AI:plugin_manager.py:34] - Registered Pluggable Module: [file_loader] 'Universal File Loader' (Order: 10)
[2026-08-11 10:09:15] [WARNING] [ARGUS_AI:plugin_manager.py:30] - Module 'db_connectors' is being re-registered.
[2026-08-11 10:09:15] [INFO] [ARGUS_AI:plugin_manager.py:34] - Registered Pluggable Module: [db_connectors] 'Database Connectors' (Order: 20)
[2026-08-11 10:09:15] [WARNING] [ARGUS_AI:plugin_manager.py:30] - Module 'ocr_engine' is being re-registered.
[2026-08-11 10:09:15] [INFO] [ARGUS_AI:plugin_manager.py:34] - Registered Pluggable Module: [ocr_engine] 'OCR & Document Extractor' (Order: 30)
[2026-08-11 10:09:15] [WARNING] [ARGUS_AI:plugin_manager.py:30] - Module 'data_cleaning' is being re-registered.
[2026-08-11 10:09:15] [INFO] [ARGUS_AI:plugin_manager.py:34] - Registered Pluggable Module: [data_cleaning] 'Data Cleaning Engine' (Order: 40)
[2026-08-11 10:09:15] [WARNING] [ARGUS_AI:plugin_manager.py:30] - Module 'data_profiling' is being re-registered.
[2026-08-11 10:09:15] [INFO] [ARGUS_AI:plugin_manager.py:34] - Registered Pluggable Module: [data_profiling] 'Data Profiling Engine' (Order: 50)
[2026-08-11 10:09:15] [WARNING] [ARGUS_AI:plugin_manager.py:30] - Module 'analytics_engine' is being re-registered.
[2026-08-11 10:09:15] [INFO] [ARGUS_AI:plugin_manager.py:34] - Registered Pluggable Module: [analytics_engine] 'Analytics & Forecasting' (Order: 60)
[2026-08-11 10:09:15] [WARNING] [ARGUS_AI:plugin_manager.py:30] - Module 'visualization_engine' is being re-registered.
[2026-08-11 10:09:15] [INFO] [ARGUS_AI:plugin_manager.py:34] - Registered Pluggable Module: [visualization_engine] 'Visualization Engine' (Order: 70)
[2026-08-11 10:09:15] [WARNING] [ARGUS_AI:plugin_manager.py:30] - Module 'settings' is being re-registered.
[2026-08-11 10:09:15] [INFO] [ARGUS_AI:plugin_manager.py:34] - Registered Pluggable Module: [settings] 'Platform Settings' (Order: 999)
[2026-08-11 10:09:18] [WARNING] [ARGUS_AI:plugin_manager.py:30] - Module 'home' is being re-registered.
[2026-08-11 10:09:18] [INFO] [ARGUS_AI:plugin_manager.py:34] - Registered Pluggable Module: [home] 'Home Dashboard' (Order: 1)
[2026-08-11 10:09:18] [WARNING] [ARGUS_AI:plugin_manager.py:30] - Module 'file_loader' is being re-registered.
[2026-08-11 10:09:18] [INFO] [ARGUS_AI:plugin_manager.py:34] - Registered Pluggable Module: [file_loader] 'Universal File Loader' (Order: 10)
[2026-08-11 10:09:18] [WARNING] [ARGUS_AI:plugin_manager.py:30] - Module 'db_connectors' is being re-registered.
[2026-08-11 10:09:18] [INFO] [ARGUS_AI:plugin_manager.py:34] - Registered Pluggable Module: [db_connectors] 'Database Connectors' (Order: 20)
[2026-08-11 10:09:18] [WARNING] [ARGUS_AI:plugin_manager.py:30] - Module 'ocr_engine' is being re-registered.
[2026-08-11 10:09:18] [INFO] [ARGUS_AI:plugin_manager.py:34] - Registered Pluggable Module: [ocr_engine] 'OCR & Document Extractor' (Order: 30)
[2026-08-11 10:09:18] [WARNING] [ARGUS_AI:plugin_manager.py:30] - Module 'data_cleaning' is being re-registered.
[2026-08-11 10:09:18] [INFO] [ARGUS_AI:plugin_manager.py:34] - Registered Pluggable Module: [data_cleaning] 'Data Cleaning Engine' (Order: 40)
[2026-08-11 10:09:18] [WARNING] [ARGUS_AI:plugin_manager.py:30] - Module 'data_profiling' is being re-registered.
[2026-08-11 10:09:18] [INFO] [ARGUS_AI:plugin_manager.py:34] - Registered Pluggable Module: [data_profiling] 'Data Profiling Engine' (Order: 50)
[2026-08-11 10:09:18] [WARNING] [ARGUS_AI:plugin_manager.py:30] - Module 'analytics_engine' is being re-registered.
[2026-08-11 10:09:18] [INFO] [ARGUS_AI:plugin_manager.py:34] - Registered Pluggable Module: [analytics_engine] 'Analytics & Forecasting' (Order: 60)
[2026-08-11 10:09:18] [WARNING] [ARGUS_AI:plugin_manager.py:30] - Module 'visualization_engine' is being re-registered.
[2026-08-11 10:09:18] [INFO] [ARGUS_AI:plugin_manager.py:34] - Registered Pluggable Module: [visualization_engine] 'Visualization Engine' (Order: 70)
[2026-08-11 10:09:18] [WARNING] [ARGUS_AI:plugin_manager.py:30] - Module 'settings' is being re-registered.
[2026-08-11 10:09:18] [INFO] [ARGUS_AI:plugin_manager.py:34] - Registered Pluggable Module: [settings] 'Platform Settings' (Order: 999)
[2026-08-11 10:09:18] [INFO] [ARGUS_AI:file_service.py:46] - Ingesting file 'Inzone_-_July_2026__3_.xlsx' (830046 bytes, type 'xlsx')
[2026-08-11 10:10:12] [WARNING] [ARGUS_AI:plugin_manager.py:30] - Module 'home' is being re-registered.
[2026-08-11 10:10:12] [INFO] [ARGUS_AI:plugin_manager.py:34] - Registered Pluggable Module: [home] 'Home Dashboard' (Order: 1)
[2026-08-11 10:10:12] [WARNING] [ARGUS_AI:plugin_manager.py:30] - Module 'file_loader' is being re-registered.
[2026-08-11 10:10:12] [INFO] [ARGUS_AI:plugin_manager.py:34] - Registered Pluggable Module: [file_loader] 'Universal File Loader' (Order: 10)
[2026-08-11 10:10:12] [WARNING] [ARGUS_AI:plugin_manager.py:30] - Module 'db_connectors' is being re-registered.
[2026-08-11 10:10:12] [INFO] [ARGUS_AI:plugin_manager.py:34] - Registered Pluggable Module: [db_connectors] 'Database Connectors' (Order: 20)
[2026-08-11 10:10:12] [WARNING] [ARGUS_AI:plugin_manager.py:30] - Module 'ocr_engine' is being re-registered.
[2026-08-11 10:10:12] [INFO] [ARGUS_AI:plugin_manager.py:34] - Registered Pluggable Module: [ocr_engine] 'OCR & Document Extractor' (Order: 30)
[2026-08-11 10:10:12] [WARNING] [ARGUS_AI:plugin_manager.py:30] - Module 'data_cleaning' is being re-registered.
[2026-08-11 10:10:12] [INFO] [ARGUS_AI:plugin_manager.py:34] - Registered Pluggable Module: [data_cleaning] 'Data Cleaning Engine' (Order: 40)
[2026-08-11 10:10:12] [WARNING] [ARGUS_AI:plugin_manager.py:30] - Module 'data_profiling' is being re-registered.
[2026-08-11 10:10:12] [INFO] [ARGUS_AI:plugin_manager.py:34] - Registered Pluggable Module: [data_profiling] 'Data Profiling Engine' (Order: 50)
[2026-08-11 10:10:12] [WARNING] [ARGUS_AI:plugin_manager.py:30] - Module 'analytics_engine' is being re-registered.
[2026-08-11 10:10:12] [INFO] [ARGUS_AI:plugin_manager.py:34] - Registered Pluggable Module: [analytics_engine] 'Analytics & Forecasting' (Order: 60)
[2026-08-11 10:10:12] [WARNING] [ARGUS_AI:plugin_manager.py:30] - Module 'visualization_engine' is being re-registered.
[2026-08-11 10:10:12] [INFO] [ARGUS_AI:plugin_manager.py:34] - Registered Pluggable Module: [visualization_engine] 'Visualization Engine' (Order: 70)
[2026-08-11 10:10:12] [WARNING] [ARGUS_AI:plugin_manager.py:30] - Module 'settings' is being re-registered.
[2026-08-11 10:10:12] [INFO] [ARGUS_AI:plugin_manager.py:34] - Registered Pluggable Module: [settings] 'Platform Settings' (Order: 999)
[2026-08-11 10:15:56] [WARNING] [ARGUS_AI:plugin_manager.py:30] - Module 'home' is being re-registered.
[2026-08-11 10:15:56] [INFO] [ARGUS_AI:plugin_manager.py:34] - Registered Pluggable Module: [home] 'Home Dashboard' (Order: 1)
[2026-08-11 10:15:56] [WARNING] [ARGUS_AI:plugin_manager.py:30] - Module 'file_loader' is being re-registered.
[2026-08-11 10:15:56] [INFO] [ARGUS_AI:plugin_manager.py:34] - Registered Pluggable Module: [file_loader] 'Universal File Loader' (Order: 10)
[2026-08-11 10:15:56] [WARNING] [ARGUS_AI:plugin_manager.py:30] - Module 'db_connectors' is being re-registered.
[2026-08-11 10:15:56] [INFO] [ARGUS_AI:plugin_manager.py:34] - Registered Pluggable Module: [db_connectors] 'Database Connectors' (Order: 20)
[2026-08-11 10:15:56] [WARNING] [ARGUS_AI:plugin_manager.py:30] - Module 'ocr_engine' is being re-registered.
[2026-08-11 10:15:56] [INFO] [ARGUS_AI:plugin_manager.py:34] - Registered Pluggable Module: [ocr_engine] 'OCR & Document Extractor' (Order: 30)
[2026-08-11 10:15:56] [WARNING] [ARGUS_AI:plugin_manager.py:30] - Module 'data_cleaning' is being re-registered.
[2026-08-11 10:15:56] [INFO] [ARGUS_AI:plugin_manager.py:34] - Registered Pluggable Module: [data_cleaning] 'Data Cleaning Engine' (Order: 40)
[2026-08-11 10:15:56] [WARNING] [ARGUS_AI:plugin_manager.py:30] - Module 'data_profiling' is being re-registered.
[2026-08-11 10:15:56] [INFO] [ARGUS_AI:plugin_manager.py:34] - Registered Pluggable Module: [data_profiling] 'Data Profiling Engine' (Order: 50)
[2026-08-11 10:15:56] [WARNING] [ARGUS_AI:plugin_manager.py:30] - Module 'analytics_engine' is being re-registered.
[2026-08-11 10:15:56] [INFO] [ARGUS_AI:plugin_manager.py:34] - Registered Pluggable Module: [analytics_engine] 'Analytics & Forecasting' (Order: 60)
[2026-08-11 10:15:56] [WARNING] [ARGUS_AI:plugin_manager.py:30] - Module 'visualization_engine' is being re-registered.
[2026-08-11 10:15:56] [INFO] [ARGUS_AI:plugin_manager.py:34] - Registered Pluggable Module: [visualization_engine] 'Visualization Engine' (Order: 70)
[2026-08-11 10:15:56] [WARNING] [ARGUS_AI:plugin_manager.py:30] - Module 'settings' is being re-registered.
[2026-08-11 10:15:56] [INFO] [ARGUS_AI:plugin_manager.py:34] - Registered Pluggable Module: [settings] 'Platform Settings' (Order: 999)
[2026-08-11 10:15:56] [WARNING] [ARGUS_AI:plugin_manager.py:30] - Module 'home' is being re-registered.
[2026-08-11 10:15:56] [INFO] [ARGUS_AI:plugin_manager.py:34] - Registered Pluggable Module: [home] 'Home Dashboard' (Order: 1)
[2026-08-11 10:15:56] [WARNING] [ARGUS_AI:plugin_manager.py:30] - Module 'file_loader' is being re-registered.
[2026-08-11 10:15:56] [INFO] [ARGUS_AI:plugin_manager.py:34] - Registered Pluggable Module: [file_loader] 'Universal File Loader' (Order: 10)
[2026-08-11 10:15:56] [WARNING] [ARGUS_AI:plugin_manager.py:30] - Module 'db_connectors' is being re-registered.
[2026-08-11 10:15:56] [INFO] [ARGUS_AI:plugin_manager.py:34] - Registered Pluggable Module: [db_connectors] 'Database Connectors' (Order: 20)
[2026-08-11 10:15:56] [WARNING] [ARGUS_AI:plugin_manager.py:30] - Module 'ocr_engine' is being re-registered.
[2026-08-11 10:15:56] [INFO] [ARGUS_AI:plugin_manager.py:34] - Registered Pluggable Module: [ocr_engine] 'OCR & Document Extractor' (Order: 30)
[2026-08-11 10:15:56] [WARNING] [ARGUS_AI:plugin_manager.py:30] - Module 'data_cleaning' is being re-registered.
[2026-08-11 10:15:56] [INFO] [ARGUS_AI:plugin_manager.py:34] - Registered Pluggable Module: [data_cleaning] 'Data Cleaning Engine' (Order: 40)
[2026-08-11 10:15:56] [WARNING] [ARGUS_AI:plugin_manager.py:30] - Module 'data_profiling' is being re-registered.
[2026-08-11 10:15:56] [INFO] [ARGUS_AI:plugin_manager.py:34] - Registered Pluggable Module: [data_profiling] 'Data Profiling Engine' (Order: 50)
[2026-08-11 10:15:56] [WARNING] [ARGUS_AI:plugin_manager.py:30] - Module 'analytics_engine' is being re-registered.
[2026-08-11 10:15:56] [INFO] [ARGUS_AI:plugin_manager.py:34] - Registered Pluggable Module: [analytics_engine] 'Analytics & Forecasting' (Order: 60)
[2026-08-11 10:15:56] [WARNING] [ARGUS_AI:plugin_manager.py:30] - Module 'visualization_engine' is being re-registered.
[2026-08-11 10:15:56] [INFO] [ARGUS_AI:plugin_manager.py:34] - Registered Pluggable Module: [visualization_engine] 'Visualization Engine' (Order: 70)
[2026-08-11 10:15:56] [WARNING] [ARGUS_AI:plugin_manager.py:30] - Module 'settings' is being re-registered.
[2026-08-11 10:15:56] [INFO] [ARGUS_AI:plugin_manager.py:34] - Registered Pluggable Module: [settings] 'Platform Settings' (Order: 999)
[2026-08-11 10:16:14] [WARNING] [ARGUS_AI:plugin_manager.py:30] - Module 'home' is being re-registered.
[2026-08-11 10:16:14] [INFO] [ARGUS_AI:plugin_manager.py:34] - Registered Pluggable Module: [home] 'Home Dashboard' (Order: 1)
[2026-08-11 10:16:14] [WARNING] [ARGUS_AI:plugin_manager.py:30] - Module 'file_loader' is being re-registered.
[2026-08-11 10:16:14] [INFO] [ARGUS_AI:plugin_manager.py:34] - Registered Pluggable Module: [file_loader] 'Universal File Loader' (Order: 10)
[2026-08-11 10:16:14] [WARNING] [ARGUS_AI:plugin_manager.py:30] - Module 'db_connectors' is being re-registered.
[2026-08-11 10:16:14] [INFO] [ARGUS_AI:plugin_manager.py:34] - Registered Pluggable Module: [db_connectors] 'Database Connectors' (Order: 20)
[2026-08-11 10:16:14] [WARNING] [ARGUS_AI:plugin_manager.py:30] - Module 'ocr_engine' is being re-registered.
[2026-08-11 10:16:14] [INFO] [ARGUS_AI:plugin_manager.py:34] - Registered Pluggable Module: [ocr_engine] 'OCR & Document Extractor' (Order: 30)
[2026-08-11 10:16:14] [WARNING] [ARGUS_AI:plugin_manager.py:30] - Module 'data_cleaning' is being re-registered.
[2026-08-11 10:16:14] [INFO] [ARGUS_AI:plugin_manager.py:34] - Registered Pluggable Module: [data_cleaning] 'Data Cleaning Engine' (Order: 40)
[2026-08-11 10:16:14] [WARNING] [ARGUS_AI:plugin_manager.py:30] - Module 'data_profiling' is being re-registered.
[2026-08-11 10:16:14] [INFO] [ARGUS_AI:plugin_manager.py:34] - Registered Pluggable Module: [data_profiling] 'Data Profiling Engine' (Order: 50)
[2026-08-11 10:16:14] [WARNING] [ARGUS_AI:plugin_manager.py:30] - Module 'analytics_engine' is being re-registered.
[2026-08-11 10:16:14] [INFO] [ARGUS_AI:plugin_manager.py:34] - Registered Pluggable Module: [analytics_engine] 'Analytics & Forecasting' (Order: 60)
[2026-08-11 10:16:14] [WARNING] [ARGUS_AI:plugin_manager.py:30] - Module 'visualization_engine' is being re-registered.
[2026-08-11 10:16:14] [INFO] [ARGUS_AI:plugin_manager.py:34] - Registered Pluggable Module: [visualization_engine] 'Visualization Engine' (Order: 70)
[2026-08-11 10:16:14] [WARNING] [ARGUS_AI:plugin_manager.py:30] - Module 'settings' is being re-registered.
[2026-08-11 10:16:14] [INFO] [ARGUS_AI:plugin_manager.py:34] - Registered Pluggable Module: [settings] 'Platform Settings' (Order: 999)
[2026-08-11 10:16:14] [WARNING] [ARGUS_AI:plugin_manager.py:30] - Module 'home' is being re-registered.
[2026-08-11 10:16:14] [INFO] [ARGUS_AI:plugin_manager.py:34] - Registered Pluggable Module: [home] 'Home Dashboard' (Order: 1)
[2026-08-11 10:16:14] [WARNING] [ARGUS_AI:plugin_manager.py:30] - Module 'file_loader' is being re-registered.
[2026-08-11 10:16:14] [INFO] [ARGUS_AI:plugin_manager.py:34] - Registered Pluggable Module: [file_loader] 'Universal File Loader' (Order: 10)
[2026-08-11 10:16:14] [WARNING] [ARGUS_AI:plugin_manager.py:30] - Module 'db_connectors' is being re-registered.
[2026-08-11 10:16:14] [INFO] [ARGUS_AI:plugin_manager.py:34] - Registered Pluggable Module: [db_connectors] 'Database Connectors' (Order: 20)
[2026-08-11 10:16:14] [WARNING] [ARGUS_AI:plugin_manager.py:30] - Module 'ocr_engine' is being re-registered.
[2026-08-11 10:16:14] [INFO] [ARGUS_AI:plugin_manager.py:34] - Registered Pluggable Module: [ocr_engine] 'OCR & Document Extractor' (Order: 30)
[2026-08-11 10:16:14] [WARNING] [ARGUS_AI:plugin_manager.py:30] - Module 'data_cleaning' is being re-registered.
[2026-08-11 10:16:14] [INFO] [ARGUS_AI:plugin_manager.py:34] - Registered Pluggable Module: [data_cleaning] 'Data Cleaning Engine' (Order: 40)
[2026-08-11 10:16:14] [WARNING] [ARGUS_AI:plugin_manager.py:30] - Module 'data_profiling' is being re-registered.
[2026-08-11 10:16:14] [INFO] [ARGUS_AI:plugin_manager.py:34] - Registered Pluggable Module: [data_profiling] 'Data Profiling Engine' (Order: 50)
[2026-08-11 10:16:14] [WARNING] [ARGUS_AI:plugin_manager.py:30] - Module 'analytics_engine' is being re-registered.
[2026-08-11 10:16:14] [INFO] [ARGUS_AI:plugin_manager.py:34] - Registered Pluggable Module: [analytics_engine] 'Analytics & Forecasting' (Order: 60)
[2026-08-11 10:16:14] [WARNING] [ARGUS_AI:plugin_manager.py:30] - Module 'visualization_engine' is being re-registered.
[2026-08-11 10:16:14] [INFO] [ARGUS_AI:plugin_manager.py:34] - Registered Pluggable Module: [visualization_engine] 'Visualization Engine' (Order: 70)
[2026-08-11 10:16:14] [WARNING] [ARGUS_AI:plugin_manager.py:30] - Module 'settings' is being re-registered.
[2026-08-11 10:16:14] [INFO] [ARGUS_AI:plugin_manager.py:34] - Registered Pluggable Module: [settings] 'Platform Settings' (Order: 999)
[2026-08-11 10:16:16] [WARNING] [ARGUS_AI:plugin_manager.py:30] - Module 'home' is being re-registered.
[2026-08-11 10:16:16] [INFO] [ARGUS_AI:plugin_manager.py:34] - Registered Pluggable Module: [home] 'Home Dashboard' (Order: 1)
[2026-08-11 10:16:16] [WARNING] [ARGUS_AI:plugin_manager.py:30] - Module 'file_loader' is being re-registered.
[2026-08-11 10:16:16] [INFO] [ARGUS_AI:plugin_manager.py:34] - Registered Pluggable Module: [file_loader] 'Universal File Loader' (Order: 10)
[2026-08-11 10:16:16] [WARNING] [ARGUS_AI:plugin_manager.py:30] - Module 'db_connectors' is being re-registered.
[2026-08-11 10:16:16] [INFO] [ARGUS_AI:plugin_manager.py:34] - Registered Pluggable Module: [db_connectors] 'Database Connectors' (Order: 20)
[2026-08-11 10:16:16] [WARNING] [ARGUS_AI:plugin_manager.py:30] - Module 'ocr_engine' is being re-registered.
[2026-08-11 10:16:16] [INFO] [ARGUS_AI:plugin_manager.py:34] - Registered Pluggable Module: [ocr_engine] 'OCR & Document Extractor' (Order: 30)
[2026-08-11 10:16:16] [WARNING] [ARGUS_AI:plugin_manager.py:30] - Module 'data_cleaning' is being re-registered.
[2026-08-11 10:16:16] [INFO] [ARGUS_AI:plugin_manager.py:34] - Registered Pluggable Module: [data_cleaning] 'Data Cleaning Engine' (Order: 40)
[2026-08-11 10:16:16] [WARNING] [ARGUS_AI:plugin_manager.py:30] - Module 'data_profiling' is being re-registered.
[2026-08-11 10:16:16] [INFO] [ARGUS_AI:plugin_manager.py:34] - Registered Pluggable Module: [data_profiling] 'Data Profiling Engine' (Order: 50)
[2026-08-11 10:16:16] [WARNING] [ARGUS_AI:plugin_manager.py:30] - Module 'analytics_engine' is being re-registered.
[2026-08-11 10:16:16] [INFO] [ARGUS_AI:plugin_manager.py:34] - Registered Pluggable Module: [analytics_engine] 'Analytics & Forecasting' (Order: 60)
[2026-08-11 10:16:16] [WARNING] [ARGUS_AI:plugin_manager.py:30] - Module 'visualization_engine' is being re-registered.
[2026-08-11 10:16:16] [INFO] [ARGUS_AI:plugin_manager.py:34] - Registered Pluggable Module: [visualization_engine] 'Visualization Engine' (Order: 70)
[2026-08-11 10:16:16] [WARNING] [ARGUS_AI:plugin_manager.py:30] - Module 'settings' is being re-registered.
[2026-08-11 10:16:16] [INFO] [ARGUS_AI:plugin_manager.py:34] - Registered Pluggable Module: [settings] 'Platform Settings' (Order: 999)
[2026-08-11 10:16:16] [WARNING] [ARGUS_AI:plugin_manager.py:30] - Module 'home' is being re-registered.
[2026-08-11 10:16:16] [INFO] [ARGUS_AI:plugin_manager.py:34] - Registered Pluggable Module: [home] 'Home Dashboard' (Order: 1)
[2026-08-11 10:16:16] [WARNING] [ARGUS_AI:plugin_manager.py:30] - Module 'file_loader' is being re-registered.
[2026-08-11 10:16:16] [INFO] [ARGUS_AI:plugin_manager.py:34] - Registered Pluggable Module: [file_loader] 'Universal File Loader' (Order: 10)
[2026-08-11 10:16:16] [WARNING] [ARGUS_AI:plugin_manager.py:30] - Module 'db_connectors' is being re-registered.
[2026-08-11 10:16:16] [INFO] [ARGUS_AI:plugin_manager.py:34] - Registered Pluggable Module: [db_connectors] 'Database Connectors' (Order: 20)
[2026-08-11 10:16:16] [WARNING] [ARGUS_AI:plugin_manager.py:30] - Module 'ocr_engine' is being re-registered.
[2026-08-11 10:16:16] [INFO] [ARGUS_AI:plugin_manager.py:34] - Registered Pluggable Module: [ocr_engine] 'OCR & Document Extractor' (Order: 30)
[2026-08-11 10:16:16] [WARNING] [ARGUS_AI:plugin_manager.py:30] - Module 'data_cleaning' is being re-registered.
[2026-08-11 10:16:16] [INFO] [ARGUS_AI:plugin_manager.py:34] - Registered Pluggable Module: [data_cleaning] 'Data Cleaning Engine' (Order: 40)
[2026-08-11 10:16:16] [WARNING] [ARGUS_AI:plugin_manager.py:30] - Module 'data_profiling' is being re-registered.
[2026-08-11 10:16:16] [INFO] [ARGUS_AI:plugin_manager.py:34] - Registered Pluggable Module: [data_profiling] 'Data Profiling Engine' (Order: 50)
[2026-08-11 10:16:16] [WARNING] [ARGUS_AI:plugin_manager.py:30] - Module 'analytics_engine' is being re-registered.
[2026-08-11 10:16:16] [INFO] [ARGUS_AI:plugin_manager.py:34] - Registered Pluggable Module: [analytics_engine] 'Analytics & Forecasting' (Order: 60)
[2026-08-11 10:16:16] [WARNING] [ARGUS_AI:plugin_manager.py:30] - Module 'visualization_engine' is being re-registered.
[2026-08-11 10:16:16] [INFO] [ARGUS_AI:plugin_manager.py:34] - Registered Pluggable Module: [visualization_engine] 'Visualization Engine' (Order: 70)
[2026-08-11 10:16:16] [WARNING] [ARGUS_AI:plugin_manager.py:30] - Module 'settings' is being re-registered.
[2026-08-11 10:16:16] [INFO] [ARGUS_AI:plugin_manager.py:34] - Registered Pluggable Module: [settings] 'Platform Settings' (Order: 999)
[2026-08-11 10:16:20] [WARNING] [ARGUS_AI:plugin_manager.py:30] - Module 'home' is being re-registered.
[2026-08-11 10:16:20] [INFO] [ARGUS_AI:plugin_manager.py:34] - Registered Pluggable Module: [home] 'Home Dashboard' (Order: 1)
[2026-08-11 10:16:20] [WARNING] [ARGUS_AI:plugin_manager.py:30] - Module 'file_loader' is being re-registered.
[2026-08-11 10:16:20] [INFO] [ARGUS_AI:plugin_manager.py:34] - Registered Pluggable Module: [file_loader] 'Universal File Loader' (Order: 10)
[2026-08-11 10:16:20] [WARNING] [ARGUS_AI:plugin_manager.py:30] - Module 'db_connectors' is being re-registered.
[2026-08-11 10:16:20] [INFO] [ARGUS_AI:plugin_manager.py:34] - Registered Pluggable Module: [db_connectors] 'Database Connectors' (Order: 20)
[2026-08-11 10:16:20] [WARNING] [ARGUS_AI:plugin_manager.py:30] - Module 'ocr_engine' is being re-registered.
[2026-08-11 10:16:20] [INFO] [ARGUS_AI:plugin_manager.py:34] - Registered Pluggable Module: [ocr_engine] 'OCR & Document Extractor' (Order: 30)
[2026-08-11 10:16:20] [WARNING] [ARGUS_AI:plugin_manager.py:30] - Module 'data_cleaning' is being re-registered.
[2026-08-11 10:16:20] [INFO] [ARGUS_AI:plugin_manager.py:34] - Registered Pluggable Module: [data_cleaning] 'Data Cleaning Engine' (Order: 40)
[2026-08-11 10:16:20] [WARNING] [ARGUS_AI:plugin_manager.py:30] - Module 'data_profiling' is being re-registered.
[2026-08-11 10:16:20] [INFO] [ARGUS_AI:plugin_manager.py:34] - Registered Pluggable Module: [data_profiling] 'Data Profiling Engine' (Order: 50)
[2026-08-11 10:16:20] [WARNING] [ARGUS_AI:plugin_manager.py:30] - Module 'analytics_engine' is being re-registered.
[2026-08-11 10:16:20] [INFO] [ARGUS_AI:plugin_manager.py:34] - Registered Pluggable Module: [analytics_engine] 'Analytics & Forecasting' (Order: 60)
[2026-08-11 10:16:20] [WARNING] [ARGUS_AI:plugin_manager.py:30] - Module 'visualization_engine' is being re-registered.
[2026-08-11 10:16:20] [INFO] [ARGUS_AI:plugin_manager.py:34] - Registered Pluggable Module: [visualization_engine] 'Visualization Engine' (Order: 70)
[2026-08-11 10:16:20] [WARNING] [ARGUS_AI:plugin_manager.py:30] - Module 'settings' is being re-registered.
[2026-08-11 10:16:20] [INFO] [ARGUS_AI:plugin_manager.py:34] - Registered Pluggable Module: [settings] 'Platform Settings' (Order: 999)
[2026-08-11 10:16:21] [WARNING] [ARGUS_AI:plugin_manager.py:30] - Module 'home' is being re-registered.
[2026-08-11 10:16:21] [INFO] [ARGUS_AI:plugin_manager.py:34] - Registered Pluggable Module: [home] 'Home Dashboard' (Order: 1)
[2026-08-11 10:16:21] [WARNING] [ARGUS_AI:plugin_manager.py:30] - Module 'file_loader' is being re-registered.
[2026-08-11 10:16:21] [INFO] [ARGUS_AI:plugin_manager.py:34] - Registered Pluggable Module: [file_loader] 'Universal File Loader' (Order: 10)
[2026-08-11 10:16:21] [WARNING] [ARGUS_AI:plugin_manager.py:30] - Module 'db_connectors' is being re-registered.
[2026-08-11 10:16:21] [INFO] [ARGUS_AI:plugin_manager.py:34] - Registered Pluggable Module: [db_connectors] 'Database Connectors' (Order: 20)
[2026-08-11 10:16:21] [WARNING] [ARGUS_AI:plugin_manager.py:30] - Module 'ocr_engine' is being re-registered.
[2026-08-11 10:16:21] [INFO] [ARGUS_AI:plugin_manager.py:34] - Registered Pluggable Module: [ocr_engine] 'OCR & Document Extractor' (Order: 30)
[2026-08-11 10:16:21] [WARNING] [ARGUS_AI:plugin_manager.py:30] - Module 'data_cleaning' is being re-registered.
[2026-08-11 10:16:21] [INFO] [ARGUS_AI:plugin_manager.py:34] - Registered Pluggable Module: [data_cleaning] 'Data Cleaning Engine' (Order: 40)
[2026-08-11 10:16:21] [WARNING] [ARGUS_AI:plugin_manager.py:30] - Module 'data_profiling' is being re-registered.
[2026-08-11 10:16:21] [INFO] [ARGUS_AI:plugin_manager.py:34] - Registered Pluggable Module: [data_profiling] 'Data Profiling Engine' (Order: 50)
[2026-08-11 10:16:21] [WARNING] [ARGUS_AI:plugin_manager.py:30] - Module 'analytics_engine' is being re-registered.
[2026-08-11 10:16:21] [INFO] [ARGUS_AI:plugin_manager.py:34] - Registered Pluggable Module: [analytics_engine] 'Analytics & Forecasting' (Order: 60)
[2026-08-11 10:16:21] [WARNING] [ARGUS_AI:plugin_manager.py:30] - Module 'visualization_engine' is being re-registered.
[2026-08-11 10:16:21] [INFO] [ARGUS_AI:plugin_manager.py:34] - Registered Pluggable Module: [visualization_engine] 'Visualization Engine' (Order: 70)
[2026-08-11 10:16:21] [WARNING] [ARGUS_AI:plugin_manager.py:30] - Module 'settings' is being re-registered.
[2026-08-11 10:16:21] [INFO] [ARGUS_AI:plugin_manager.py:34] - Registered Pluggable Module: [settings] 'Platform Settings' (Order: 999)
[2026-08-11 10:16:21] [INFO] [ARGUS_AI:file_service.py:46] - Ingesting file 'Inzone_-_July_2026__3_.xlsx' (830046 bytes, type 'xlsx')
[2026-08-11 10:16:23] [WARNING] [ARGUS_AI:plugin_manager.py:30] - Module 'home' is being re-registered.
[2026-08-11 10:16:23] [INFO] [ARGUS_AI:plugin_manager.py:34] - Registered Pluggable Module: [home] 'Home Dashboard' (Order: 1)
[2026-08-11 10:16:23] [WARNING] [ARGUS_AI:plugin_manager.py:30] - Module 'file_loader' is being re-registered.
[2026-08-11 10:16:23] [INFO] [ARGUS_AI:plugin_manager.py:34] - Registered Pluggable Module: [file_loader] 'Universal File Loader' (Order: 10)
[2026-08-11 10:16:23] [WARNING] [ARGUS_AI:plugin_manager.py:30] - Module 'db_connectors' is being re-registered.
[2026-08-11 10:16:23] [INFO] [ARGUS_AI:plugin_manager.py:34] - Registered Pluggable Module: [db_connectors] 'Database Connectors' (Order: 20)
[2026-08-11 10:16:23] [WARNING] [ARGUS_AI:plugin_manager.py:30] - Module 'ocr_engine' is being re-registered.
[2026-08-11 10:16:23] [INFO] [ARGUS_AI:plugin_manager.py:34] - Registered Pluggable Module: [ocr_engine] 'OCR & Document Extractor' (Order: 30)
[2026-08-11 10:16:23] [WARNING] [ARGUS_AI:plugin_manager.py:30] - Module 'data_cleaning' is being re-registered.
[2026-08-11 10:16:23] [INFO] [ARGUS_AI:plugin_manager.py:34] - Registered Pluggable Module: [data_cleaning] 'Data Cleaning Engine' (Order: 40)
[2026-08-11 10:16:23] [WARNING] [ARGUS_AI:plugin_manager.py:30] - Module 'data_profiling' is being re-registered.
[2026-08-11 10:16:23] [INFO] [ARGUS_AI:plugin_manager.py:34] - Registered Pluggable Module: [data_profiling] 'Data Profiling Engine' (Order: 50)
[2026-08-11 10:16:23] [WARNING] [ARGUS_AI:plugin_manager.py:30] - Module 'analytics_engine' is being re-registered.
[2026-08-11 10:16:23] [INFO] [ARGUS_AI:plugin_manager.py:34] - Registered Pluggable Module: [analytics_engine] 'Analytics & Forecasting' (Order: 60)
[2026-08-11 10:16:23] [WARNING] [ARGUS_AI:plugin_manager.py:30] - Module 'visualization_engine' is being re-registered.
[2026-08-11 10:16:23] [INFO] [ARGUS_AI:plugin_manager.py:34] - Registered Pluggable Module: [visualization_engine] 'Visualization Engine' (Order: 70)
[2026-08-11 10:16:23] [WARNING] [ARGUS_AI:plugin_manager.py:30] - Module 'settings' is being re-registered.
[2026-08-11 10:16:23] [INFO] [ARGUS_AI:plugin_manager.py:34] - Registered Pluggable Module: [settings] 'Platform Settings' (Order: 999)
[2026-08-11 10:16:24] [WARNING] [ARGUS_AI:plugin_manager.py:30] - Module 'home' is being re-registered.
[2026-08-11 10:16:24] [INFO] [ARGUS_AI:plugin_manager.py:34] - Registered Pluggable Module: [home] 'Home Dashboard' (Order: 1)
[2026-08-11 10:16:24] [WARNING] [ARGUS_AI:plugin_manager.py:30] - Module 'file_loader' is being re-registered.
[2026-08-11 10:16:24] [INFO] [ARGUS_AI:plugin_manager.py:34] - Registered Pluggable Module: [file_loader] 'Universal File Loader' (Order: 10)
[2026-08-11 10:16:24] [WARNING] [ARGUS_AI:plugin_manager.py:30] - Module 'db_connectors' is being re-registered.
[2026-08-11 10:16:24] [INFO] [ARGUS_AI:plugin_manager.py:34] - Registered Pluggable Module: [db_connectors] 'Database Connectors' (Order: 20)
[2026-08-11 10:16:24] [WARNING] [ARGUS_AI:plugin_manager.py:30] - Module 'ocr_engine' is being re-registered.
[2026-08-11 10:16:24] [INFO] [ARGUS_AI:plugin_manager.py:34] - Registered Pluggable Module: [ocr_engine] 'OCR & Document Extractor' (Order: 30)
[2026-08-11 10:16:24] [WARNING] [ARGUS_AI:plugin_manager.py:30] - Module 'data_cleaning' is being re-registered.
[2026-08-11 10:16:24] [INFO] [ARGUS_AI:plugin_manager.py:34] - Registered Pluggable Module: [data_cleaning] 'Data Cleaning Engine' (Order: 40)
[2026-08-11 10:16:24] [WARNING] [ARGUS_AI:plugin_manager.py:30] - Module 'data_profiling' is being re-registered.
[2026-08-11 10:16:24] [INFO] [ARGUS_AI:plugin_manager.py:34] - Registered Pluggable Module: [data_profiling] 'Data Profiling Engine' (Order: 50)
[2026-08-11 10:16:24] [WARNING] [ARGUS_AI:plugin_manager.py:30] - Module 'analytics_engine' is being re-registered.
[2026-08-11 10:16:24] [INFO] [ARGUS_AI:plugin_manager.py:34] - Registered Pluggable Module: [analytics_engine] 'Analytics & Forecasting' (Order: 60)
[2026-08-11 10:16:24] [WARNING] [ARGUS_AI:plugin_manager.py:30] - Module 'visualization_engine' is being re-registered.
[2026-08-11 10:16:24] [INFO] [ARGUS_AI:plugin_manager.py:34] - Registered Pluggable Module: [visualization_engine] 'Visualization Engine' (Order: 70)
[2026-08-11 10:16:24] [WARNING] [ARGUS_AI:plugin_manager.py:30] - Module 'settings' is being re-registered.
[2026-08-11 10:16:24] [INFO] [ARGUS_AI:plugin_manager.py:34] - Registered Pluggable Module: [settings] 'Platform Settings' (Order: 999)
[2026-08-11 10:31:25] [INFO] [ARGUS_AI:logger.py:88] - ARGUS AI Logger initialized successfully.
[2026-08-11 10:31:30] [INFO] [ARGUS_AI:database.py:44] - Initializing Database Engine targeting: sqlite:///C:\Users\VAISHNAVI\.gemini\antigravity\scratch\argus_ai\data\argus_enterprise.db
[2026-08-11 10:31:30] [INFO] [ARGUS_AI:database.py:59] - Database Manager initialized and tables created.
[2026-08-11 10:31:30] [INFO] [ARGUS_AI:plugin_manager.py:34] - Registered Pluggable Module: [home] 'Home Dashboard' (Order: 1)
[2026-08-11 10:31:30] [INFO] [ARGUS_AI:plugin_manager.py:34] - Registered Pluggable Module: [file_loader] 'Universal File Loader' (Order: 10)
[2026-08-11 10:31:30] [INFO] [ARGUS_AI:plugin_manager.py:34] - Registered Pluggable Module: [db_connectors] 'Database Connectors' (Order: 20)
[2026-08-11 10:31:30] [INFO] [ARGUS_AI:plugin_manager.py:34] - Registered Pluggable Module: [ocr_engine] 'OCR & Document Extractor' (Order: 30)
[2026-08-11 10:31:30] [INFO] [ARGUS_AI:plugin_manager.py:34] - Registered Pluggable Module: [data_cleaning] 'Data Cleaning Engine' (Order: 40)
[2026-08-11 10:31:30] [INFO] [ARGUS_AI:plugin_manager.py:34] - Registered Pluggable Module: [data_profiling] 'Data Profiling Engine' (Order: 50)
[2026-08-11 10:31:30] [INFO] [ARGUS_AI:plugin_manager.py:34] - Registered Pluggable Module: [analytics_engine] 'Analytics & Forecasting' (Order: 60)
[2026-08-11 10:31:30] [INFO] [ARGUS_AI:plugin_manager.py:34] - Registered Pluggable Module: [visualization_engine] 'Visualization Engine' (Order: 70)
[2026-08-11 10:31:30] [INFO] [ARGUS_AI:plugin_manager.py:34] - Registered Pluggable Module: [settings] 'Platform Settings' (Order: 999)
[2026-08-11 10:31:43] [WARNING] [ARGUS_AI:plugin_manager.py:30] - Module 'home' is being re-registered.
[2026-08-11 10:31:43] [INFO] [ARGUS_AI:plugin_manager.py:34] - Registered Pluggable Module: [home] 'Home Dashboard' (Order: 1)
[2026-08-11 10:31:43] [WARNING] [ARGUS_AI:plugin_manager.py:30] - Module 'file_loader' is being re-registered.
[2026-08-11 10:31:43] [INFO] [ARGUS_AI:plugin_manager.py:34] - Registered Pluggable Module: [file_loader] 'Universal File Loader' (Order: 10)
[2026-08-11 10:31:43] [WARNING] [ARGUS_AI:plugin_manager.py:30] - Module 'db_connectors' is being re-registered.
[2026-08-11 10:31:43] [INFO] [ARGUS_AI:plugin_manager.py:34] - Registered Pluggable Module: [db_connectors] 'Database Connectors' (Order: 20)
[2026-08-11 10:31:43] [WARNING] [ARGUS_AI:plugin_manager.py:30] - Module 'ocr_engine' is being re-registered.
[2026-08-11 10:31:43] [INFO] [ARGUS_AI:plugin_manager.py:34] - Registered Pluggable Module: [ocr_engine] 'OCR & Document Extractor' (Order: 30)
[2026-08-11 10:31:43] [WARNING] [ARGUS_AI:plugin_manager.py:30] - Module 'data_cleaning' is being re-registered.
[2026-08-11 10:31:43] [INFO] [ARGUS_AI:plugin_manager.py:34] - Registered Pluggable Module: [data_cleaning] 'Data Cleaning Engine' (Order: 40)
[2026-08-11 10:31:43] [WARNING] [ARGUS_AI:plugin_manager.py:30] - Module 'data_profiling' is being re-registered.
[2026-08-11 10:31:43] [INFO] [ARGUS_AI:plugin_manager.py:34] - Registered Pluggable Module: [data_profiling] 'Data Profiling Engine' (Order: 50)
[2026-08-11 10:31:43] [WARNING] [ARGUS_AI:plugin_manager.py:30] - Module 'analytics_engine' is being re-registered.
[2026-08-11 10:31:43] [INFO] [ARGUS_AI:plugin_manager.py:34] - Registered Pluggable Module: [analytics_engine] 'Analytics & Forecasting' (Order: 60)
[2026-08-11 10:31:43] [WARNING] [ARGUS_AI:plugin_manager.py:30] - Module 'visualization_engine' is being re-registered.
[2026-08-11 10:31:43] [INFO] [ARGUS_AI:plugin_manager.py:34] - Registered Pluggable Module: [visualization_engine] 'Visualization Engine' (Order: 70)
[2026-08-11 10:31:43] [WARNING] [ARGUS_AI:plugin_manager.py:30] - Module 'settings' is being re-registered.
[2026-08-11 10:31:43] [INFO] [ARGUS_AI:plugin_manager.py:34] - Registered Pluggable Module: [settings] 'Platform Settings' (Order: 999)
[2026-08-11 10:31:43] [WARNING] [ARGUS_AI:plugin_manager.py:30] - Module 'home' is being re-registered.
[2026-08-11 10:31:43] [INFO] [ARGUS_AI:plugin_manager.py:34] - Registered Pluggable Module: [home] 'Home Dashboard' (Order: 1)
[2026-08-11 10:31:43] [WARNING] [ARGUS_AI:plugin_manager.py:30] - Module 'file_loader' is being re-registered.
[2026-08-11 10:31:43] [INFO] [ARGUS_AI:plugin_manager.py:34] - Registered Pluggable Module: [file_loader] 'Universal File Loader' (Order: 10)
[2026-08-11 10:31:43] [WARNING] [ARGUS_AI:plugin_manager.py:30] - Module 'db_connectors' is being re-registered.
[2026-08-11 10:31:43] [INFO] [ARGUS_AI:plugin_manager.py:34] - Registered Pluggable Module: [db_connectors] 'Database Connectors' (Order: 20)
[2026-08-11 10:31:43] [WARNING] [ARGUS_AI:plugin_manager.py:30] - Module 'ocr_engine' is being re-registered.
[2026-08-11 10:31:43] [INFO] [ARGUS_AI:plugin_manager.py:34] - Registered Pluggable Module: [ocr_engine] 'OCR & Document Extractor' (Order: 30)
[2026-08-11 10:31:43] [WARNING] [ARGUS_AI:plugin_manager.py:30] - Module 'data_cleaning' is being re-registered.
[2026-08-11 10:31:43] [INFO] [ARGUS_AI:plugin_manager.py:34] - Registered Pluggable Module: [data_cleaning] 'Data Cleaning Engine' (Order: 40)
[2026-08-11 10:31:43] [WARNING] [ARGUS_AI:plugin_manager.py:30] - Module 'data_profiling' is being re-registered.
[2026-08-11 10:31:43] [INFO] [ARGUS_AI:plugin_manager.py:34] - Registered Pluggable Module: [data_profiling] 'Data Profiling Engine' (Order: 50)
[2026-08-11 10:31:43] [WARNING] [ARGUS_AI:plugin_manager.py:30] - Module 'analytics_engine' is being re-registered.
[2026-08-11 10:31:43] [INFO] [ARGUS_AI:plugin_manager.py:34] - Registered Pluggable Module: [analytics_engine] 'Analytics & Forecasting' (Order: 60)
[2026-08-11 10:31:43] [WARNING] [ARGUS_AI:plugin_manager.py:30] - Module 'visualization_engine' is being re-registered.
[2026-08-11 10:31:43] [INFO] [ARGUS_AI:plugin_manager.py:34] - Registered Pluggable Module: [visualization_engine] 'Visualization Engine' (Order: 70)
[2026-08-11 10:31:43] [WARNING] [ARGUS_AI:plugin_manager.py:30] - Module 'settings' is being re-registered.
[2026-08-11 10:31:43] [INFO] [ARGUS_AI:plugin_manager.py:34] - Registered Pluggable Module: [settings] 'Platform Settings' (Order: 999)
[2026-08-11 10:31:50] [WARNING] [ARGUS_AI:plugin_manager.py:30] - Module 'home' is being re-registered.
[2026-08-11 10:31:50] [INFO] [ARGUS_AI:plugin_manager.py:34] - Registered Pluggable Module: [home] 'Home Dashboard' (Order: 1)
[2026-08-11 10:31:50] [WARNING] [ARGUS_AI:plugin_manager.py:30] - Module 'file_loader' is being re-registered.
[2026-08-11 10:31:50] [INFO] [ARGUS_AI:plugin_manager.py:34] - Registered Pluggable Module: [file_loader] 'Universal File Loader' (Order: 10)
[2026-08-11 10:31:50] [WARNING] [ARGUS_AI:plugin_manager.py:30] - Module 'db_connectors' is being re-registered.
[2026-08-11 10:31:50] [INFO] [ARGUS_AI:plugin_manager.py:34] - Registered Pluggable Module: [db_connectors] 'Database Connectors' (Order: 20)
[2026-08-11 10:31:50] [WARNING] [ARGUS_AI:plugin_manager.py:30] - Module 'ocr_engine' is being re-registered.
[2026-08-11 10:31:50] [INFO] [ARGUS_AI:plugin_manager.py:34] - Registered Pluggable Module: [ocr_engine] 'OCR & Document Extractor' (Order: 30)
[2026-08-11 10:31:50] [WARNING] [ARGUS_AI:plugin_manager.py:30] - Module 'data_cleaning' is being re-registered.
[2026-08-11 10:31:50] [INFO] [ARGUS_AI:plugin_manager.py:34] - Registered Pluggable Module: [data_cleaning] 'Data Cleaning Engine' (Order: 40)
[2026-08-11 10:31:50] [WARNING] [ARGUS_AI:plugin_manager.py:30] - Module 'data_profiling' is being re-registered.
[2026-08-11 10:31:50] [INFO] [ARGUS_AI:plugin_manager.py:34] - Registered Pluggable Module: [data_profiling] 'Data Profiling Engine' (Order: 50)
[2026-08-11 10:31:50] [WARNING] [ARGUS_AI:plugin_manager.py:30] - Module 'analytics_engine' is being re-registered.
[2026-08-11 10:31:50] [INFO] [ARGUS_AI:plugin_manager.py:34] - Registered Pluggable Module: [analytics_engine] 'Analytics & Forecasting' (Order: 60)
[2026-08-11 10:31:50] [WARNING] [ARGUS_AI:plugin_manager.py:30] - Module 'visualization_engine' is being re-registered.
[2026-08-11 10:31:50] [INFO] [ARGUS_AI:plugin_manager.py:34] - Registered Pluggable Module: [visualization_engine] 'Visualization Engine' (Order: 70)
[2026-08-11 10:31:50] [WARNING] [ARGUS_AI:plugin_manager.py:30] - Module 'settings' is being re-registered.
[2026-08-11 10:31:50] [INFO] [ARGUS_AI:plugin_manager.py:34] - Registered Pluggable Module: [settings] 'Platform Settings' (Order: 999)
[2026-08-11 10:31:50] [WARNING] [ARGUS_AI:plugin_manager.py:30] - Module 'home' is being re-registered.
[2026-08-11 10:31:50] [INFO] [ARGUS_AI:plugin_manager.py:34] - Registered Pluggable Module: [home] 'Home Dashboard' (Order: 1)
[2026-08-11 10:31:50] [WARNING] [ARGUS_AI:plugin_manager.py:30] - Module 'file_loader' is being re-registered.
[2026-08-11 10:31:50] [INFO] [ARGUS_AI:plugin_manager.py:34] - Registered Pluggable Module: [file_loader] 'Universal File Loader' (Order: 10)
[2026-08-11 10:31:50] [WARNING] [ARGUS_AI:plugin_manager.py:30] - Module 'db_connectors' is being re-registered.
[2026-08-11 10:31:50] [INFO] [ARGUS_AI:plugin_manager.py:34] - Registered Pluggable Module: [db_connectors] 'Database Connectors' (Order: 20)
[2026-08-11 10:31:50] [WARNING] [ARGUS_AI:plugin_manager.py:30] - Module 'ocr_engine' is being re-registered.
[2026-08-11 10:31:50] [INFO] [ARGUS_AI:plugin_manager.py:34] - Registered Pluggable Module: [ocr_engine] 'OCR & Document Extractor' (Order: 30)
[2026-08-11 10:31:50] [WARNING] [ARGUS_AI:plugin_manager.py:30] - Module 'data_cleaning' is being re-registered.
[2026-08-11 10:31:50] [INFO] [ARGUS_AI:plugin_manager.py:34] - Registered Pluggable Module: [data_cleaning] 'Data Cleaning Engine' (Order: 40)
[2026-08-11 10:31:50] [WARNING] [ARGUS_AI:plugin_manager.py:30] - Module 'data_profiling' is being re-registered.
[2026-08-11 10:31:50] [INFO] [ARGUS_AI:plugin_manager.py:34] - Registered Pluggable Module: [data_profiling] 'Data Profiling Engine' (Order: 50)
[2026-08-11 10:31:50] [WARNING] [ARGUS_AI:plugin_manager.py:30] - Module 'analytics_engine' is being re-registered.
[2026-08-11 10:31:50] [INFO] [ARGUS_AI:plugin_manager.py:34] - Registered Pluggable Module: [analytics_engine] 'Analytics & Forecasting' (Order: 60)
[2026-08-11 10:31:50] [WARNING] [ARGUS_AI:plugin_manager.py:30] - Module 'visualization_engine' is being re-registered.
[2026-08-11 10:31:50] [INFO] [ARGUS_AI:plugin_manager.py:34] - Registered Pluggable Module: [visualization_engine] 'Visualization Engine' (Order: 70)
[2026-08-11 10:31:50] [WARNING] [ARGUS_AI:plugin_manager.py:30] - Module 'settings' is being re-registered.
[2026-08-11 10:31:50] [INFO] [ARGUS_AI:plugin_manager.py:34] - Registered Pluggable Module: [settings] 'Platform Settings' (Order: 999)
[2026-08-11 10:31:55] [WARNING] [ARGUS_AI:plugin_manager.py:30] - Module 'home' is being re-registered.
[2026-08-11 10:31:55] [INFO] [ARGUS_AI:plugin_manager.py:34] - Registered Pluggable Module: [home] 'Home Dashboard' (Order: 1)
[2026-08-11 10:31:55] [WARNING] [ARGUS_AI:plugin_manager.py:30] - Module 'file_loader' is being re-registered.
[2026-08-11 10:31:55] [INFO] [ARGUS_AI:plugin_manager.py:34] - Registered Pluggable Module: [file_loader] 'Universal File Loader' (Order: 10)
[2026-08-11 10:31:55] [WARNING] [ARGUS_AI:plugin_manager.py:30] - Module 'db_connectors' is being re-registered.
[2026-08-11 10:31:55] [INFO] [ARGUS_AI:plugin_manager.py:34] - Registered Pluggable Module: [db_connectors] 'Database Connectors' (Order: 20)
[2026-08-11 10:31:55] [WARNING] [ARGUS_AI:plugin_manager.py:30] - Module 'ocr_engine' is being re-registered.
[2026-08-11 10:31:55] [INFO] [ARGUS_AI:plugin_manager.py:34] - Registered Pluggable Module: [ocr_engine] 'OCR & Document Extractor' (Order: 30)
[2026-08-11 10:31:55] [WARNING] [ARGUS_AI:plugin_manager.py:30] - Module 'data_cleaning' is being re-registered.
[2026-08-11 10:31:55] [INFO] [ARGUS_AI:plugin_manager.py:34] - Registered Pluggable Module: [data_cleaning] 'Data Cleaning Engine' (Order: 40)
[2026-08-11 10:31:55] [WARNING] [ARGUS_AI:plugin_manager.py:30] - Module 'data_profiling' is being re-registered.
[2026-08-11 10:31:55] [INFO] [ARGUS_AI:plugin_manager.py:34] - Registered Pluggable Module: [data_profiling] 'Data Profiling Engine' (Order: 50)
[2026-08-11 10:31:55] [WARNING] [ARGUS_AI:plugin_manager.py:30] - Module 'analytics_engine' is being re-registered.
[2026-08-11 10:31:55] [INFO] [ARGUS_AI:plugin_manager.py:34] - Registered Pluggable Module: [analytics_engine] 'Analytics & Forecasting' (Order: 60)
[2026-08-11 10:31:55] [WARNING] [ARGUS_AI:plugin_manager.py:30] - Module 'visualization_engine' is being re-registered.
[2026-08-11 10:31:55] [INFO] [ARGUS_AI:plugin_manager.py:34] - Registered Pluggable Module: [visualization_engine] 'Visualization Engine' (Order: 70)
[2026-08-11 10:31:55] [WARNING] [ARGUS_AI:plugin_manager.py:30] - Module 'settings' is being re-registered.
[2026-08-11 10:31:55] [INFO] [ARGUS_AI:plugin_manager.py:34] - Registered Pluggable Module: [settings] 'Platform Settings' (Order: 999)
[2026-08-11 10:31:57] [WARNING] [ARGUS_AI:plugin_manager.py:30] - Module 'home' is being re-registered.
[2026-08-11 10:31:57] [INFO] [ARGUS_AI:plugin_manager.py:34] - Registered Pluggable Module: [home] 'Home Dashboard' (Order: 1)
[2026-08-11 10:31:57] [WARNING] [ARGUS_AI:plugin_manager.py:30] - Module 'file_loader' is being re-registered.
[2026-08-11 10:31:57] [INFO] [ARGUS_AI:plugin_manager.py:34] - Registered Pluggable Module: [file_loader] 'Universal File Loader' (Order: 10)
[2026-08-11 10:31:57] [WARNING] [ARGUS_AI:plugin_manager.py:30] - Module 'db_connectors' is being re-registered.
[2026-08-11 10:31:57] [INFO] [ARGUS_AI:plugin_manager.py:34] - Registered Pluggable Module: [db_connectors] 'Database Connectors' (Order: 20)
[2026-08-11 10:31:57] [WARNING] [ARGUS_AI:plugin_manager.py:30] - Module 'ocr_engine' is being re-registered.
[2026-08-11 10:31:57] [INFO] [ARGUS_AI:plugin_manager.py:34] - Registered Pluggable Module: [ocr_engine] 'OCR & Document Extractor' (Order: 30)
[2026-08-11 10:31:57] [WARNING] [ARGUS_AI:plugin_manager.py:30] - Module 'data_cleaning' is being re-registered.
[2026-08-11 10:31:57] [INFO] [ARGUS_AI:plugin_manager.py:34] - Registered Pluggable Module: [data_cleaning] 'Data Cleaning Engine' (Order: 40)
[2026-08-11 10:31:57] [WARNING] [ARGUS_AI:plugin_manager.py:30] - Module 'data_profiling' is being re-registered.
[2026-08-11 10:31:57] [INFO] [ARGUS_AI:plugin_manager.py:34] - Registered Pluggable Module: [data_profiling] 'Data Profiling Engine' (Order: 50)
[2026-08-11 10:31:57] [WARNING] [ARGUS_AI:plugin_manager.py:30] - Module 'analytics_engine' is being re-registered.
[2026-08-11 10:31:57] [INFO] [ARGUS_AI:plugin_manager.py:34] - Registered Pluggable Module: [analytics_engine] 'Analytics & Forecasting' (Order: 60)
[2026-08-11 10:31:57] [WARNING] [ARGUS_AI:plugin_manager.py:30] - Module 'visualization_engine' is being re-registered.
[2026-08-11 10:31:57] [INFO] [ARGUS_AI:plugin_manager.py:34] - Registered Pluggable Module: [visualization_engine] 'Visualization Engine' (Order: 70)
[2026-08-11 10:31:57] [WARNING] [ARGUS_AI:plugin_manager.py:30] - Module 'settings' is being re-registered.
[2026-08-11 10:31:57] [INFO] [ARGUS_AI:plugin_manager.py:34] - Registered Pluggable Module: [settings] 'Platform Settings' (Order: 999)
[2026-08-11 10:31:57] [INFO] [ARGUS_AI:file_service.py:46] - Ingesting file 'Inzone_-_July_2026__3_.xlsx' (830046 bytes, type 'xlsx')
[2026-08-11 10:31:59] [WARNING] [ARGUS_AI:plugin_manager.py:30] - Module 'home' is being re-registered.
[2026-08-11 10:31:59] [INFO] [ARGUS_AI:plugin_manager.py:34] - Registered Pluggable Module: [home] 'Home Dashboard' (Order: 1)
[2026-08-11 10:31:59] [WARNING] [ARGUS_AI:plugin_manager.py:30] - Module 'file_loader' is being re-registered.
[2026-08-11 10:31:59] [INFO] [ARGUS_AI:plugin_manager.py:34] - Registered Pluggable Module: [file_loader] 'Universal File Loader' (Order: 10)
[2026-08-11 10:31:59] [WARNING] [ARGUS_AI:plugin_manager.py:30] - Module 'db_connectors' is being re-registered.
[2026-08-11 10:31:59] [INFO] [ARGUS_AI:plugin_manager.py:34] - Registered Pluggable Module: [db_connectors] 'Database Connectors' (Order: 20)
[2026-08-11 10:31:59] [WARNING] [ARGUS_AI:plugin_manager.py:30] - Module 'ocr_engine' is being re-registered.
[2026-08-11 10:31:59] [INFO] [ARGUS_AI:plugin_manager.py:34] - Registered Pluggable Module: [ocr_engine] 'OCR & Document Extractor' (Order: 30)
[2026-08-11 10:31:59] [WARNING] [ARGUS_AI:plugin_manager.py:30] - Module 'data_cleaning' is being re-registered.
[2026-08-11 10:31:59] [INFO] [ARGUS_AI:plugin_manager.py:34] - Registered Pluggable Module: [data_cleaning] 'Data Cleaning Engine' (Order: 40)
[2026-08-11 10:31:59] [WARNING] [ARGUS_AI:plugin_manager.py:30] - Module 'data_profiling' is being re-registered.
[2026-08-11 10:31:59] [INFO] [ARGUS_AI:plugin_manager.py:34] - Registered Pluggable Module: [data_profiling] 'Data Profiling Engine' (Order: 50)
[2026-08-11 10:31:59] [WARNING] [ARGUS_AI:plugin_manager.py:30] - Module 'analytics_engine' is being re-registered.
[2026-08-11 10:31:59] [INFO] [ARGUS_AI:plugin_manager.py:34] - Registered Pluggable Module: [analytics_engine] 'Analytics & Forecasting' (Order: 60)
[2026-08-11 10:31:59] [WARNING] [ARGUS_AI:plugin_manager.py:30] - Module 'visualization_engine' is being re-registered.
[2026-08-11 10:31:59] [INFO] [ARGUS_AI:plugin_manager.py:34] - Registered Pluggable Module: [visualization_engine] 'Visualization Engine' (Order: 70)
[2026-08-11 10:31:59] [WARNING] [ARGUS_AI:plugin_manager.py:30] - Module 'settings' is being re-registered.
[2026-08-11 10:31:59] [INFO] [ARGUS_AI:plugin_manager.py:34] - Registered Pluggable Module: [settings] 'Platform Settings' (Order: 999)
[2026-08-11 10:31:59] [WARNING] [ARGUS_AI:plugin_manager.py:30] - Module 'home' is being re-registered.
[2026-08-11 10:31:59] [INFO] [ARGUS_AI:plugin_manager.py:34] - Registered Pluggable Module: [home] 'Home Dashboard' (Order: 1)
[2026-08-11 10:31:59] [WARNING] [ARGUS_AI:plugin_manager.py:30] - Module 'file_loader' is being re-registered.
[2026-08-11 10:31:59] [INFO] [ARGUS_AI:plugin_manager.py:34] - Registered Pluggable Module: [file_loader] 'Universal File Loader' (Order: 10)
[2026-08-11 10:31:59] [WARNING] [ARGUS_AI:plugin_manager.py:30] - Module 'db_connectors' is being re-registered.
[2026-08-11 10:31:59] [INFO] [ARGUS_AI:plugin_manager.py:34] - Registered Pluggable Module: [db_connectors] 'Database Connectors' (Order: 20)
[2026-08-11 10:31:59] [WARNING] [ARGUS_AI:plugin_manager.py:30] - Module 'ocr_engine' is being re-registered.
[2026-08-11 10:31:59] [INFO] [ARGUS_AI:plugin_manager.py:34] - Registered Pluggable Module: [ocr_engine] 'OCR & Document Extractor' (Order: 30)
[2026-08-11 10:31:59] [WARNING] [ARGUS_AI:plugin_manager.py:30] - Module 'data_cleaning' is being re-registered.
[2026-08-11 10:31:59] [INFO] [ARGUS_AI:plugin_manager.py:34] - Registered Pluggable Module: [data_cleaning] 'Data Cleaning Engine' (Order: 40)
[2026-08-11 10:31:59] [WARNING] [ARGUS_AI:plugin_manager.py:30] - Module 'data_profiling' is being re-registered.
[2026-08-11 10:31:59] [INFO] [ARGUS_AI:plugin_manager.py:34] - Registered Pluggable Module: [data_profiling] 'Data Profiling Engine' (Order: 50)
[2026-08-11 10:31:59] [WARNING] [ARGUS_AI:plugin_manager.py:30] - Module 'analytics_engine' is being re-registered.
[2026-08-11 10:31:59] [INFO] [ARGUS_AI:plugin_manager.py:34] - Registered Pluggable Module: [analytics_engine] 'Analytics & Forecasting' (Order: 60)
[2026-08-11 10:31:59] [WARNING] [ARGUS_AI:plugin_manager.py:30] - Module 'visualization_engine' is being re-registered.
[2026-08-11 10:31:59] [INFO] [ARGUS_AI:plugin_manager.py:34] - Registered Pluggable Module: [visualization_engine] 'Visualization Engine' (Order: 70)
[2026-08-11 10:31:59] [WARNING] [ARGUS_AI:plugin_manager.py:30] - Module 'settings' is being re-registered.
[2026-08-11 10:31:59] [INFO] [ARGUS_AI:plugin_manager.py:34] - Registered Pluggable Module: [settings] 'Platform Settings' (Order: 999)
[2026-08-11 10:32:24] [WARNING] [ARGUS_AI:plugin_manager.py:30] - Module 'home' is being re-registered.
[2026-08-11 10:32:24] [INFO] [ARGUS_AI:plugin_manager.py:34] - Registered Pluggable Module: [home] 'Home Dashboard' (Order: 1)
[2026-08-11 10:32:24] [WARNING] [ARGUS_AI:plugin_manager.py:30] - Module 'file_loader' is being re-registered.
[2026-08-11 10:32:24] [INFO] [ARGUS_AI:plugin_manager.py:34] - Registered Pluggable Module: [file_loader] 'Universal File Loader' (Order: 10)
[2026-08-11 10:32:24] [WARNING] [ARGUS_AI:plugin_manager.py:30] - Module 'db_connectors' is being re-registered.
[2026-08-11 10:32:24] [INFO] [ARGUS_AI:plugin_manager.py:34] - Registered Pluggable Module: [db_connectors] 'Database Connectors' (Order: 20)
[2026-08-11 10:32:24] [WARNING] [ARGUS_AI:plugin_manager.py:30] - Module 'ocr_engine' is being re-registered.
[2026-08-11 10:32:24] [INFO] [ARGUS_AI:plugin_manager.py:34] - Registered Pluggable Module: [ocr_engine] 'OCR & Document Extractor' (Order: 30)
[2026-08-11 10:32:24] [WARNING] [ARGUS_AI:plugin_manager.py:30] - Module 'data_cleaning' is being re-registered.
[2026-08-11 10:32:24] [INFO] [ARGUS_AI:plugin_manager.py:34] - Registered Pluggable Module: [data_cleaning] 'Data Cleaning Engine' (Order: 40)
[2026-08-11 10:32:24] [WARNING] [ARGUS_AI:plugin_manager.py:30] - Module 'data_profiling' is being re-registered.
[2026-08-11 10:32:24] [INFO] [ARGUS_AI:plugin_manager.py:34] - Registered Pluggable Module: [data_profiling] 'Data Profiling Engine' (Order: 50)
[2026-08-11 10:32:24] [WARNING] [ARGUS_AI:plugin_manager.py:30] - Module 'analytics_engine' is being re-registered.
[2026-08-11 10:32:24] [INFO] [ARGUS_AI:plugin_manager.py:34] - Registered Pluggable Module: [analytics_engine] 'Analytics & Forecasting' (Order: 60)
[2026-08-11 10:32:24] [WARNING] [ARGUS_AI:plugin_manager.py:30] - Module 'visualization_engine' is being re-registered.
[2026-08-11 10:32:24] [INFO] [ARGUS_AI:plugin_manager.py:34] - Registered Pluggable Module: [visualization_engine] 'Visualization Engine' (Order: 70)
[2026-08-11 10:32:24] [WARNING] [ARGUS_AI:plugin_manager.py:30] - Module 'settings' is being re-registered.
[2026-08-11 10:32:24] [INFO] [ARGUS_AI:plugin_manager.py:34] - Registered Pluggable Module: [settings] 'Platform Settings' (Order: 999)
[2026-08-11 10:32:25] [WARNING] [ARGUS_AI:plugin_manager.py:30] - Module 'home' is being re-registered.
[2026-08-11 10:32:25] [INFO] [ARGUS_AI:plugin_manager.py:34] - Registered Pluggable Module: [home] 'Home Dashboard' (Order: 1)
[2026-08-11 10:32:25] [WARNING] [ARGUS_AI:plugin_manager.py:30] - Module 'file_loader' is being re-registered.
[2026-08-11 10:32:25] [INFO] [ARGUS_AI:plugin_manager.py:34] - Registered Pluggable Module: [file_loader] 'Universal File Loader' (Order: 10)
[2026-08-11 10:32:25] [WARNING] [ARGUS_AI:plugin_manager.py:30] - Module 'db_connectors' is being re-registered.
[2026-08-11 10:32:25] [INFO] [ARGUS_AI:plugin_manager.py:34] - Registered Pluggable Module: [db_connectors] 'Database Connectors' (Order: 20)
[2026-08-11 10:32:25] [WARNING] [ARGUS_AI:plugin_manager.py:30] - Module 'ocr_engine' is being re-registered.
[2026-08-11 10:32:25] [INFO] [ARGUS_AI:plugin_manager.py:34] - Registered Pluggable Module: [ocr_engine] 'OCR & Document Extractor' (Order: 30)
[2026-08-11 10:32:25] [WARNING] [ARGUS_AI:plugin_manager.py:30] - Module 'data_cleaning' is being re-registered.
[2026-08-11 10:32:25] [INFO] [ARGUS_AI:plugin_manager.py:34] - Registered Pluggable Module: [data_cleaning] 'Data Cleaning Engine' (Order: 40)
[2026-08-11 10:32:25] [WARNING] [ARGUS_AI:plugin_manager.py:30] - Module 'data_profiling' is being re-registered.
[2026-08-11 10:32:25] [INFO] [ARGUS_AI:plugin_manager.py:34] - Registered Pluggable Module: [data_profiling] 'Data Profiling Engine' (Order: 50)
[2026-08-11 10:32:25] [WARNING] [ARGUS_AI:plugin_manager.py:30] - Module 'analytics_engine' is being re-registered.
[2026-08-11 10:32:25] [INFO] [ARGUS_AI:plugin_manager.py:34] - Registered Pluggable Module: [analytics_engine] 'Analytics & Forecasting' (Order: 60)
[2026-08-11 10:32:25] [WARNING] [ARGUS_AI:plugin_manager.py:30] - Module 'visualization_engine' is being re-registered.
[2026-08-11 10:32:25] [INFO] [ARGUS_AI:plugin_manager.py:34] - Registered Pluggable Module: [visualization_engine] 'Visualization Engine' (Order: 70)
[2026-08-11 10:32:25] [WARNING] [ARGUS_AI:plugin_manager.py:30] - Module 'settings' is being re-registered.
[2026-08-11 10:32:25] [INFO] [ARGUS_AI:plugin_manager.py:34] - Registered Pluggable Module: [settings] 'Platform Settings' (Order: 999)
[2026-08-11 10:34:20] [INFO] [ARGUS_AI:logger.py:88] - ARGUS AI Logger initialized successfully.
[2026-08-11 10:34:24] [INFO] [ARGUS_AI:database.py:44] - Initializing Database Engine targeting: sqlite:///C:\Users\VAISHNAVI\.gemini\antigravity\scratch\argus_ai\data\argus_enterprise.db
[2026-08-11 10:34:24] [INFO] [ARGUS_AI:database.py:59] - Database Manager initialized and tables created.
[2026-08-11 10:34:25] [INFO] [ARGUS_AI:plugin_manager.py:34] - Registered Pluggable Module: [home] 'Home Dashboard' (Order: 1)
[2026-08-11 10:34:25] [INFO] [ARGUS_AI:plugin_manager.py:34] - Registered Pluggable Module: [file_loader] 'Universal File Loader' (Order: 10)
[2026-08-11 10:34:25] [INFO] [ARGUS_AI:plugin_manager.py:34] - Registered Pluggable Module: [db_connectors] 'Database Connectors' (Order: 20)
[2026-08-11 10:34:25] [INFO] [ARGUS_AI:plugin_manager.py:34] - Registered Pluggable Module: [ocr_engine] 'OCR & Document Extractor' (Order: 30)
[2026-08-11 10:34:25] [INFO] [ARGUS_AI:plugin_manager.py:34] - Registered Pluggable Module: [data_cleaning] 'Data Cleaning Engine' (Order: 40)
[2026-08-11 10:34:25] [INFO] [ARGUS_AI:plugin_manager.py:34] - Registered Pluggable Module: [data_profiling] 'Data Profiling Engine' (Order: 50)
[2026-08-11 10:34:25] [INFO] [ARGUS_AI:plugin_manager.py:34] - Registered Pluggable Module: [analytics_engine] 'Analytics & Forecasting' (Order: 60)
[2026-08-11 10:34:25] [INFO] [ARGUS_AI:plugin_manager.py:34] - Registered Pluggable Module: [visualization_engine] 'Visualization Engine' (Order: 70)
[2026-08-11 10:34:25] [INFO] [ARGUS_AI:plugin_manager.py:34] - Registered Pluggable Module: [settings] 'Platform Settings' (Order: 999)
[2026-08-11 10:34:29] [WARNING] [ARGUS_AI:plugin_manager.py:30] - Module 'home' is being re-registered.
[2026-08-11 10:34:29] [INFO] [ARGUS_AI:plugin_manager.py:34] - Registered Pluggable Module: [home] 'Home Dashboard' (Order: 1)
[2026-08-11 10:34:29] [WARNING] [ARGUS_AI:plugin_manager.py:30] - Module 'file_loader' is being re-registered.
[2026-08-11 10:34:29] [INFO] [ARGUS_AI:plugin_manager.py:34] - Registered Pluggable Module: [file_loader] 'Universal File Loader' (Order: 10)
[2026-08-11 10:34:29] [WARNING] [ARGUS_AI:plugin_manager.py:30] - Module 'db_connectors' is being re-registered.
[2026-08-11 10:34:29] [INFO] [ARGUS_AI:plugin_manager.py:34] - Registered Pluggable Module: [db_connectors] 'Database Connectors' (Order: 20)
[2026-08-11 10:34:29] [WARNING] [ARGUS_AI:plugin_manager.py:30] - Module 'ocr_engine' is being re-registered.
[2026-08-11 10:34:29] [INFO] [ARGUS_AI:plugin_manager.py:34] - Registered Pluggable Module: [ocr_engine] 'OCR & Document Extractor' (Order: 30)
[2026-08-11 10:34:29] [WARNING] [ARGUS_AI:plugin_manager.py:30] - Module 'data_cleaning' is being re-registered.
[2026-08-11 10:34:29] [INFO] [ARGUS_AI:plugin_manager.py:34] - Registered Pluggable Module: [data_cleaning] 'Data Cleaning Engine' (Order: 40)
[2026-08-11 10:34:29] [WARNING] [ARGUS_AI:plugin_manager.py:30] - Module 'data_profiling' is being re-registered.
[2026-08-11 10:34:29] [INFO] [ARGUS_AI:plugin_manager.py:34] - Registered Pluggable Module: [data_profiling] 'Data Profiling Engine' (Order: 50)
[2026-08-11 10:34:29] [WARNING] [ARGUS_AI:plugin_manager.py:30] - Module 'analytics_engine' is being re-registered.
[2026-08-11 10:34:29] [INFO] [ARGUS_AI:plugin_manager.py:34] - Registered Pluggable Module: [analytics_engine] 'Analytics & Forecasting' (Order: 60)
[2026-08-11 10:34:29] [WARNING] [ARGUS_AI:plugin_manager.py:30] - Module 'visualization_engine' is being re-registered.
[2026-08-11 10:34:29] [INFO] [ARGUS_AI:plugin_manager.py:34] - Registered Pluggable Module: [visualization_engine] 'Visualization Engine' (Order: 70)
[2026-08-11 10:34:29] [WARNING] [ARGUS_AI:plugin_manager.py:30] - Module 'settings' is being re-registered.
[2026-08-11 10:34:29] [INFO] [ARGUS_AI:plugin_manager.py:34] - Registered Pluggable Module: [settings] 'Platform Settings' (Order: 999)
[2026-08-11 10:34:30] [WARNING] [ARGUS_AI:plugin_manager.py:30] - Module 'home' is being re-registered.
[2026-08-11 10:34:30] [INFO] [ARGUS_AI:plugin_manager.py:34] - Registered Pluggable Module: [home] 'Home Dashboard' (Order: 1)
[2026-08-11 10:34:30] [WARNING] [ARGUS_AI:plugin_manager.py:30] - Module 'file_loader' is being re-registered.
[2026-08-11 10:34:30] [INFO] [ARGUS_AI:plugin_manager.py:34] - Registered Pluggable Module: [file_loader] 'Universal File Loader' (Order: 10)
[2026-08-11 10:34:30] [WARNING] [ARGUS_AI:plugin_manager.py:30] - Module 'db_connectors' is being re-registered.
[2026-08-11 10:34:30] [INFO] [ARGUS_AI:plugin_manager.py:34] - Registered Pluggable Module: [db_connectors] 'Database Connectors' (Order: 20)
[2026-08-11 10:34:30] [WARNING] [ARGUS_AI:plugin_manager.py:30] - Module 'ocr_engine' is being re-registered.
[2026-08-11 10:34:30] [INFO] [ARGUS_AI:plugin_manager.py:34] - Registered Pluggable Module: [ocr_engine] 'OCR & Document Extractor' (Order: 30)
[2026-08-11 10:34:30] [WARNING] [ARGUS_AI:plugin_manager.py:30] - Module 'data_cleaning' is being re-registered.
[2026-08-11 10:34:30] [INFO] [ARGUS_AI:plugin_manager.py:34] - Registered Pluggable Module: [data_cleaning] 'Data Cleaning Engine' (Order: 40)
[2026-08-11 10:34:30] [WARNING] [ARGUS_AI:plugin_manager.py:30] - Module 'data_profiling' is being re-registered.
[2026-08-11 10:34:30] [INFO] [ARGUS_AI:plugin_manager.py:34] - Registered Pluggable Module: [data_profiling] 'Data Profiling Engine' (Order: 50)
[2026-08-11 10:34:30] [WARNING] [ARGUS_AI:plugin_manager.py:30] - Module 'analytics_engine' is being re-registered.
[2026-08-11 10:34:30] [INFO] [ARGUS_AI:plugin_manager.py:34] - Registered Pluggable Module: [analytics_engine] 'Analytics & Forecasting' (Order: 60)
[2026-08-11 10:34:30] [WARNING] [ARGUS_AI:plugin_manager.py:30] - Module 'visualization_engine' is being re-registered.
[2026-08-11 10:34:30] [INFO] [ARGUS_AI:plugin_manager.py:34] - Registered Pluggable Module: [visualization_engine] 'Visualization Engine' (Order: 70)
[2026-08-11 10:34:30] [WARNING] [ARGUS_AI:plugin_manager.py:30] - Module 'settings' is being re-registered.
[2026-08-11 10:34:30] [INFO] [ARGUS_AI:plugin_manager.py:34] - Registered Pluggable Module: [settings] 'Platform Settings' (Order: 999)
[2026-08-11 10:34:32] [WARNING] [ARGUS_AI:plugin_manager.py:30] - Module 'home' is being re-registered.
[2026-08-11 10:34:32] [INFO] [ARGUS_AI:plugin_manager.py:34] - Registered Pluggable Module: [home] 'Home Dashboard' (Order: 1)
[2026-08-11 10:34:32] [WARNING] [ARGUS_AI:plugin_manager.py:30] - Module 'file_loader' is being re-registered.
[2026-08-11 10:34:32] [INFO] [ARGUS_AI:plugin_manager.py:34] - Registered Pluggable Module: [file_loader] 'Universal File Loader' (Order: 10)
[2026-08-11 10:34:32] [WARNING] [ARGUS_AI:plugin_manager.py:30] - Module 'db_connectors' is being re-registered.
[2026-08-11 10:34:32] [INFO] [ARGUS_AI:plugin_manager.py:34] - Registered Pluggable Module: [db_connectors] 'Database Connectors' (Order: 20)
[2026-08-11 10:34:32] [WARNING] [ARGUS_AI:plugin_manager.py:30] - Module 'ocr_engine' is being re-registered.
[2026-08-11 10:34:32] [INFO] [ARGUS_AI:plugin_manager.py:34] - Registered Pluggable Module: [ocr_engine] 'OCR & Document Extractor' (Order: 30)
[2026-08-11 10:34:32] [WARNING] [ARGUS_AI:plugin_manager.py:30] - Module 'data_cleaning' is being re-registered.
[2026-08-11 10:34:32] [INFO] [ARGUS_AI:plugin_manager.py:34] - Registered Pluggable Module: [data_cleaning] 'Data Cleaning Engine' (Order: 40)
[2026-08-11 10:34:32] [WARNING] [ARGUS_AI:plugin_manager.py:30] - Module 'data_profiling' is being re-registered.
[2026-08-11 10:34:32] [INFO] [ARGUS_AI:plugin_manager.py:34] - Registered Pluggable Module: [data_profiling] 'Data Profiling Engine' (Order: 50)
[2026-08-11 10:34:32] [WARNING] [ARGUS_AI:plugin_manager.py:30] - Module 'analytics_engine' is being re-registered.
[2026-08-11 10:34:32] [INFO] [ARGUS_AI:plugin_manager.py:34] - Registered Pluggable Module: [analytics_engine] 'Analytics & Forecasting' (Order: 60)
[2026-08-11 10:34:32] [WARNING] [ARGUS_AI:plugin_manager.py:30] - Module 'visualization_engine' is being re-registered.
[2026-08-11 10:34:32] [INFO] [ARGUS_AI:plugin_manager.py:34] - Registered Pluggable Module: [visualization_engine] 'Visualization Engine' (Order: 70)
[2026-08-11 10:34:32] [WARNING] [ARGUS_AI:plugin_manager.py:30] - Module 'settings' is being re-registered.
[2026-08-11 10:34:32] [INFO] [ARGUS_AI:plugin_manager.py:34] - Registered Pluggable Module: [settings] 'Platform Settings' (Order: 999)
[2026-08-11 10:34:32] [WARNING] [ARGUS_AI:plugin_manager.py:30] - Module 'home' is being re-registered.
[2026-08-11 10:34:32] [INFO] [ARGUS_AI:plugin_manager.py:34] - Registered Pluggable Module: [home] 'Home Dashboard' (Order: 1)
[2026-08-11 10:34:32] [WARNING] [ARGUS_AI:plugin_manager.py:30] - Module 'file_loader' is being re-registered.
[2026-08-11 10:34:32] [INFO] [ARGUS_AI:plugin_manager.py:34] - Registered Pluggable Module: [file_loader] 'Universal File Loader' (Order: 10)
[2026-08-11 10:34:32] [WARNING] [ARGUS_AI:plugin_manager.py:30] - Module 'db_connectors' is being re-registered.
[2026-08-11 10:34:32] [INFO] [ARGUS_AI:plugin_manager.py:34] - Registered Pluggable Module: [db_connectors] 'Database Connectors' (Order: 20)
[2026-08-11 10:34:32] [WARNING] [ARGUS_AI:plugin_manager.py:30] - Module 'ocr_engine' is being re-registered.
[2026-08-11 10:34:32] [INFO] [ARGUS_AI:plugin_manager.py:34] - Registered Pluggable Module: [ocr_engine] 'OCR & Document Extractor' (Order: 30)
[2026-08-11 10:34:32] [WARNING] [ARGUS_AI:plugin_manager.py:30] - Module 'data_cleaning' is being re-registered.
[2026-08-11 10:34:32] [INFO] [ARGUS_AI:plugin_manager.py:34] - Registered Pluggable Module: [data_cleaning] 'Data Cleaning Engine' (Order: 40)
[2026-08-11 10:34:32] [WARNING] [ARGUS_AI:plugin_manager.py:30] - Module 'data_profiling' is being re-registered.
[2026-08-11 10:34:32] [INFO] [ARGUS_AI:plugin_manager.py:34] - Registered Pluggable Module: [data_profiling] 'Data Profiling Engine' (Order: 50)
[2026-08-11 10:34:32] [WARNING] [ARGUS_AI:plugin_manager.py:30] - Module 'analytics_engine' is being re-registered.
[2026-08-11 10:34:32] [INFO] [ARGUS_AI:plugin_manager.py:34] - Registered Pluggable Module: [analytics_engine] 'Analytics & Forecasting' (Order: 60)
[2026-08-11 10:34:32] [WARNING] [ARGUS_AI:plugin_manager.py:30] - Module 'visualization_engine' is being re-registered.
[2026-08-11 10:34:32] [INFO] [ARGUS_AI:plugin_manager.py:34] - Registered Pluggable Module: [visualization_engine] 'Visualization Engine' (Order: 70)
[2026-08-11 10:34:32] [WARNING] [ARGUS_AI:plugin_manager.py:30] - Module 'settings' is being re-registered.
[2026-08-11 10:34:32] [INFO] [ARGUS_AI:plugin_manager.py:34] - Registered Pluggable Module: [settings] 'Platform Settings' (Order: 999)
[2026-08-11 10:34:37] [WARNING] [ARGUS_AI:plugin_manager.py:30] - Module 'home' is being re-registered.
[2026-08-11 10:34:37] [INFO] [ARGUS_AI:plugin_manager.py:34] - Registered Pluggable Module: [home] 'Home Dashboard' (Order: 1)
[2026-08-11 10:34:37] [WARNING] [ARGUS_AI:plugin_manager.py:30] - Module 'file_loader' is being re-registered.
[2026-08-11 10:34:37] [INFO] [ARGUS_AI:plugin_manager.py:34] - Registered Pluggable Module: [file_loader] 'Universal File Loader' (Order: 10)
[2026-08-11 10:34:37] [WARNING] [ARGUS_AI:plugin_manager.py:30] - Module 'db_connectors' is being re-registered.
[2026-08-11 10:34:37] [INFO] [ARGUS_AI:plugin_manager.py:34] - Registered Pluggable Module: [db_connectors] 'Database Connectors' (Order: 20)
[2026-08-11 10:34:37] [WARNING] [ARGUS_AI:plugin_manager.py:30] - Module 'ocr_engine' is being re-registered.
[2026-08-11 10:34:37] [INFO] [ARGUS_AI:plugin_manager.py:34] - Registered Pluggable Module: [ocr_engine] 'OCR & Document Extractor' (Order: 30)
[2026-08-11 10:34:37] [WARNING] [ARGUS_AI:plugin_manager.py:30] - Module 'data_cleaning' is being re-registered.
[2026-08-11 10:34:37] [INFO] [ARGUS_AI:plugin_manager.py:34] - Registered Pluggable Module: [data_cleaning] 'Data Cleaning Engine' (Order: 40)
[2026-08-11 10:34:37] [WARNING] [ARGUS_AI:plugin_manager.py:30] - Module 'data_profiling' is being re-registered.
[2026-08-11 10:34:37] [INFO] [ARGUS_AI:plugin_manager.py:34] - Registered Pluggable Module: [data_profiling] 'Data Profiling Engine' (Order: 50)
[2026-08-11 10:34:37] [WARNING] [ARGUS_AI:plugin_manager.py:30] - Module 'analytics_engine' is being re-registered.
[2026-08-11 10:34:37] [INFO] [ARGUS_AI:plugin_manager.py:34] - Registered Pluggable Module: [analytics_engine] 'Analytics & Forecasting' (Order: 60)
[2026-08-11 10:34:37] [WARNING] [ARGUS_AI:plugin_manager.py:30] - Module 'visualization_engine' is being re-registered.
[2026-08-11 10:34:37] [INFO] [ARGUS_AI:plugin_manager.py:34] - Registered Pluggable Module: [visualization_engine] 'Visualization Engine' (Order: 70)
[2026-08-11 10:34:37] [WARNING] [ARGUS_AI:plugin_manager.py:30] - Module 'settings' is being re-registered.
[2026-08-11 10:34:37] [INFO] [ARGUS_AI:plugin_manager.py:34] - Registered Pluggable Module: [settings] 'Platform Settings' (Order: 999)
[2026-08-11 10:34:39] [WARNING] [ARGUS_AI:plugin_manager.py:30] - Module 'home' is being re-registered.
[2026-08-11 10:34:39] [INFO] [ARGUS_AI:plugin_manager.py:34] - Registered Pluggable Module: [home] 'Home Dashboard' (Order: 1)
[2026-08-11 10:34:39] [WARNING] [ARGUS_AI:plugin_manager.py:30] - Module 'file_loader' is being re-registered.
[2026-08-11 10:34:39] [INFO] [ARGUS_AI:plugin_manager.py:34] - Registered Pluggable Module: [file_loader] 'Universal File Loader' (Order: 10)
[2026-08-11 10:34:39] [WARNING] [ARGUS_AI:plugin_manager.py:30] - Module 'db_connectors' is being re-registered.
[2026-08-11 10:34:39] [INFO] [ARGUS_AI:plugin_manager.py:34] - Registered Pluggable Module: [db_connectors] 'Database Connectors' (Order: 20)
[2026-08-11 10:34:39] [WARNING] [ARGUS_AI:plugin_manager.py:30] - Module 'ocr_engine' is being re-registered.
[2026-08-11 10:34:39] [INFO] [ARGUS_AI:plugin_manager.py:34] - Registered Pluggable Module: [ocr_engine] 'OCR & Document Extractor' (Order: 30)
[2026-08-11 10:34:39] [WARNING] [ARGUS_AI:plugin_manager.py:30] - Module 'data_cleaning' is being re-registered.
[2026-08-11 10:34:39] [INFO] [ARGUS_AI:plugin_manager.py:34] - Registered Pluggable Module: [data_cleaning] 'Data Cleaning Engine' (Order: 40)
[2026-08-11 10:34:39] [WARNING] [ARGUS_AI:plugin_manager.py:30] - Module 'data_profiling' is being re-registered.
[2026-08-11 10:34:39] [INFO] [ARGUS_AI:plugin_manager.py:34] - Registered Pluggable Module: [data_profiling] 'Data Profiling Engine' (Order: 50)
[2026-08-11 10:34:39] [WARNING] [ARGUS_AI:plugin_manager.py:30] - Module 'analytics_engine' is being re-registered.
[2026-08-11 10:34:39] [INFO] [ARGUS_AI:plugin_manager.py:34] - Registered Pluggable Module: [analytics_engine] 'Analytics & Forecasting' (Order: 60)
[2026-08-11 10:34:39] [WARNING] [ARGUS_AI:plugin_manager.py:30] - Module 'visualization_engine' is being re-registered.
[2026-08-11 10:34:39] [INFO] [ARGUS_AI:plugin_manager.py:34] - Registered Pluggable Module: [visualization_engine] 'Visualization Engine' (Order: 70)
[2026-08-11 10:34:39] [WARNING] [ARGUS_AI:plugin_manager.py:30] - Module 'settings' is being re-registered.
[2026-08-11 10:34:39] [INFO] [ARGUS_AI:plugin_manager.py:34] - Registered Pluggable Module: [settings] 'Platform Settings' (Order: 999)
[2026-08-11 10:34:39] [INFO] [ARGUS_AI:file_service.py:46] - Ingesting file 'Inzone_-_July_2026__3_.xlsx' (830046 bytes, type 'xlsx')
[2026-08-11 10:34:42] [WARNING] [ARGUS_AI:plugin_manager.py:30] - Module 'home' is being re-registered.
[2026-08-11 10:34:42] [INFO] [ARGUS_AI:plugin_manager.py:34] - Registered Pluggable Module: [home] 'Home Dashboard' (Order: 1)
[2026-08-11 10:34:42] [WARNING] [ARGUS_AI:plugin_manager.py:30] - Module 'file_loader' is being re-registered.
[2026-08-11 10:34:42] [INFO] [ARGUS_AI:plugin_manager.py:34] - Registered Pluggable Module: [file_loader] 'Universal File Loader' (Order: 10)
[2026-08-11 10:34:42] [WARNING] [ARGUS_AI:plugin_manager.py:30] - Module 'db_connectors' is being re-registered.
[2026-08-11 10:34:42] [INFO] [ARGUS_AI:plugin_manager.py:34] - Registered Pluggable Module: [db_connectors] 'Database Connectors' (Order: 20)
[2026-08-11 10:34:42] [WARNING] [ARGUS_AI:plugin_manager.py:30] - Module 'ocr_engine' is being re-registered.
[2026-08-11 10:34:42] [INFO] [ARGUS_AI:plugin_manager.py:34] - Registered Pluggable Module: [ocr_engine] 'OCR & Document Extractor' (Order: 30)
[2026-08-11 10:34:42] [WARNING] [ARGUS_AI:plugin_manager.py:30] - Module 'data_cleaning' is being re-registered.
[2026-08-11 10:34:42] [INFO] [ARGUS_AI:plugin_manager.py:34] - Registered Pluggable Module: [data_cleaning] 'Data Cleaning Engine' (Order: 40)
[2026-08-11 10:34:42] [WARNING] [ARGUS_AI:plugin_manager.py:30] - Module 'data_profiling' is being re-registered.
[2026-08-11 10:34:42] [INFO] [ARGUS_AI:plugin_manager.py:34] - Registered Pluggable Module: [data_profiling] 'Data Profiling Engine' (Order: 50)
[2026-08-11 10:34:42] [WARNING] [ARGUS_AI:plugin_manager.py:30] - Module 'analytics_engine' is being re-registered.
[2026-08-11 10:34:42] [INFO] [ARGUS_AI:plugin_manager.py:34] - Registered Pluggable Module: [analytics_engine] 'Analytics & Forecasting' (Order: 60)
[2026-08-11 10:34:42] [WARNING] [ARGUS_AI:plugin_manager.py:30] - Module 'visualization_engine' is being re-registered.
[2026-08-11 10:34:42] [INFO] [ARGUS_AI:plugin_manager.py:34] - Registered Pluggable Module: [visualization_engine] 'Visualization Engine' (Order: 70)
[2026-08-11 10:34:42] [WARNING] [ARGUS_AI:plugin_manager.py:30] - Module 'settings' is being re-registered.
[2026-08-11 10:34:42] [INFO] [ARGUS_AI:plugin_manager.py:34] - Registered Pluggable Module: [settings] 'Platform Settings' (Order: 999)
[2026-08-11 10:34:42] [WARNING] [ARGUS_AI:plugin_manager.py:30] - Module 'home' is being re-registered.
[2026-08-11 10:34:42] [INFO] [ARGUS_AI:plugin_manager.py:34] - Registered Pluggable Module: [home] 'Home Dashboard' (Order: 1)
[2026-08-11 10:34:42] [WARNING] [ARGUS_AI:plugin_manager.py:30] - Module 'file_loader' is being re-registered.
[2026-08-11 10:34:42] [INFO] [ARGUS_AI:plugin_manager.py:34] - Registered Pluggable Module: [file_loader] 'Universal File Loader' (Order: 10)
[2026-08-11 10:34:42] [WARNING] [ARGUS_AI:plugin_manager.py:30] - Module 'db_connectors' is being re-registered.
[2026-08-11 10:34:42] [INFO] [ARGUS_AI:plugin_manager.py:34] - Registered Pluggable Module: [db_connectors] 'Database Connectors' (Order: 20)
[2026-08-11 10:34:42] [WARNING] [ARGUS_AI:plugin_manager.py:30] - Module 'ocr_engine' is being re-registered.
[2026-08-11 10:34:42] [INFO] [ARGUS_AI:plugin_manager.py:34] - Registered Pluggable Module: [ocr_engine] 'OCR & Document Extractor' (Order: 30)
[2026-08-11 10:34:42] [WARNING] [ARGUS_AI:plugin_manager.py:30] - Module 'data_cleaning' is being re-registered.
[2026-08-11 10:34:42] [INFO] [ARGUS_AI:plugin_manager.py:34] - Registered Pluggable Module: [data_cleaning] 'Data Cleaning Engine' (Order: 40)
[2026-08-11 10:34:42] [WARNING] [ARGUS_AI:plugin_manager.py:30] - Module 'data_profiling' is being re-registered.
[2026-08-11 10:34:42] [INFO] [ARGUS_AI:plugin_manager.py:34] - Registered Pluggable Module: [data_profiling] 'Data Profiling Engine' (Order: 50)
[2026-08-11 10:34:42] [WARNING] [ARGUS_AI:plugin_manager.py:30] - Module 'analytics_engine' is being re-registered.
[2026-08-11 10:34:42] [INFO] [ARGUS_AI:plugin_manager.py:34] - Registered Pluggable Module: [analytics_engine] 'Analytics & Forecasting' (Order: 60)
[2026-08-11 10:34:42] [WARNING] [ARGUS_AI:plugin_manager.py:30] - Module 'visualization_engine' is being re-registered.
[2026-08-11 10:34:42] [INFO] [ARGUS_AI:plugin_manager.py:34] - Registered Pluggable Module: [visualization_engine] 'Visualization Engine' (Order: 70)
[2026-08-11 10:34:42] [WARNING] [ARGUS_AI:plugin_manager.py:30] - Module 'settings' is being re-registered.
[2026-08-11 10:34:42] [INFO] [ARGUS_AI:plugin_manager.py:34] - Registered Pluggable Module: [settings] 'Platform Settings' (Order: 999)
[2026-08-11 10:37:10] [INFO] [ARGUS_AI:logger.py:88] - ARGUS AI Logger initialized successfully.
[2026-08-11 10:37:15] [INFO] [ARGUS_AI:database.py:44] - Initializing Database Engine targeting: sqlite:///C:\Users\VAISHNAVI\.gemini\antigravity\scratch\argus_ai\data\argus_enterprise.db
[2026-08-11 10:37:15] [INFO] [ARGUS_AI:database.py:59] - Database Manager initialized and tables created.
[2026-08-11 10:37:15] [INFO] [ARGUS_AI:plugin_manager.py:34] - Registered Pluggable Module: [home] 'Home Dashboard' (Order: 1)
[2026-08-11 10:37:15] [INFO] [ARGUS_AI:plugin_manager.py:34] - Registered Pluggable Module: [file_loader] 'Universal File Loader' (Order: 10)
[2026-08-11 10:37:15] [INFO] [ARGUS_AI:plugin_manager.py:34] - Registered Pluggable Module: [db_connectors] 'Database Connectors' (Order: 20)
[2026-08-11 10:37:15] [INFO] [ARGUS_AI:plugin_manager.py:34] - Registered Pluggable Module: [ocr_engine] 'OCR & Document Extractor' (Order: 30)
[2026-08-11 10:37:15] [INFO] [ARGUS_AI:plugin_manager.py:34] - Registered Pluggable Module: [data_cleaning] 'Data Cleaning Engine' (Order: 40)
[2026-08-11 10:37:15] [INFO] [ARGUS_AI:plugin_manager.py:34] - Registered Pluggable Module: [data_profiling] 'Data Profiling Engine' (Order: 50)
[2026-08-11 10:37:15] [INFO] [ARGUS_AI:plugin_manager.py:34] - Registered Pluggable Module: [analytics_engine] 'Analytics & Forecasting' (Order: 60)
[2026-08-11 10:37:15] [INFO] [ARGUS_AI:plugin_manager.py:34] - Registered Pluggable Module: [visualization_engine] 'Visualization Engine' (Order: 70)
[2026-08-11 10:37:15] [INFO] [ARGUS_AI:plugin_manager.py:34] - Registered Pluggable Module: [settings] 'Platform Settings' (Order: 999)
[2026-08-11 10:37:47] [WARNING] [ARGUS_AI:plugin_manager.py:30] - Module 'home' is being re-registered.
[2026-08-11 10:37:47] [INFO] [ARGUS_AI:plugin_manager.py:34] - Registered Pluggable Module: [home] 'Home Dashboard' (Order: 1)
[2026-08-11 10:37:47] [WARNING] [ARGUS_AI:plugin_manager.py:30] - Module 'file_loader' is being re-registered.
[2026-08-11 10:37:47] [INFO] [ARGUS_AI:plugin_manager.py:34] - Registered Pluggable Module: [file_loader] 'Universal File Loader' (Order: 10)
[2026-08-11 10:37:47] [WARNING] [ARGUS_AI:plugin_manager.py:30] - Module 'db_connectors' is being re-registered.
[2026-08-11 10:37:47] [INFO] [ARGUS_AI:plugin_manager.py:34] - Registered Pluggable Module: [db_connectors] 'Database Connectors' (Order: 20)
[2026-08-11 10:37:47] [WARNING] [ARGUS_AI:plugin_manager.py:30] - Module 'ocr_engine' is being re-registered.
[2026-08-11 10:37:47] [INFO] [ARGUS_AI:plugin_manager.py:34] - Registered Pluggable Module: [ocr_engine] 'OCR & Document Extractor' (Order: 30)
[2026-08-11 10:37:47] [WARNING] [ARGUS_AI:plugin_manager.py:30] - Module 'data_cleaning' is being re-registered.
[2026-08-11 10:37:47] [INFO] [ARGUS_AI:plugin_manager.py:34] - Registered Pluggable Module: [data_cleaning] 'Data Cleaning Engine' (Order: 40)
[2026-08-11 10:37:47] [WARNING] [ARGUS_AI:plugin_manager.py:30] - Module 'data_profiling' is being re-registered.
[2026-08-11 10:37:47] [INFO] [ARGUS_AI:plugin_manager.py:34] - Registered Pluggable Module: [data_profiling] 'Data Profiling Engine' (Order: 50)
[2026-08-11 10:37:47] [WARNING] [ARGUS_AI:plugin_manager.py:30] - Module 'analytics_engine' is being re-registered.
[2026-08-11 10:37:47] [INFO] [ARGUS_AI:plugin_manager.py:34] - Registered Pluggable Module: [analytics_engine] 'Analytics & Forecasting' (Order: 60)
[2026-08-11 10:37:47] [WARNING] [ARGUS_AI:plugin_manager.py:30] - Module 'visualization_engine' is being re-registered.
[2026-08-11 10:37:47] [INFO] [ARGUS_AI:plugin_manager.py:34] - Registered Pluggable Module: [visualization_engine] 'Visualization Engine' (Order: 70)
[2026-08-11 10:37:47] [WARNING] [ARGUS_AI:plugin_manager.py:30] - Module 'settings' is being re-registered.
[2026-08-11 10:37:47] [INFO] [ARGUS_AI:plugin_manager.py:34] - Registered Pluggable Module: [settings] 'Platform Settings' (Order: 999)
[2026-08-11 10:37:47] [WARNING] [ARGUS_AI:plugin_manager.py:30] - Module 'home' is being re-registered.
[2026-08-11 10:37:47] [INFO] [ARGUS_AI:plugin_manager.py:34] - Registered Pluggable Module: [home] 'Home Dashboard' (Order: 1)
[2026-08-11 10:37:47] [WARNING] [ARGUS_AI:plugin_manager.py:30] - Module 'file_loader' is being re-registered.
[2026-08-11 10:37:47] [INFO] [ARGUS_AI:plugin_manager.py:34] - Registered Pluggable Module: [file_loader] 'Universal File Loader' (Order: 10)
[2026-08-11 10:37:47] [WARNING] [ARGUS_AI:plugin_manager.py:30] - Module 'db_connectors' is being re-registered.
[2026-08-11 10:37:47] [INFO] [ARGUS_AI:plugin_manager.py:34] - Registered Pluggable Module: [db_connectors] 'Database Connectors' (Order: 20)
[2026-08-11 10:37:47] [WARNING] [ARGUS_AI:plugin_manager.py:30] - Module 'ocr_engine' is being re-registered.
[2026-08-11 10:37:47] [INFO] [ARGUS_AI:plugin_manager.py:34] - Registered Pluggable Module: [ocr_engine] 'OCR & Document Extractor' (Order: 30)
[2026-08-11 10:37:47] [WARNING] [ARGUS_AI:plugin_manager.py:30] - Module 'data_cleaning' is being re-registered.
[2026-08-11 10:37:47] [INFO] [ARGUS_AI:plugin_manager.py:34] - Registered Pluggable Module: [data_cleaning] 'Data Cleaning Engine' (Order: 40)
[2026-08-11 10:37:47] [WARNING] [ARGUS_AI:plugin_manager.py:30] - Module 'data_profiling' is being re-registered.
[2026-08-11 10:37:47] [INFO] [ARGUS_AI:plugin_manager.py:34] - Registered Pluggable Module: [data_profiling] 'Data Profiling Engine' (Order: 50)
[2026-08-11 10:37:47] [WARNING] [ARGUS_AI:plugin_manager.py:30] - Module 'analytics_engine' is being re-registered.
[2026-08-11 10:37:47] [INFO] [ARGUS_AI:plugin_manager.py:34] - Registered Pluggable Module: [analytics_engine] 'Analytics & Forecasting' (Order: 60)
[2026-08-11 10:37:47] [WARNING] [ARGUS_AI:plugin_manager.py:30] - Module 'visualization_engine' is being re-registered.
[2026-08-11 10:37:47] [INFO] [ARGUS_AI:plugin_manager.py:34] - Registered Pluggable Module: [visualization_engine] 'Visualization Engine' (Order: 70)
[2026-08-11 10:37:47] [WARNING] [ARGUS_AI:plugin_manager.py:30] - Module 'settings' is being re-registered.
[2026-08-11 10:37:47] [INFO] [ARGUS_AI:plugin_manager.py:34] - Registered Pluggable Module: [settings] 'Platform Settings' (Order: 999)
[2026-08-11 10:37:51] [WARNING] [ARGUS_AI:plugin_manager.py:30] - Module 'home' is being re-registered.
[2026-08-11 10:37:51] [INFO] [ARGUS_AI:plugin_manager.py:34] - Registered Pluggable Module: [home] 'Home Dashboard' (Order: 1)
[2026-08-11 10:37:51] [WARNING] [ARGUS_AI:plugin_manager.py:30] - Module 'file_loader' is being re-registered.
[2026-08-11 10:37:51] [INFO] [ARGUS_AI:plugin_manager.py:34] - Registered Pluggable Module: [file_loader] 'Universal File Loader' (Order: 10)
[2026-08-11 10:37:51] [WARNING] [ARGUS_AI:plugin_manager.py:30] - Module 'db_connectors' is being re-registered.
[2026-08-11 10:37:51] [INFO] [ARGUS_AI:plugin_manager.py:34] - Registered Pluggable Module: [db_connectors] 'Database Connectors' (Order: 20)
[2026-08-11 10:37:51] [WARNING] [ARGUS_AI:plugin_manager.py:30] - Module 'ocr_engine' is being re-registered.
[2026-08-11 10:37:51] [INFO] [ARGUS_AI:plugin_manager.py:34] - Registered Pluggable Module: [ocr_engine] 'OCR & Document Extractor' (Order: 30)
[2026-08-11 10:37:51] [WARNING] [ARGUS_AI:plugin_manager.py:30] - Module 'data_cleaning' is being re-registered.
[2026-08-11 10:37:51] [INFO] [ARGUS_AI:plugin_manager.py:34] - Registered Pluggable Module: [data_cleaning] 'Data Cleaning Engine' (Order: 40)
[2026-08-11 10:37:51] [WARNING] [ARGUS_AI:plugin_manager.py:30] - Module 'data_profiling' is being re-registered.
[2026-08-11 10:37:51] [INFO] [ARGUS_AI:plugin_manager.py:34] - Registered Pluggable Module: [data_profiling] 'Data Profiling Engine' (Order: 50)
[2026-08-11 10:37:51] [WARNING] [ARGUS_AI:plugin_manager.py:30] - Module 'analytics_engine' is being re-registered.
[2026-08-11 10:37:51] [INFO] [ARGUS_AI:plugin_manager.py:34] - Registered Pluggable Module: [analytics_engine] 'Analytics & Forecasting' (Order: 60)
[2026-08-11 10:37:51] [WARNING] [ARGUS_AI:plugin_manager.py:30] - Module 'visualization_engine' is being re-registered.
[2026-08-11 10:37:51] [INFO] [ARGUS_AI:plugin_manager.py:34] - Registered Pluggable Module: [visualization_engine] 'Visualization Engine' (Order: 70)
[2026-08-11 10:37:51] [WARNING] [ARGUS_AI:plugin_manager.py:30] - Module 'settings' is being re-registered.
[2026-08-11 10:37:51] [INFO] [ARGUS_AI:plugin_manager.py:34] - Registered Pluggable Module: [settings] 'Platform Settings' (Order: 999)
[2026-08-11 10:37:51] [WARNING] [ARGUS_AI:plugin_manager.py:30] - Module 'home' is being re-registered.
[2026-08-11 10:37:51] [INFO] [ARGUS_AI:plugin_manager.py:34] - Registered Pluggable Module: [home] 'Home Dashboard' (Order: 1)
[2026-08-11 10:37:51] [WARNING] [ARGUS_AI:plugin_manager.py:30] - Module 'file_loader' is being re-registered.
[2026-08-11 10:37:51] [INFO] [ARGUS_AI:plugin_manager.py:34] - Registered Pluggable Module: [file_loader] 'Universal File Loader' (Order: 10)
[2026-08-11 10:37:51] [WARNING] [ARGUS_AI:plugin_manager.py:30] - Module 'db_connectors' is being re-registered.
[2026-08-11 10:37:51] [INFO] [ARGUS_AI:plugin_manager.py:34] - Registered Pluggable Module: [db_connectors] 'Database Connectors' (Order: 20)
[2026-08-11 10:37:51] [WARNING] [ARGUS_AI:plugin_manager.py:30] - Module 'ocr_engine' is being re-registered.
[2026-08-11 10:37:51] [INFO] [ARGUS_AI:plugin_manager.py:34] - Registered Pluggable Module: [ocr_engine] 'OCR & Document Extractor' (Order: 30)
[2026-08-11 10:37:51] [WARNING] [ARGUS_AI:plugin_manager.py:30] - Module 'data_cleaning' is being re-registered.
[2026-08-11 10:37:51] [INFO] [ARGUS_AI:plugin_manager.py:34] - Registered Pluggable Module: [data_cleaning] 'Data Cleaning Engine' (Order: 40)
[2026-08-11 10:37:51] [WARNING] [ARGUS_AI:plugin_manager.py:30] - Module 'data_profiling' is being re-registered.
[2026-08-11 10:37:51] [INFO] [ARGUS_AI:plugin_manager.py:34] - Registered Pluggable Module: [data_profiling] 'Data Profiling Engine' (Order: 50)
[2026-08-11 10:37:51] [WARNING] [ARGUS_AI:plugin_manager.py:30] - Module 'analytics_engine' is being re-registered.
[2026-08-11 10:37:51] [INFO] [ARGUS_AI:plugin_manager.py:34] - Registered Pluggable Module: [analytics_engine] 'Analytics & Forecasting' (Order: 60)
[2026-08-11 10:37:51] [WARNING] [ARGUS_AI:plugin_manager.py:30] - Module 'visualization_engine' is being re-registered.
[2026-08-11 10:37:51] [INFO] [ARGUS_AI:plugin_manager.py:34] - Registered Pluggable Module: [visualization_engine] 'Visualization Engine' (Order: 70)
[2026-08-11 10:37:51] [WARNING] [ARGUS_AI:plugin_manager.py:30] - Module 'settings' is being re-registered.
[2026-08-11 10:37:51] [INFO] [ARGUS_AI:plugin_manager.py:34] - Registered Pluggable Module: [settings] 'Platform Settings' (Order: 999)
[2026-08-11 10:37:55] [WARNING] [ARGUS_AI:plugin_manager.py:30] - Module 'home' is being re-registered.
[2026-08-11 10:37:55] [INFO] [ARGUS_AI:plugin_manager.py:34] - Registered Pluggable Module: [home] 'Home Dashboard' (Order: 1)
[2026-08-11 10:37:55] [WARNING] [ARGUS_AI:plugin_manager.py:30] - Module 'file_loader' is being re-registered.
[2026-08-11 10:37:55] [INFO] [ARGUS_AI:plugin_manager.py:34] - Registered Pluggable Module: [file_loader] 'Universal File Loader' (Order: 10)
[2026-08-11 10:37:55] [WARNING] [ARGUS_AI:plugin_manager.py:30] - Module 'db_connectors' is being re-registered.
[2026-08-11 10:37:55] [INFO] [ARGUS_AI:plugin_manager.py:34] - Registered Pluggable Module: [db_connectors] 'Database Connectors' (Order: 20)
[2026-08-11 10:37:55] [WARNING] [ARGUS_AI:plugin_manager.py:30] - Module 'ocr_engine' is being re-registered.
[2026-08-11 10:37:55] [INFO] [ARGUS_AI:plugin_manager.py:34] - Registered Pluggable Module: [ocr_engine] 'OCR & Document Extractor' (Order: 30)
[2026-08-11 10:37:55] [WARNING] [ARGUS_AI:plugin_manager.py:30] - Module 'data_cleaning' is being re-registered.
[2026-08-11 10:37:55] [INFO] [ARGUS_AI:plugin_manager.py:34] - Registered Pluggable Module: [data_cleaning] 'Data Cleaning Engine' (Order: 40)
[2026-08-11 10:37:55] [WARNING] [ARGUS_AI:plugin_manager.py:30] - Module 'data_profiling' is being re-registered.
[2026-08-11 10:37:55] [INFO] [ARGUS_AI:plugin_manager.py:34] - Registered Pluggable Module: [data_profiling] 'Data Profiling Engine' (Order: 50)
[2026-08-11 10:37:55] [WARNING] [ARGUS_AI:plugin_manager.py:30] - Module 'analytics_engine' is being re-registered.
[2026-08-11 10:37:55] [INFO] [ARGUS_AI:plugin_manager.py:34] - Registered Pluggable Module: [analytics_engine] 'Analytics & Forecasting' (Order: 60)
[2026-08-11 10:37:55] [WARNING] [ARGUS_AI:plugin_manager.py:30] - Module 'visualization_engine' is being re-registered.
[2026-08-11 10:37:55] [INFO] [ARGUS_AI:plugin_manager.py:34] - Registered Pluggable Module: [visualization_engine] 'Visualization Engine' (Order: 70)
[2026-08-11 10:37:55] [WARNING] [ARGUS_AI:plugin_manager.py:30] - Module 'settings' is being re-registered.
[2026-08-11 10:37:55] [INFO] [ARGUS_AI:plugin_manager.py:34] - Registered Pluggable Module: [settings] 'Platform Settings' (Order: 999)
[2026-08-11 10:37:56] [WARNING] [ARGUS_AI:plugin_manager.py:30] - Module 'home' is being re-registered.
[2026-08-11 10:37:56] [INFO] [ARGUS_AI:plugin_manager.py:34] - Registered Pluggable Module: [home] 'Home Dashboard' (Order: 1)
[2026-08-11 10:37:56] [WARNING] [ARGUS_AI:plugin_manager.py:30] - Module 'file_loader' is being re-registered.
[2026-08-11 10:37:56] [INFO] [ARGUS_AI:plugin_manager.py:34] - Registered Pluggable Module: [file_loader] 'Universal File Loader' (Order: 10)
[2026-08-11 10:37:56] [WARNING] [ARGUS_AI:plugin_manager.py:30] - Module 'db_connectors' is being re-registered.
[2026-08-11 10:37:56] [INFO] [ARGUS_AI:plugin_manager.py:34] - Registered Pluggable Module: [db_connectors] 'Database Connectors' (Order: 20)
[2026-08-11 10:37:56] [WARNING] [ARGUS_AI:plugin_manager.py:30] - Module 'ocr_engine' is being re-registered.
[2026-08-11 10:37:56] [INFO] [ARGUS_AI:plugin_manager.py:34] - Registered Pluggable Module: [ocr_engine] 'OCR & Document Extractor' (Order: 30)
[2026-08-11 10:37:56] [WARNING] [ARGUS_AI:plugin_manager.py:30] - Module 'data_cleaning' is being re-registered.
[2026-08-11 10:37:56] [INFO] [ARGUS_AI:plugin_manager.py:34] - Registered Pluggable Module: [data_cleaning] 'Data Cleaning Engine' (Order: 40)
[2026-08-11 10:37:56] [WARNING] [ARGUS_AI:plugin_manager.py:30] - Module 'data_profiling' is being re-registered.
[2026-08-11 10:37:56] [INFO] [ARGUS_AI:plugin_manager.py:34] - Registered Pluggable Module: [data_profiling] 'Data Profiling Engine' (Order: 50)
[2026-08-11 10:37:56] [WARNING] [ARGUS_AI:plugin_manager.py:30] - Module 'analytics_engine' is being re-registered.
[2026-08-11 10:37:56] [INFO] [ARGUS_AI:plugin_manager.py:34] - Registered Pluggable Module: [analytics_engine] 'Analytics & Forecasting' (Order: 60)
[2026-08-11 10:37:56] [WARNING] [ARGUS_AI:plugin_manager.py:30] - Module 'visualization_engine' is being re-registered.
[2026-08-11 10:37:56] [INFO] [ARGUS_AI:plugin_manager.py:34] - Registered Pluggable Module: [visualization_engine] 'Visualization Engine' (Order: 70)
[2026-08-11 10:37:56] [WARNING] [ARGUS_AI:plugin_manager.py:30] - Module 'settings' is being re-registered.
[2026-08-11 10:37:56] [INFO] [ARGUS_AI:plugin_manager.py:34] - Registered Pluggable Module: [settings] 'Platform Settings' (Order: 999)
[2026-08-11 10:37:56] [INFO] [ARGUS_AI:file_service.py:46] - Ingesting file 'Inzone_-_July_2026__3_.xlsx' (830046 bytes, type 'xlsx')
[2026-08-11 10:38:00] [WARNING] [ARGUS_AI:plugin_manager.py:30] - Module 'home' is being re-registered.
[2026-08-11 10:38:00] [INFO] [ARGUS_AI:plugin_manager.py:34] - Registered Pluggable Module: [home] 'Home Dashboard' (Order: 1)
[2026-08-11 10:38:00] [WARNING] [ARGUS_AI:plugin_manager.py:30] - Module 'file_loader' is being re-registered.
[2026-08-11 10:38:00] [INFO] [ARGUS_AI:plugin_manager.py:34] - Registered Pluggable Module: [file_loader] 'Universal File Loader' (Order: 10)
[2026-08-11 10:38:00] [WARNING] [ARGUS_AI:plugin_manager.py:30] - Module 'db_connectors' is being re-registered.
[2026-08-11 10:38:00] [INFO] [ARGUS_AI:plugin_manager.py:34] - Registered Pluggable Module: [db_connectors] 'Database Connectors' (Order: 20)
[2026-08-11 10:38:00] [WARNING] [ARGUS_AI:plugin_manager.py:30] - Module 'ocr_engine' is being re-registered.
[2026-08-11 10:38:00] [INFO] [ARGUS_AI:plugin_manager.py:34] - Registered Pluggable Module: [ocr_engine] 'OCR & Document Extractor' (Order: 30)
[2026-08-11 10:38:00] [WARNING] [ARGUS_AI:plugin_manager.py:30] - Module 'data_cleaning' is being re-registered.
[2026-08-11 10:38:00] [INFO] [ARGUS_AI:plugin_manager.py:34] - Registered Pluggable Module: [data_cleaning] 'Data Cleaning Engine' (Order: 40)
[2026-08-11 10:38:00] [WARNING] [ARGUS_AI:plugin_manager.py:30] - Module 'data_profiling' is being re-registered.
[2026-08-11 10:38:00] [INFO] [ARGUS_AI:plugin_manager.py:34] - Registered Pluggable Module: [data_profiling] 'Data Profiling Engine' (Order: 50)
[2026-08-11 10:38:00] [WARNING] [ARGUS_AI:plugin_manager.py:30] - Module 'analytics_engine' is being re-registered.
[2026-08-11 10:38:00] [INFO] [ARGUS_AI:plugin_manager.py:34] - Registered Pluggable Module: [analytics_engine] 'Analytics & Forecasting' (Order: 60)
[2026-08-11 10:38:00] [WARNING] [ARGUS_AI:plugin_manager.py:30] - Module 'visualization_engine' is being re-registered.
[2026-08-11 10:38:00] [INFO] [ARGUS_AI:plugin_manager.py:34] - Registered Pluggable Module: [visualization_engine] 'Visualization Engine' (Order: 70)
[2026-08-11 10:38:00] [WARNING] [ARGUS_AI:plugin_manager.py:30] - Module 'settings' is being re-registered.
[2026-08-11 10:38:00] [INFO] [ARGUS_AI:plugin_manager.py:34] - Registered Pluggable Module: [settings] 'Platform Settings' (Order: 999)
[2026-08-11 10:38:00] [WARNING] [ARGUS_AI:plugin_manager.py:30] - Module 'home' is being re-registered.
[2026-08-11 10:38:00] [INFO] [ARGUS_AI:plugin_manager.py:34] - Registered Pluggable Module: [home] 'Home Dashboard' (Order: 1)
[2026-08-11 10:38:00] [WARNING] [ARGUS_AI:plugin_manager.py:30] - Module 'file_loader' is being re-registered.
[2026-08-11 10:38:00] [INFO] [ARGUS_AI:plugin_manager.py:34] - Registered Pluggable Module: [file_loader] 'Universal File Loader' (Order: 10)
[2026-08-11 10:38:00] [WARNING] [ARGUS_AI:plugin_manager.py:30] - Module 'db_connectors' is being re-registered.
[2026-08-11 10:38:00] [INFO] [ARGUS_AI:plugin_manager.py:34] - Registered Pluggable Module: [db_connectors] 'Database Connectors' (Order: 20)
[2026-08-11 10:38:00] [WARNING] [ARGUS_AI:plugin_manager.py:30] - Module 'ocr_engine' is being re-registered.
[2026-08-11 10:38:00] [INFO] [ARGUS_AI:plugin_manager.py:34] - Registered Pluggable Module: [ocr_engine] 'OCR & Document Extractor' (Order: 30)
[2026-08-11 10:38:00] [WARNING] [ARGUS_AI:plugin_manager.py:30] - Module 'data_cleaning' is being re-registered.
[2026-08-11 10:38:00] [INFO] [ARGUS_AI:plugin_manager.py:34] - Registered Pluggable Module: [data_cleaning] 'Data Cleaning Engine' (Order: 40)
[2026-08-11 10:38:00] [WARNING] [ARGUS_AI:plugin_manager.py:30] - Module 'data_profiling' is being re-registered.
[2026-08-11 10:38:00] [INFO] [ARGUS_AI:plugin_manager.py:34] - Registered Pluggable Module: [data_profiling] 'Data Profiling Engine' (Order: 50)
[2026-08-11 10:38:00] [WARNING] [ARGUS_AI:plugin_manager.py:30] - Module 'analytics_engine' is being re-registered.
[2026-08-11 10:38:00] [INFO] [ARGUS_AI:plugin_manager.py:34] - Registered Pluggable Module: [analytics_engine] 'Analytics & Forecasting' (Order: 60)
[2026-08-11 10:38:00] [WARNING] [ARGUS_AI:plugin_manager.py:30] - Module 'visualization_engine' is being re-registered.
[2026-08-11 10:38:00] [INFO] [ARGUS_AI:plugin_manager.py:34] - Registered Pluggable Module: [visualization_engine] 'Visualization Engine' (Order: 70)
[2026-08-11 10:38:00] [WARNING] [ARGUS_AI:plugin_manager.py:30] - Module 'settings' is being re-registered.
[2026-08-11 10:38:00] [INFO] [ARGUS_AI:plugin_manager.py:34] - Registered Pluggable Module: [settings] 'Platform Settings' (Order: 999)
[2026-08-11 10:38:44] [WARNING] [ARGUS_AI:plugin_manager.py:30] - Module 'home' is being re-registered.
[2026-08-11 10:38:44] [INFO] [ARGUS_AI:plugin_manager.py:34] - Registered Pluggable Module: [home] 'Home Dashboard' (Order: 1)
[2026-08-11 10:38:44] [WARNING] [ARGUS_AI:plugin_manager.py:30] - Module 'file_loader' is being re-registered.
[2026-08-11 10:38:44] [INFO] [ARGUS_AI:plugin_manager.py:34] - Registered Pluggable Module: [file_loader] 'Universal File Loader' (Order: 10)
[2026-08-11 10:38:44] [WARNING] [ARGUS_AI:plugin_manager.py:30] - Module 'db_connectors' is being re-registered.
[2026-08-11 10:38:44] [INFO] [ARGUS_AI:plugin_manager.py:34] - Registered Pluggable Module: [db_connectors] 'Database Connectors' (Order: 20)
[2026-08-11 10:38:44] [WARNING] [ARGUS_AI:plugin_manager.py:30] - Module 'ocr_engine' is being re-registered.
[2026-08-11 10:38:44] [INFO] [ARGUS_AI:plugin_manager.py:34] - Registered Pluggable Module: [ocr_engine] 'OCR & Document Extractor' (Order: 30)
[2026-08-11 10:38:44] [WARNING] [ARGUS_AI:plugin_manager.py:30] - Module 'data_cleaning' is being re-registered.
[2026-08-11 10:38:44] [INFO] [ARGUS_AI:plugin_manager.py:34] - Registered Pluggable Module: [data_cleaning] 'Data Cleaning Engine' (Order: 40)
[2026-08-11 10:38:44] [WARNING] [ARGUS_AI:plugin_manager.py:30] - Module 'data_profiling' is being re-registered.
[2026-08-11 10:38:44] [INFO] [ARGUS_AI:plugin_manager.py:34] - Registered Pluggable Module: [data_profiling] 'Data Profiling Engine' (Order: 50)
[2026-08-11 10:38:44] [WARNING] [ARGUS_AI:plugin_manager.py:30] - Module 'analytics_engine' is being re-registered.
[2026-08-11 10:38:44] [INFO] [ARGUS_AI:plugin_manager.py:34] - Registered Pluggable Module: [analytics_engine] 'Analytics & Forecasting' (Order: 60)
[2026-08-11 10:38:44] [WARNING] [ARGUS_AI:plugin_manager.py:30] - Module 'visualization_engine' is being re-registered.
[2026-08-11 10:38:44] [INFO] [ARGUS_AI:plugin_manager.py:34] - Registered Pluggable Module: [visualization_engine] 'Visualization Engine' (Order: 70)
[2026-08-11 10:38:44] [WARNING] [ARGUS_AI:plugin_manager.py:30] - Module 'settings' is being re-registered.
[2026-08-11 10:38:44] [INFO] [ARGUS_AI:plugin_manager.py:34] - Registered Pluggable Module: [settings] 'Platform Settings' (Order: 999)
[2026-08-11 10:38:44] [WARNING] [ARGUS_AI:plugin_manager.py:30] - Module 'home' is being re-registered.
[2026-08-11 10:38:44] [INFO] [ARGUS_AI:plugin_manager.py:34] - Registered Pluggable Module: [home] 'Home Dashboard' (Order: 1)
[2026-08-11 10:38:44] [WARNING] [ARGUS_AI:plugin_manager.py:30] - Module 'file_loader' is being re-registered.
[2026-08-11 10:38:44] [INFO] [ARGUS_AI:plugin_manager.py:34] - Registered Pluggable Module: [file_loader] 'Universal File Loader' (Order: 10)
[2026-08-11 10:38:44] [WARNING] [ARGUS_AI:plugin_manager.py:30] - Module 'db_connectors' is being re-registered.
[2026-08-11 10:38:44] [INFO] [ARGUS_AI:plugin_manager.py:34] - Registered Pluggable Module: [db_connectors] 'Database Connectors' (Order: 20)
[2026-08-11 10:38:44] [WARNING] [ARGUS_AI:plugin_manager.py:30] - Module 'ocr_engine' is being re-registered.
[2026-08-11 10:38:44] [INFO] [ARGUS_AI:plugin_manager.py:34] - Registered Pluggable Module: [ocr_engine] 'OCR & Document Extractor' (Order: 30)
[2026-08-11 10:38:44] [WARNING] [ARGUS_AI:plugin_manager.py:30] - Module 'data_cleaning' is being re-registered.
[2026-08-11 10:38:44] [INFO] [ARGUS_AI:plugin_manager.py:34] - Registered Pluggable Module: [data_cleaning] 'Data Cleaning Engine' (Order: 40)
[2026-08-11 10:38:44] [WARNING] [ARGUS_AI:plugin_manager.py:30] - Module 'data_profiling' is being re-registered.
[2026-08-11 10:38:44] [INFO] [ARGUS_AI:plugin_manager.py:34] - Registered Pluggable Module: [data_profiling] 'Data Profiling Engine' (Order: 50)
[2026-08-11 10:38:44] [WARNING] [ARGUS_AI:plugin_manager.py:30] - Module 'analytics_engine' is being re-registered.
[2026-08-11 10:38:44] [INFO] [ARGUS_AI:plugin_manager.py:34] - Registered Pluggable Module: [analytics_engine] 'Analytics & Forecasting' (Order: 60)
[2026-08-11 10:38:44] [WARNING] [ARGUS_AI:plugin_manager.py:30] - Module 'visualization_engine' is being re-registered.
[2026-08-11 10:38:44] [INFO] [ARGUS_AI:plugin_manager.py:34] - Registered Pluggable Module: [visualization_engine] 'Visualization Engine' (Order: 70)
[2026-08-11 10:38:44] [WARNING] [ARGUS_AI:plugin_manager.py:30] - Module 'settings' is being re-registered.
[2026-08-11 10:38:44] [INFO] [ARGUS_AI:plugin_manager.py:34] - Registered Pluggable Module: [settings] 'Platform Settings' (Order: 999)
[2026-08-11 10:41:26] [INFO] [ARGUS_AI:logger.py:88] - ARGUS AI Logger initialized successfully.
[2026-08-11 10:41:30] [INFO] [ARGUS_AI:database.py:44] - Initializing Database Engine targeting: sqlite:///C:\Users\VAISHNAVI\.gemini\antigravity\scratch\argus_ai\data\argus_enterprise.db
[2026-08-11 10:41:30] [INFO] [ARGUS_AI:database.py:59] - Database Manager initialized and tables created.
[2026-08-11 10:41:31] [INFO] [ARGUS_AI:plugin_manager.py:34] - Registered Pluggable Module: [home] 'Home Dashboard' (Order: 1)
[2026-08-11 10:41:31] [INFO] [ARGUS_AI:plugin_manager.py:34] - Registered Pluggable Module: [file_loader] 'Universal File Loader' (Order: 10)
[2026-08-11 10:41:31] [INFO] [ARGUS_AI:plugin_manager.py:34] - Registered Pluggable Module: [db_connectors] 'Database Connectors' (Order: 20)
[2026-08-11 10:41:31] [INFO] [ARGUS_AI:plugin_manager.py:34] - Registered Pluggable Module: [ocr_engine] 'OCR & Document Extractor' (Order: 30)
[2026-08-11 10:41:31] [INFO] [ARGUS_AI:plugin_manager.py:34] - Registered Pluggable Module: [data_cleaning] 'Data Cleaning Engine' (Order: 40)
[2026-08-11 10:41:31] [INFO] [ARGUS_AI:plugin_manager.py:34] - Registered Pluggable Module: [data_profiling] 'Data Profiling Engine' (Order: 50)
[2026-08-11 10:41:31] [INFO] [ARGUS_AI:plugin_manager.py:34] - Registered Pluggable Module: [analytics_engine] 'Analytics & Forecasting' (Order: 60)
[2026-08-11 10:41:31] [INFO] [ARGUS_AI:plugin_manager.py:34] - Registered Pluggable Module: [visualization_engine] 'Visualization Engine' (Order: 70)
[2026-08-11 10:41:31] [INFO] [ARGUS_AI:plugin_manager.py:34] - Registered Pluggable Module: [settings] 'Platform Settings' (Order: 999)
[2026-08-11 10:42:17] [WARNING] [ARGUS_AI:plugin_manager.py:30] - Module 'home' is being re-registered.
[2026-08-11 10:42:17] [INFO] [ARGUS_AI:plugin_manager.py:34] - Registered Pluggable Module: [home] 'Home Dashboard' (Order: 1)
[2026-08-11 10:42:17] [WARNING] [ARGUS_AI:plugin_manager.py:30] - Module 'file_loader' is being re-registered.
[2026-08-11 10:42:17] [INFO] [ARGUS_AI:plugin_manager.py:34] - Registered Pluggable Module: [file_loader] 'Universal File Loader' (Order: 10)
[2026-08-11 10:42:17] [WARNING] [ARGUS_AI:plugin_manager.py:30] - Module 'db_connectors' is being re-registered.
[2026-08-11 10:42:17] [INFO] [ARGUS_AI:plugin_manager.py:34] - Registered Pluggable Module: [db_connectors] 'Database Connectors' (Order: 20)
[2026-08-11 10:42:17] [WARNING] [ARGUS_AI:plugin_manager.py:30] - Module 'ocr_engine' is being re-registered.
[2026-08-11 10:42:17] [INFO] [ARGUS_AI:plugin_manager.py:34] - Registered Pluggable Module: [ocr_engine] 'OCR & Document Extractor' (Order: 30)
[2026-08-11 10:42:17] [WARNING] [ARGUS_AI:plugin_manager.py:30] - Module 'data_cleaning' is being re-registered.
[2026-08-11 10:42:17] [INFO] [ARGUS_AI:plugin_manager.py:34] - Registered Pluggable Module: [data_cleaning] 'Data Cleaning Engine' (Order: 40)
[2026-08-11 10:42:17] [WARNING] [ARGUS_AI:plugin_manager.py:30] - Module 'data_profiling' is being re-registered.
[2026-08-11 10:42:17] [INFO] [ARGUS_AI:plugin_manager.py:34] - Registered Pluggable Module: [data_profiling] 'Data Profiling Engine' (Order: 50)
[2026-08-11 10:42:17] [WARNING] [ARGUS_AI:plugin_manager.py:30] - Module 'analytics_engine' is being re-registered.
[2026-08-11 10:42:17] [INFO] [ARGUS_AI:plugin_manager.py:34] - Registered Pluggable Module: [analytics_engine] 'Analytics & Forecasting' (Order: 60)
[2026-08-11 10:42:17] [WARNING] [ARGUS_AI:plugin_manager.py:30] - Module 'visualization_engine' is being re-registered.
[2026-08-11 10:42:17] [INFO] [ARGUS_AI:plugin_manager.py:34] - Registered Pluggable Module: [visualization_engine] 'Visualization Engine' (Order: 70)
[2026-08-11 10:42:17] [WARNING] [ARGUS_AI:plugin_manager.py:30] - Module 'settings' is being re-registered.
[2026-08-11 10:42:17] [INFO] [ARGUS_AI:plugin_manager.py:34] - Registered Pluggable Module: [settings] 'Platform Settings' (Order: 999)
[2026-08-11 10:42:17] [WARNING] [ARGUS_AI:plugin_manager.py:30] - Module 'home' is being re-registered.
[2026-08-11 10:42:17] [INFO] [ARGUS_AI:plugin_manager.py:34] - Registered Pluggable Module: [home] 'Home Dashboard' (Order: 1)
[2026-08-11 10:42:17] [WARNING] [ARGUS_AI:plugin_manager.py:30] - Module 'file_loader' is being re-registered.
[2026-08-11 10:42:17] [INFO] [ARGUS_AI:plugin_manager.py:34] - Registered Pluggable Module: [file_loader] 'Universal File Loader' (Order: 10)
[2026-08-11 10:42:17] [WARNING] [ARGUS_AI:plugin_manager.py:30] - Module 'db_connectors' is being re-registered.
[2026-08-11 10:42:17] [INFO] [ARGUS_AI:plugin_manager.py:34] - Registered Pluggable Module: [db_connectors] 'Database Connectors' (Order: 20)
[2026-08-11 10:42:17] [WARNING] [ARGUS_AI:plugin_manager.py:30] - Module 'ocr_engine' is being re-registered.
[2026-08-11 10:42:17] [INFO] [ARGUS_AI:plugin_manager.py:34] - Registered Pluggable Module: [ocr_engine] 'OCR & Document Extractor' (Order: 30)
[2026-08-11 10:42:17] [WARNING] [ARGUS_AI:plugin_manager.py:30] - Module 'data_cleaning' is being re-registered.
[2026-08-11 10:42:17] [INFO] [ARGUS_AI:plugin_manager.py:34] - Registered Pluggable Module: [data_cleaning] 'Data Cleaning Engine' (Order: 40)
[2026-08-11 10:42:17] [WARNING] [ARGUS_AI:plugin_manager.py:30] - Module 'data_profiling' is being re-registered.
[2026-08-11 10:42:17] [INFO] [ARGUS_AI:plugin_manager.py:34] - Registered Pluggable Module: [data_profiling] 'Data Profiling Engine' (Order: 50)
[2026-08-11 10:42:17] [WARNING] [ARGUS_AI:plugin_manager.py:30] - Module 'analytics_engine' is being re-registered.
[2026-08-11 10:42:17] [INFO] [ARGUS_AI:plugin_manager.py:34] - Registered Pluggable Module: [analytics_engine] 'Analytics & Forecasting' (Order: 60)
[2026-08-11 10:42:17] [WARNING] [ARGUS_AI:plugin_manager.py:30] - Module 'visualization_engine' is being re-registered.
[2026-08-11 10:42:17] [INFO] [ARGUS_AI:plugin_manager.py:34] - Registered Pluggable Module: [visualization_engine] 'Visualization Engine' (Order: 70)
[2026-08-11 10:42:17] [WARNING] [ARGUS_AI:plugin_manager.py:30] - Module 'settings' is being re-registered.
[2026-08-11 10:42:17] [INFO] [ARGUS_AI:plugin_manager.py:34] - Registered Pluggable Module: [settings] 'Platform Settings' (Order: 999)
[2026-08-11 10:42:20] [WARNING] [ARGUS_AI:plugin_manager.py:30] - Module 'home' is being re-registered.
[2026-08-11 10:42:20] [INFO] [ARGUS_AI:plugin_manager.py:34] - Registered Pluggable Module: [home] 'Home Dashboard' (Order: 1)
[2026-08-11 10:42:20] [WARNING] [ARGUS_AI:plugin_manager.py:30] - Module 'file_loader' is being re-registered.
[2026-08-11 10:42:20] [INFO] [ARGUS_AI:plugin_manager.py:34] - Registered Pluggable Module: [file_loader] 'Universal File Loader' (Order: 10)
[2026-08-11 10:42:20] [WARNING] [ARGUS_AI:plugin_manager.py:30] - Module 'db_connectors' is being re-registered.
[2026-08-11 10:42:20] [INFO] [ARGUS_AI:plugin_manager.py:34] - Registered Pluggable Module: [db_connectors] 'Database Connectors' (Order: 20)
[2026-08-11 10:42:20] [WARNING] [ARGUS_AI:plugin_manager.py:30] - Module 'ocr_engine' is being re-registered.
[2026-08-11 10:42:20] [INFO] [ARGUS_AI:plugin_manager.py:34] - Registered Pluggable Module: [ocr_engine] 'OCR & Document Extractor' (Order: 30)
[2026-08-11 10:42:20] [WARNING] [ARGUS_AI:plugin_manager.py:30] - Module 'data_cleaning' is being re-registered.
[2026-08-11 10:42:20] [INFO] [ARGUS_AI:plugin_manager.py:34] - Registered Pluggable Module: [data_cleaning] 'Data Cleaning Engine' (Order: 40)
[2026-08-11 10:42:20] [WARNING] [ARGUS_AI:plugin_manager.py:30] - Module 'data_profiling' is being re-registered.
[2026-08-11 10:42:20] [INFO] [ARGUS_AI:plugin_manager.py:34] - Registered Pluggable Module: [data_profiling] 'Data Profiling Engine' (Order: 50)
[2026-08-11 10:42:20] [WARNING] [ARGUS_AI:plugin_manager.py:30] - Module 'analytics_engine' is being re-registered.
[2026-08-11 10:42:20] [INFO] [ARGUS_AI:plugin_manager.py:34] - Registered Pluggable Module: [analytics_engine] 'Analytics & Forecasting' (Order: 60)
[2026-08-11 10:42:20] [WARNING] [ARGUS_AI:plugin_manager.py:30] - Module 'visualization_engine' is being re-registered.
[2026-08-11 10:42:20] [INFO] [ARGUS_AI:plugin_manager.py:34] - Registered Pluggable Module: [visualization_engine] 'Visualization Engine' (Order: 70)
[2026-08-11 10:42:20] [WARNING] [ARGUS_AI:plugin_manager.py:30] - Module 'settings' is being re-registered.
[2026-08-11 10:42:20] [INFO] [ARGUS_AI:plugin_manager.py:34] - Registered Pluggable Module: [settings] 'Platform Settings' (Order: 999)
[2026-08-11 10:42:20] [WARNING] [ARGUS_AI:plugin_manager.py:30] - Module 'home' is being re-registered.
[2026-08-11 10:42:20] [INFO] [ARGUS_AI:plugin_manager.py:34] - Registered Pluggable Module: [home] 'Home Dashboard' (Order: 1)
[2026-08-11 10:42:20] [WARNING] [ARGUS_AI:plugin_manager.py:30] - Module 'file_loader' is being re-registered.
[2026-08-11 10:42:20] [INFO] [ARGUS_AI:plugin_manager.py:34] - Registered Pluggable Module: [file_loader] 'Universal File Loader' (Order: 10)
[2026-08-11 10:42:20] [WARNING] [ARGUS_AI:plugin_manager.py:30] - Module 'db_connectors' is being re-registered.
[2026-08-11 10:42:20] [INFO] [ARGUS_AI:plugin_manager.py:34] - Registered Pluggable Module: [db_connectors] 'Database Connectors' (Order: 20)
[2026-08-11 10:42:20] [WARNING] [ARGUS_AI:plugin_manager.py:30] - Module 'ocr_engine' is being re-registered.
[2026-08-11 10:42:20] [INFO] [ARGUS_AI:plugin_manager.py:34] - Registered Pluggable Module: [ocr_engine] 'OCR & Document Extractor' (Order: 30)
[2026-08-11 10:42:20] [WARNING] [ARGUS_AI:plugin_manager.py:30] - Module 'data_cleaning' is being re-registered.
[2026-08-11 10:42:20] [INFO] [ARGUS_AI:plugin_manager.py:34] - Registered Pluggable Module: [data_cleaning] 'Data Cleaning Engine' (Order: 40)
[2026-08-11 10:42:20] [WARNING] [ARGUS_AI:plugin_manager.py:30] - Module 'data_profiling' is being re-registered.
[2026-08-11 10:42:20] [INFO] [ARGUS_AI:plugin_manager.py:34] - Registered Pluggable Module: [data_profiling] 'Data Profiling Engine' (Order: 50)
[2026-08-11 10:42:20] [WARNING] [ARGUS_AI:plugin_manager.py:30] - Module 'analytics_engine' is being re-registered.
[2026-08-11 10:42:20] [INFO] [ARGUS_AI:plugin_manager.py:34] - Registered Pluggable Module: [analytics_engine] 'Analytics & Forecasting' (Order: 60)
[2026-08-11 10:42:20] [WARNING] [ARGUS_AI:plugin_manager.py:30] - Module 'visualization_engine' is being re-registered.
[2026-08-11 10:42:20] [INFO] [ARGUS_AI:plugin_manager.py:34] - Registered Pluggable Module: [visualization_engine] 'Visualization Engine' (Order: 70)
[2026-08-11 10:42:20] [WARNING] [ARGUS_AI:plugin_manager.py:30] - Module 'settings' is being re-registered.
[2026-08-11 10:42:20] [INFO] [ARGUS_AI:plugin_manager.py:34] - Registered Pluggable Module: [settings] 'Platform Settings' (Order: 999)
[2026-08-11 10:42:24] [WARNING] [ARGUS_AI:plugin_manager.py:30] - Module 'home' is being re-registered.
[2026-08-11 10:42:24] [INFO] [ARGUS_AI:plugin_manager.py:34] - Registered Pluggable Module: [home] 'Home Dashboard' (Order: 1)
[2026-08-11 10:42:24] [WARNING] [ARGUS_AI:plugin_manager.py:30] - Module 'file_loader' is being re-registered.
[2026-08-11 10:42:24] [INFO] [ARGUS_AI:plugin_manager.py:34] - Registered Pluggable Module: [file_loader] 'Universal File Loader' (Order: 10)
[2026-08-11 10:42:24] [WARNING] [ARGUS_AI:plugin_manager.py:30] - Module 'db_connectors' is being re-registered.
[2026-08-11 10:42:24] [INFO] [ARGUS_AI:plugin_manager.py:34] - Registered Pluggable Module: [db_connectors] 'Database Connectors' (Order: 20)
[2026-08-11 10:42:24] [WARNING] [ARGUS_AI:plugin_manager.py:30] - Module 'ocr_engine' is being re-registered.
[2026-08-11 10:42:24] [INFO] [ARGUS_AI:plugin_manager.py:34] - Registered Pluggable Module: [ocr_engine] 'OCR & Document Extractor' (Order: 30)
[2026-08-11 10:42:24] [WARNING] [ARGUS_AI:plugin_manager.py:30] - Module 'data_cleaning' is being re-registered.
[2026-08-11 10:42:24] [INFO] [ARGUS_AI:plugin_manager.py:34] - Registered Pluggable Module: [data_cleaning] 'Data Cleaning Engine' (Order: 40)
[2026-08-11 10:42:24] [WARNING] [ARGUS_AI:plugin_manager.py:30] - Module 'data_profiling' is being re-registered.
[2026-08-11 10:42:24] [INFO] [ARGUS_AI:plugin_manager.py:34] - Registered Pluggable Module: [data_profiling] 'Data Profiling Engine' (Order: 50)
[2026-08-11 10:42:24] [WARNING] [ARGUS_AI:plugin_manager.py:30] - Module 'analytics_engine' is being re-registered.
[2026-08-11 10:42:24] [INFO] [ARGUS_AI:plugin_manager.py:34] - Registered Pluggable Module: [analytics_engine] 'Analytics & Forecasting' (Order: 60)
[2026-08-11 10:42:24] [WARNING] [ARGUS_AI:plugin_manager.py:30] - Module 'visualization_engine' is being re-registered.
[2026-08-11 10:42:24] [INFO] [ARGUS_AI:plugin_manager.py:34] - Registered Pluggable Module: [visualization_engine] 'Visualization Engine' (Order: 70)
[2026-08-11 10:42:24] [WARNING] [ARGUS_AI:plugin_manager.py:30] - Module 'settings' is being re-registered.
[2026-08-11 10:42:24] [INFO] [ARGUS_AI:plugin_manager.py:34] - Registered Pluggable Module: [settings] 'Platform Settings' (Order: 999)
[2026-08-11 10:42:25] [WARNING] [ARGUS_AI:plugin_manager.py:30] - Module 'home' is being re-registered.
[2026-08-11 10:42:25] [INFO] [ARGUS_AI:plugin_manager.py:34] - Registered Pluggable Module: [home] 'Home Dashboard' (Order: 1)
[2026-08-11 10:42:25] [WARNING] [ARGUS_AI:plugin_manager.py:30] - Module 'file_loader' is being re-registered.
[2026-08-11 10:42:25] [INFO] [ARGUS_AI:plugin_manager.py:34] - Registered Pluggable Module: [file_loader] 'Universal File Loader' (Order: 10)
[2026-08-11 10:42:25] [WARNING] [ARGUS_AI:plugin_manager.py:30] - Module 'db_connectors' is being re-registered.
[2026-08-11 10:42:25] [INFO] [ARGUS_AI:plugin_manager.py:34] - Registered Pluggable Module: [db_connectors] 'Database Connectors' (Order: 20)
[2026-08-11 10:42:25] [WARNING] [ARGUS_AI:plugin_manager.py:30] - Module 'ocr_engine' is being re-registered.
[2026-08-11 10:42:25] [INFO] [ARGUS_AI:plugin_manager.py:34] - Registered Pluggable Module: [ocr_engine] 'OCR & Document Extractor' (Order: 30)
[2026-08-11 10:42:25] [WARNING] [ARGUS_AI:plugin_manager.py:30] - Module 'data_cleaning' is being re-registered.
[2026-08-11 10:42:25] [INFO] [ARGUS_AI:plugin_manager.py:34] - Registered Pluggable Module: [data_cleaning] 'Data Cleaning Engine' (Order: 40)
[2026-08-11 10:42:25] [WARNING] [ARGUS_AI:plugin_manager.py:30] - Module 'data_profiling' is being re-registered.
[2026-08-11 10:42:25] [INFO] [ARGUS_AI:plugin_manager.py:34] - Registered Pluggable Module: [data_profiling] 'Data Profiling Engine' (Order: 50)
[2026-08-11 10:42:25] [WARNING] [ARGUS_AI:plugin_manager.py:30] - Module 'analytics_engine' is being re-registered.
[2026-08-11 10:42:25] [INFO] [ARGUS_AI:plugin_manager.py:34] - Registered Pluggable Module: [analytics_engine] 'Analytics & Forecasting' (Order: 60)
[2026-08-11 10:42:25] [WARNING] [ARGUS_AI:plugin_manager.py:30] - Module 'visualization_engine' is being re-registered.
[2026-08-11 10:42:25] [INFO] [ARGUS_AI:plugin_manager.py:34] - Registered Pluggable Module: [visualization_engine] 'Visualization Engine' (Order: 70)
[2026-08-11 10:42:25] [WARNING] [ARGUS_AI:plugin_manager.py:30] - Module 'settings' is being re-registered.
[2026-08-11 10:42:25] [INFO] [ARGUS_AI:plugin_manager.py:34] - Registered Pluggable Module: [settings] 'Platform Settings' (Order: 999)
[2026-08-11 10:42:25] [INFO] [ARGUS_AI:file_service.py:46] - Ingesting file 'Inzone_-_July_2026__3_.xlsx' (830046 bytes, type 'xlsx')
[2026-08-11 10:42:28] [WARNING] [ARGUS_AI:plugin_manager.py:30] - Module 'home' is being re-registered.
[2026-08-11 10:42:28] [INFO] [ARGUS_AI:plugin_manager.py:34] - Registered Pluggable Module: [home] 'Home Dashboard' (Order: 1)
[2026-08-11 10:42:28] [WARNING] [ARGUS_AI:plugin_manager.py:30] - Module 'file_loader' is being re-registered.
[2026-08-11 10:42:28] [INFO] [ARGUS_AI:plugin_manager.py:34] - Registered Pluggable Module: [file_loader] 'Universal File Loader' (Order: 10)
[2026-08-11 10:42:28] [WARNING] [ARGUS_AI:plugin_manager.py:30] - Module 'db_connectors' is being re-registered.
[2026-08-11 10:42:28] [INFO] [ARGUS_AI:plugin_manager.py:34] - Registered Pluggable Module: [db_connectors] 'Database Connectors' (Order: 20)
[2026-08-11 10:42:28] [WARNING] [ARGUS_AI:plugin_manager.py:30] - Module 'ocr_engine' is being re-registered.
[2026-08-11 10:42:28] [INFO] [ARGUS_AI:plugin_manager.py:34] - Registered Pluggable Module: [ocr_engine] 'OCR & Document Extractor' (Order: 30)
[2026-08-11 10:42:28] [WARNING] [ARGUS_AI:plugin_manager.py:30] - Module 'data_cleaning' is being re-registered.
[2026-08-11 10:42:28] [INFO] [ARGUS_AI:plugin_manager.py:34] - Registered Pluggable Module: [data_cleaning] 'Data Cleaning Engine' (Order: 40)
[2026-08-11 10:42:28] [WARNING] [ARGUS_AI:plugin_manager.py:30] - Module 'data_profiling' is being re-registered.
[2026-08-11 10:42:28] [INFO] [ARGUS_AI:plugin_manager.py:34] - Registered Pluggable Module: [data_profiling] 'Data Profiling Engine' (Order: 50)
[2026-08-11 10:42:28] [WARNING] [ARGUS_AI:plugin_manager.py:30] - Module 'analytics_engine' is being re-registered.
[2026-08-11 10:42:28] [INFO] [ARGUS_AI:plugin_manager.py:34] - Registered Pluggable Module: [analytics_engine] 'Analytics & Forecasting' (Order: 60)
[2026-08-11 10:42:28] [WARNING] [ARGUS_AI:plugin_manager.py:30] - Module 'visualization_engine' is being re-registered.
[2026-08-11 10:42:28] [INFO] [ARGUS_AI:plugin_manager.py:34] - Registered Pluggable Module: [visualization_engine] 'Visualization Engine' (Order: 70)
[2026-08-11 10:42:28] [WARNING] [ARGUS_AI:plugin_manager.py:30] - Module 'settings' is being re-registered.
[2026-08-11 10:42:28] [INFO] [ARGUS_AI:plugin_manager.py:34] - Registered Pluggable Module: [settings] 'Platform Settings' (Order: 999)
[2026-08-11 10:42:28] [WARNING] [ARGUS_AI:plugin_manager.py:30] - Module 'home' is being re-registered.
[2026-08-11 10:42:28] [INFO] [ARGUS_AI:plugin_manager.py:34] - Registered Pluggable Module: [home] 'Home Dashboard' (Order: 1)
[2026-08-11 10:42:28] [WARNING] [ARGUS_AI:plugin_manager.py:30] - Module 'file_loader' is being re-registered.
[2026-08-11 10:42:28] [INFO] [ARGUS_AI:plugin_manager.py:34] - Registered Pluggable Module: [file_loader] 'Universal File Loader' (Order: 10)
[2026-08-11 10:42:28] [WARNING] [ARGUS_AI:plugin_manager.py:30] - Module 'db_connectors' is being re-registered.
[2026-08-11 10:42:28] [INFO] [ARGUS_AI:plugin_manager.py:34] - Registered Pluggable Module: [db_connectors] 'Database Connectors' (Order: 20)
[2026-08-11 10:42:28] [WARNING] [ARGUS_AI:plugin_manager.py:30] - Module 'ocr_engine' is being re-registered.
[2026-08-11 10:42:28] [INFO] [ARGUS_AI:plugin_manager.py:34] - Registered Pluggable Module: [ocr_engine] 'OCR & Document Extractor' (Order: 30)
[2026-08-11 10:42:28] [WARNING] [ARGUS_AI:plugin_manager.py:30] - Module 'data_cleaning' is being re-registered.
[2026-08-11 10:42:28] [INFO] [ARGUS_AI:plugin_manager.py:34] - Registered Pluggable Module: [data_cleaning] 'Data Cleaning Engine' (Order: 40)
[2026-08-11 10:42:28] [WARNING] [ARGUS_AI:plugin_manager.py:30] - Module 'data_profiling' is being re-registered.
[2026-08-11 10:42:28] [INFO] [ARGUS_AI:plugin_manager.py:34] - Registered Pluggable Module: [data_profiling] 'Data Profiling Engine' (Order: 50)
[2026-08-11 10:42:28] [WARNING] [ARGUS_AI:plugin_manager.py:30] - Module 'analytics_engine' is being re-registered.
[2026-08-11 10:42:28] [INFO] [ARGUS_AI:plugin_manager.py:34] - Registered Pluggable Module: [analytics_engine] 'Analytics & Forecasting' (Order: 60)
[2026-08-11 10:42:28] [WARNING] [ARGUS_AI:plugin_manager.py:30] - Module 'visualization_engine' is being re-registered.
[2026-08-11 10:42:28] [INFO] [ARGUS_AI:plugin_manager.py:34] - Registered Pluggable Module: [visualization_engine] 'Visualization Engine' (Order: 70)
[2026-08-11 10:42:28] [WARNING] [ARGUS_AI:plugin_manager.py:30] - Module 'settings' is being re-registered.
[2026-08-11 10:42:28] [INFO] [ARGUS_AI:plugin_manager.py:34] - Registered Pluggable Module: [settings] 'Platform Settings' (Order: 999)
[2026-08-11 10:47:46] [WARNING] [ARGUS_AI:plugin_manager.py:30] - Module 'home' is being re-registered.
[2026-08-11 10:47:46] [INFO] [ARGUS_AI:plugin_manager.py:34] - Registered Pluggable Module: [home] 'Home Dashboard' (Order: 1)
[2026-08-11 10:47:46] [WARNING] [ARGUS_AI:plugin_manager.py:30] - Module 'file_loader' is being re-registered.
[2026-08-11 10:47:46] [INFO] [ARGUS_AI:plugin_manager.py:34] - Registered Pluggable Module: [file_loader] 'Universal File Loader' (Order: 10)
[2026-08-11 10:47:46] [WARNING] [ARGUS_AI:plugin_manager.py:30] - Module 'db_connectors' is being re-registered.
[2026-08-11 10:47:46] [INFO] [ARGUS_AI:plugin_manager.py:34] - Registered Pluggable Module: [db_connectors] 'Database Connectors' (Order: 20)
[2026-08-11 10:47:46] [WARNING] [ARGUS_AI:plugin_manager.py:30] - Module 'ocr_engine' is being re-registered.
[2026-08-11 10:47:46] [INFO] [ARGUS_AI:plugin_manager.py:34] - Registered Pluggable Module: [ocr_engine] 'OCR & Document Extractor' (Order: 30)
[2026-08-11 10:47:46] [WARNING] [ARGUS_AI:plugin_manager.py:30] - Module 'data_cleaning' is being re-registered.
[2026-08-11 10:47:46] [INFO] [ARGUS_AI:plugin_manager.py:34] - Registered Pluggable Module: [data_cleaning] 'Data Cleaning Engine' (Order: 40)
[2026-08-11 10:47:46] [WARNING] [ARGUS_AI:plugin_manager.py:30] - Module 'data_profiling' is being re-registered.
[2026-08-11 10:47:46] [INFO] [ARGUS_AI:plugin_manager.py:34] - Registered Pluggable Module: [data_profiling] 'Data Profiling Engine' (Order: 50)
[2026-08-11 10:47:46] [WARNING] [ARGUS_AI:plugin_manager.py:30] - Module 'analytics_engine' is being re-registered.
[2026-08-11 10:47:46] [INFO] [ARGUS_AI:plugin_manager.py:34] - Registered Pluggable Module: [analytics_engine] 'Analytics & Forecasting' (Order: 60)
[2026-08-11 10:47:46] [WARNING] [ARGUS_AI:plugin_manager.py:30] - Module 'visualization_engine' is being re-registered.
[2026-08-11 10:47:46] [INFO] [ARGUS_AI:plugin_manager.py:34] - Registered Pluggable Module: [visualization_engine] 'Visualization Engine' (Order: 70)
[2026-08-11 10:47:46] [WARNING] [ARGUS_AI:plugin_manager.py:30] - Module 'settings' is being re-registered.
[2026-08-11 10:47:46] [INFO] [ARGUS_AI:plugin_manager.py:34] - Registered Pluggable Module: [settings] 'Platform Settings' (Order: 999)
[2026-08-11 10:47:50] [WARNING] [ARGUS_AI:plugin_manager.py:30] - Module 'home' is being re-registered.
[2026-08-11 10:47:50] [INFO] [ARGUS_AI:plugin_manager.py:34] - Registered Pluggable Module: [home] 'Home Dashboard' (Order: 1)
[2026-08-11 10:47:50] [WARNING] [ARGUS_AI:plugin_manager.py:30] - Module 'file_loader' is being re-registered.
[2026-08-11 10:47:50] [INFO] [ARGUS_AI:plugin_manager.py:34] - Registered Pluggable Module: [file_loader] 'Universal File Loader' (Order: 10)
[2026-08-11 10:47:50] [WARNING] [ARGUS_AI:plugin_manager.py:30] - Module 'db_connectors' is being re-registered.
[2026-08-11 10:47:50] [INFO] [ARGUS_AI:plugin_manager.py:34] - Registered Pluggable Module: [db_connectors] 'Database Connectors' (Order: 20)
[2026-08-11 10:47:50] [WARNING] [ARGUS_AI:plugin_manager.py:30] - Module 'ocr_engine' is being re-registered.
[2026-08-11 10:47:50] [INFO] [ARGUS_AI:plugin_manager.py:34] - Registered Pluggable Module: [ocr_engine] 'OCR & Document Extractor' (Order: 30)
[2026-08-11 10:47:50] [WARNING] [ARGUS_AI:plugin_manager.py:30] - Module 'data_cleaning' is being re-registered.
[2026-08-11 10:47:50] [INFO] [ARGUS_AI:plugin_manager.py:34] - Registered Pluggable Module: [data_cleaning] 'Data Cleaning Engine' (Order: 40)
[2026-08-11 10:47:50] [WARNING] [ARGUS_AI:plugin_manager.py:30] - Module 'data_profiling' is being re-registered.
[2026-08-11 10:47:50] [INFO] [ARGUS_AI:plugin_manager.py:34] - Registered Pluggable Module: [data_profiling] 'Data Profiling Engine' (Order: 50)
[2026-08-11 10:47:50] [WARNING] [ARGUS_AI:plugin_manager.py:30] - Module 'analytics_engine' is being re-registered.
[2026-08-11 10:47:50] [INFO] [ARGUS_AI:plugin_manager.py:34] - Registered Pluggable Module: [analytics_engine] 'Analytics & Forecasting' (Order: 60)
[2026-08-11 10:47:50] [WARNING] [ARGUS_AI:plugin_manager.py:30] - Module 'visualization_engine' is being re-registered.
[2026-08-11 10:47:50] [INFO] [ARGUS_AI:plugin_manager.py:34] - Registered Pluggable Module: [visualization_engine] 'Visualization Engine' (Order: 70)
[2026-08-11 10:47:50] [WARNING] [ARGUS_AI:plugin_manager.py:30] - Module 'settings' is being re-registered.
[2026-08-11 10:47:50] [INFO] [ARGUS_AI:plugin_manager.py:34] - Registered Pluggable Module: [settings] 'Platform Settings' (Order: 999)
[2026-08-11 10:47:50] [WARNING] [ARGUS_AI:plugin_manager.py:30] - Module 'home' is being re-registered.
[2026-08-11 10:47:50] [INFO] [ARGUS_AI:plugin_manager.py:34] - Registered Pluggable Module: [home] 'Home Dashboard' (Order: 1)
[2026-08-11 10:47:50] [WARNING] [ARGUS_AI:plugin_manager.py:30] - Module 'file_loader' is being re-registered.
[2026-08-11 10:47:50] [INFO] [ARGUS_AI:plugin_manager.py:34] - Registered Pluggable Module: [file_loader] 'Universal File Loader' (Order: 10)
[2026-08-11 10:47:50] [WARNING] [ARGUS_AI:plugin_manager.py:30] - Module 'db_connectors' is being re-registered.
[2026-08-11 10:47:50] [INFO] [ARGUS_AI:plugin_manager.py:34] - Registered Pluggable Module: [db_connectors] 'Database Connectors' (Order: 20)
[2026-08-11 10:47:50] [WARNING] [ARGUS_AI:plugin_manager.py:30] - Module 'ocr_engine' is being re-registered.
[2026-08-11 10:47:50] [INFO] [ARGUS_AI:plugin_manager.py:34] - Registered Pluggable Module: [ocr_engine] 'OCR & Document Extractor' (Order: 30)
[2026-08-11 10:47:50] [WARNING] [ARGUS_AI:plugin_manager.py:30] - Module 'data_cleaning' is being re-registered.
[2026-08-11 10:47:50] [INFO] [ARGUS_AI:plugin_manager.py:34] - Registered Pluggable Module: [data_cleaning] 'Data Cleaning Engine' (Order: 40)
[2026-08-11 10:47:50] [WARNING] [ARGUS_AI:plugin_manager.py:30] - Module 'data_profiling' is being re-registered.
[2026-08-11 10:47:50] [INFO] [ARGUS_AI:plugin_manager.py:34] - Registered Pluggable Module: [data_profiling] 'Data Profiling Engine' (Order: 50)
[2026-08-11 10:47:50] [WARNING] [ARGUS_AI:plugin_manager.py:30] - Module 'analytics_engine' is being re-registered.
[2026-08-11 10:47:50] [INFO] [ARGUS_AI:plugin_manager.py:34] - Registered Pluggable Module: [analytics_engine] 'Analytics & Forecasting' (Order: 60)
[2026-08-11 10:47:50] [WARNING] [ARGUS_AI:plugin_manager.py:30] - Module 'visualization_engine' is being re-registered.
[2026-08-11 10:47:50] [INFO] [ARGUS_AI:plugin_manager.py:34] - Registered Pluggable Module: [visualization_engine] 'Visualization Engine' (Order: 70)
[2026-08-11 10:47:50] [WARNING] [ARGUS_AI:plugin_manager.py:30] - Module 'settings' is being re-registered.
[2026-08-11 10:47:50] [INFO] [ARGUS_AI:plugin_manager.py:34] - Registered Pluggable Module: [settings] 'Platform Settings' (Order: 999)
[2026-08-11 10:47:53] [WARNING] [ARGUS_AI:plugin_manager.py:30] - Module 'home' is being re-registered.
[2026-08-11 10:47:53] [INFO] [ARGUS_AI:plugin_manager.py:34] - Registered Pluggable Module: [home] 'Home Dashboard' (Order: 1)
[2026-08-11 10:47:53] [WARNING] [ARGUS_AI:plugin_manager.py:30] - Module 'file_loader' is being re-registered.
[2026-08-11 10:47:53] [INFO] [ARGUS_AI:plugin_manager.py:34] - Registered Pluggable Module: [file_loader] 'Universal File Loader' (Order: 10)
[2026-08-11 10:47:53] [WARNING] [ARGUS_AI:plugin_manager.py:30] - Module 'db_connectors' is being re-registered.
[2026-08-11 10:47:53] [INFO] [ARGUS_AI:plugin_manager.py:34] - Registered Pluggable Module: [db_connectors] 'Database Connectors' (Order: 20)
[2026-08-11 10:47:53] [WARNING] [ARGUS_AI:plugin_manager.py:30] - Module 'ocr_engine' is being re-registered.
[2026-08-11 10:47:53] [INFO] [ARGUS_AI:plugin_manager.py:34] - Registered Pluggable Module: [ocr_engine] 'OCR & Document Extractor' (Order: 30)
[2026-08-11 10:47:53] [WARNING] [ARGUS_AI:plugin_manager.py:30] - Module 'data_cleaning' is being re-registered.
[2026-08-11 10:47:53] [INFO] [ARGUS_AI:plugin_manager.py:34] - Registered Pluggable Module: [data_cleaning] 'Data Cleaning Engine' (Order: 40)
[2026-08-11 10:47:53] [WARNING] [ARGUS_AI:plugin_manager.py:30] - Module 'data_profiling' is being re-registered.
[2026-08-11 10:47:53] [INFO] [ARGUS_AI:plugin_manager.py:34] - Registered Pluggable Module: [data_profiling] 'Data Profiling Engine' (Order: 50)
[2026-08-11 10:47:53] [WARNING] [ARGUS_AI:plugin_manager.py:30] - Module 'analytics_engine' is being re-registered.
[2026-08-11 10:47:53] [INFO] [ARGUS_AI:plugin_manager.py:34] - Registered Pluggable Module: [analytics_engine] 'Analytics & Forecasting' (Order: 60)
[2026-08-11 10:47:53] [WARNING] [ARGUS_AI:plugin_manager.py:30] - Module 'visualization_engine' is being re-registered.
[2026-08-11 10:47:53] [INFO] [ARGUS_AI:plugin_manager.py:34] - Registered Pluggable Module: [visualization_engine] 'Visualization Engine' (Order: 70)
[2026-08-11 10:47:53] [WARNING] [ARGUS_AI:plugin_manager.py:30] - Module 'settings' is being re-registered.
[2026-08-11 10:47:53] [INFO] [ARGUS_AI:plugin_manager.py:34] - Registered Pluggable Module: [settings] 'Platform Settings' (Order: 999)
[2026-08-11 10:47:53] [WARNING] [ARGUS_AI:plugin_manager.py:30] - Module 'home' is being re-registered.
[2026-08-11 10:47:53] [INFO] [ARGUS_AI:plugin_manager.py:34] - Registered Pluggable Module: [home] 'Home Dashboard' (Order: 1)
[2026-08-11 10:47:53] [WARNING] [ARGUS_AI:plugin_manager.py:30] - Module 'file_loader' is being re-registered.
[2026-08-11 10:47:53] [INFO] [ARGUS_AI:plugin_manager.py:34] - Registered Pluggable Module: [file_loader] 'Universal File Loader' (Order: 10)
[2026-08-11 10:47:53] [WARNING] [ARGUS_AI:plugin_manager.py:30] - Module 'db_connectors' is being re-registered.
[2026-08-11 10:47:53] [INFO] [ARGUS_AI:plugin_manager.py:34] - Registered Pluggable Module: [db_connectors] 'Database Connectors' (Order: 20)
[2026-08-11 10:47:53] [WARNING] [ARGUS_AI:plugin_manager.py:30] - Module 'ocr_engine' is being re-registered.
[2026-08-11 10:47:53] [INFO] [ARGUS_AI:plugin_manager.py:34] - Registered Pluggable Module: [ocr_engine] 'OCR & Document Extractor' (Order: 30)
[2026-08-11 10:47:53] [WARNING] [ARGUS_AI:plugin_manager.py:30] - Module 'data_cleaning' is being re-registered.
[2026-08-11 10:47:53] [INFO] [ARGUS_AI:plugin_manager.py:34] - Registered Pluggable Module: [data_cleaning] 'Data Cleaning Engine' (Order: 40)
[2026-08-11 10:47:53] [WARNING] [ARGUS_AI:plugin_manager.py:30] - Module 'data_profiling' is being re-registered.
[2026-08-11 10:47:53] [INFO] [ARGUS_AI:plugin_manager.py:34] - Registered Pluggable Module: [data_profiling] 'Data Profiling Engine' (Order: 50)
[2026-08-11 10:47:53] [WARNING] [ARGUS_AI:plugin_manager.py:30] - Module 'analytics_engine' is being re-registered.
[2026-08-11 10:47:53] [INFO] [ARGUS_AI:plugin_manager.py:34] - Registered Pluggable Module: [analytics_engine] 'Analytics & Forecasting' (Order: 60)
[2026-08-11 10:47:53] [WARNING] [ARGUS_AI:plugin_manager.py:30] - Module 'visualization_engine' is being re-registered.
[2026-08-11 10:47:53] [INFO] [ARGUS_AI:plugin_manager.py:34] - Registered Pluggable Module: [visualization_engine] 'Visualization Engine' (Order: 70)
[2026-08-11 10:47:53] [WARNING] [ARGUS_AI:plugin_manager.py:30] - Module 'settings' is being re-registered.
[2026-08-11 10:47:53] [INFO] [ARGUS_AI:plugin_manager.py:34] - Registered Pluggable Module: [settings] 'Platform Settings' (Order: 999)
[2026-08-11 10:47:57] [WARNING] [ARGUS_AI:plugin_manager.py:30] - Module 'home' is being re-registered.
[2026-08-11 10:47:57] [INFO] [ARGUS_AI:plugin_manager.py:34] - Registered Pluggable Module: [home] 'Home Dashboard' (Order: 1)
[2026-08-11 10:47:57] [WARNING] [ARGUS_AI:plugin_manager.py:30] - Module 'file_loader' is being re-registered.
[2026-08-11 10:47:57] [INFO] [ARGUS_AI:plugin_manager.py:34] - Registered Pluggable Module: [file_loader] 'Universal File Loader' (Order: 10)
[2026-08-11 10:47:57] [WARNING] [ARGUS_AI:plugin_manager.py:30] - Module 'db_connectors' is being re-registered.
[2026-08-11 10:47:57] [INFO] [ARGUS_AI:plugin_manager.py:34] - Registered Pluggable Module: [db_connectors] 'Database Connectors' (Order: 20)
[2026-08-11 10:47:57] [WARNING] [ARGUS_AI:plugin_manager.py:30] - Module 'ocr_engine' is being re-registered.
[2026-08-11 10:47:57] [INFO] [ARGUS_AI:plugin_manager.py:34] - Registered Pluggable Module: [ocr_engine] 'OCR & Document Extractor' (Order: 30)
[2026-08-11 10:47:57] [WARNING] [ARGUS_AI:plugin_manager.py:30] - Module 'data_cleaning' is being re-registered.
[2026-08-11 10:47:57] [INFO] [ARGUS_AI:plugin_manager.py:34] - Registered Pluggable Module: [data_cleaning] 'Data Cleaning Engine' (Order: 40)
[2026-08-11 10:47:57] [WARNING] [ARGUS_AI:plugin_manager.py:30] - Module 'data_profiling' is being re-registered.
[2026-08-11 10:47:57] [INFO] [ARGUS_AI:plugin_manager.py:34] - Registered Pluggable Module: [data_profiling] 'Data Profiling Engine' (Order: 50)
[2026-08-11 10:47:57] [WARNING] [ARGUS_AI:plugin_manager.py:30] - Module 'analytics_engine' is being re-registered.
[2026-08-11 10:47:57] [INFO] [ARGUS_AI:plugin_manager.py:34] - Registered Pluggable Module: [analytics_engine] 'Analytics & Forecasting' (Order: 60)
[2026-08-11 10:47:57] [WARNING] [ARGUS_AI:plugin_manager.py:30] - Module 'visualization_engine' is being re-registered.
[2026-08-11 10:47:57] [INFO] [ARGUS_AI:plugin_manager.py:34] - Registered Pluggable Module: [visualization_engine] 'Visualization Engine' (Order: 70)
[2026-08-11 10:47:57] [WARNING] [ARGUS_AI:plugin_manager.py:30] - Module 'settings' is being re-registered.
[2026-08-11 10:47:57] [INFO] [ARGUS_AI:plugin_manager.py:34] - Registered Pluggable Module: [settings] 'Platform Settings' (Order: 999)
[2026-08-11 10:47:58] [WARNING] [ARGUS_AI:plugin_manager.py:30] - Module 'home' is being re-registered.
[2026-08-11 10:47:58] [INFO] [ARGUS_AI:plugin_manager.py:34] - Registered Pluggable Module: [home] 'Home Dashboard' (Order: 1)
[2026-08-11 10:47:58] [WARNING] [ARGUS_AI:plugin_manager.py:30] - Module 'file_loader' is being re-registered.
[2026-08-11 10:47:58] [INFO] [ARGUS_AI:plugin_manager.py:34] - Registered Pluggable Module: [file_loader] 'Universal File Loader' (Order: 10)
[2026-08-11 10:47:58] [WARNING] [ARGUS_AI:plugin_manager.py:30] - Module 'db_connectors' is being re-registered.
[2026-08-11 10:47:58] [INFO] [ARGUS_AI:plugin_manager.py:34] - Registered Pluggable Module: [db_connectors] 'Database Connectors' (Order: 20)
[2026-08-11 10:47:58] [WARNING] [ARGUS_AI:plugin_manager.py:30] - Module 'ocr_engine' is being re-registered.
[2026-08-11 10:47:58] [INFO] [ARGUS_AI:plugin_manager.py:34] - Registered Pluggable Module: [ocr_engine] 'OCR & Document Extractor' (Order: 30)
[2026-08-11 10:47:58] [WARNING] [ARGUS_AI:plugin_manager.py:30] - Module 'data_cleaning' is being re-registered.
[2026-08-11 10:47:58] [INFO] [ARGUS_AI:plugin_manager.py:34] - Registered Pluggable Module: [data_cleaning] 'Data Cleaning Engine' (Order: 40)
[2026-08-11 10:47:58] [WARNING] [ARGUS_AI:plugin_manager.py:30] - Module 'data_profiling' is being re-registered.
[2026-08-11 10:47:58] [INFO] [ARGUS_AI:plugin_manager.py:34] - Registered Pluggable Module: [data_profiling] 'Data Profiling Engine' (Order: 50)
[2026-08-11 10:47:58] [WARNING] [ARGUS_AI:plugin_manager.py:30] - Module 'analytics_engine' is being re-registered.
[2026-08-11 10:47:58] [INFO] [ARGUS_AI:plugin_manager.py:34] - Registered Pluggable Module: [analytics_engine] 'Analytics & Forecasting' (Order: 60)
[2026-08-11 10:47:58] [WARNING] [ARGUS_AI:plugin_manager.py:30] - Module 'visualization_engine' is being re-registered.
[2026-08-11 10:47:58] [INFO] [ARGUS_AI:plugin_manager.py:34] - Registered Pluggable Module: [visualization_engine] 'Visualization Engine' (Order: 70)
[2026-08-11 10:47:58] [WARNING] [ARGUS_AI:plugin_manager.py:30] - Module 'settings' is being re-registered.
[2026-08-11 10:47:58] [INFO] [ARGUS_AI:plugin_manager.py:34] - Registered Pluggable Module: [settings] 'Platform Settings' (Order: 999)
[2026-08-11 10:47:58] [INFO] [ARGUS_AI:file_service.py:46] - Ingesting file 'Inzone_-_July_2026__3_.xlsx' (830046 bytes, type 'xlsx')
[2026-08-11 10:48:12] [WARNING] [ARGUS_AI:plugin_manager.py:30] - Module 'home' is being re-registered.
[2026-08-11 10:48:12] [INFO] [ARGUS_AI:plugin_manager.py:34] - Registered Pluggable Module: [home] 'Home Dashboard' (Order: 1)
[2026-08-11 10:48:12] [WARNING] [ARGUS_AI:plugin_manager.py:30] - Module 'file_loader' is being re-registered.
[2026-08-11 10:48:12] [INFO] [ARGUS_AI:plugin_manager.py:34] - Registered Pluggable Module: [file_loader] 'Universal File Loader' (Order: 10)
[2026-08-11 10:48:12] [WARNING] [ARGUS_AI:plugin_manager.py:30] - Module 'db_connectors' is being re-registered.
[2026-08-11 10:48:12] [INFO] [ARGUS_AI:plugin_manager.py:34] - Registered Pluggable Module: [db_connectors] 'Database Connectors' (Order: 20)
[2026-08-11 10:48:12] [WARNING] [ARGUS_AI:plugin_manager.py:30] - Module 'ocr_engine' is being re-registered.
[2026-08-11 10:48:12] [INFO] [ARGUS_AI:plugin_manager.py:34] - Registered Pluggable Module: [ocr_engine] 'OCR & Document Extractor' (Order: 30)
[2026-08-11 10:48:12] [WARNING] [ARGUS_AI:plugin_manager.py:30] - Module 'data_cleaning' is being re-registered.
[2026-08-11 10:48:12] [INFO] [ARGUS_AI:plugin_manager.py:34] - Registered Pluggable Module: [data_cleaning] 'Data Cleaning Engine' (Order: 40)
[2026-08-11 10:48:12] [WARNING] [ARGUS_AI:plugin_manager.py:30] - Module 'data_profiling' is being re-registered.
[2026-08-11 10:48:12] [INFO] [ARGUS_AI:plugin_manager.py:34] - Registered Pluggable Module: [data_profiling] 'Data Profiling Engine' (Order: 50)
[2026-08-11 10:48:12] [WARNING] [ARGUS_AI:plugin_manager.py:30] - Module 'analytics_engine' is being re-registered.
[2026-08-11 10:48:12] [INFO] [ARGUS_AI:plugin_manager.py:34] - Registered Pluggable Module: [analytics_engine] 'Analytics & Forecasting' (Order: 60)
[2026-08-11 10:48:12] [WARNING] [ARGUS_AI:plugin_manager.py:30] - Module 'visualization_engine' is being re-registered.
[2026-08-11 10:48:12] [INFO] [ARGUS_AI:plugin_manager.py:34] - Registered Pluggable Module: [visualization_engine] 'Visualization Engine' (Order: 70)
[2026-08-11 10:48:12] [WARNING] [ARGUS_AI:plugin_manager.py:30] - Module 'settings' is being re-registered.
[2026-08-11 10:48:12] [INFO] [ARGUS_AI:plugin_manager.py:34] - Registered Pluggable Module: [settings] 'Platform Settings' (Order: 999)
[2026-08-11 10:48:12] [WARNING] [ARGUS_AI:plugin_manager.py:30] - Module 'home' is being re-registered.
[2026-08-11 10:48:12] [INFO] [ARGUS_AI:plugin_manager.py:34] - Registered Pluggable Module: [home] 'Home Dashboard' (Order: 1)
[2026-08-11 10:48:12] [WARNING] [ARGUS_AI:plugin_manager.py:30] - Module 'file_loader' is being re-registered.
[2026-08-11 10:48:12] [INFO] [ARGUS_AI:plugin_manager.py:34] - Registered Pluggable Module: [file_loader] 'Universal File Loader' (Order: 10)
[2026-08-11 10:48:12] [WARNING] [ARGUS_AI:plugin_manager.py:30] - Module 'db_connectors' is being re-registered.
[2026-08-11 10:48:12] [INFO] [ARGUS_AI:plugin_manager.py:34] - Registered Pluggable Module: [db_connectors] 'Database Connectors' (Order: 20)
[2026-08-11 10:48:12] [WARNING] [ARGUS_AI:plugin_manager.py:30] - Module 'ocr_engine' is being re-registered.
[2026-08-11 10:48:12] [INFO] [ARGUS_AI:plugin_manager.py:34] - Registered Pluggable Module: [ocr_engine] 'OCR & Document Extractor' (Order: 30)
[2026-08-11 10:48:12] [WARNING] [ARGUS_AI:plugin_manager.py:30] - Module 'data_cleaning' is being re-registered.
[2026-08-11 10:48:12] [INFO] [ARGUS_AI:plugin_manager.py:34] - Registered Pluggable Module: [data_cleaning] 'Data Cleaning Engine' (Order: 40)
[2026-08-11 10:48:12] [WARNING] [ARGUS_AI:plugin_manager.py:30] - Module 'data_profiling' is being re-registered.
[2026-08-11 10:48:12] [INFO] [ARGUS_AI:plugin_manager.py:34] - Registered Pluggable Module: [data_profiling] 'Data Profiling Engine' (Order: 50)
[2026-08-11 10:48:12] [WARNING] [ARGUS_AI:plugin_manager.py:30] - Module 'analytics_engine' is being re-registered.
[2026-08-11 10:48:12] [INFO] [ARGUS_AI:plugin_manager.py:34] - Registered Pluggable Module: [analytics_engine] 'Analytics & Forecasting' (Order: 60)
[2026-08-11 10:48:12] [WARNING] [ARGUS_AI:plugin_manager.py:30] - Module 'visualization_engine' is being re-registered.
[2026-08-11 10:48:12] [INFO] [ARGUS_AI:plugin_manager.py:34] - Registered Pluggable Module: [visualization_engine] 'Visualization Engine' (Order: 70)
[2026-08-11 10:48:12] [WARNING] [ARGUS_AI:plugin_manager.py:30] - Module 'settings' is being re-registered.
[2026-08-11 10:48:12] [INFO] [ARGUS_AI:plugin_manager.py:34] - Registered Pluggable Module: [settings] 'Platform Settings' (Order: 999)
[2026-08-11 10:48:15] [WARNING] [ARGUS_AI:plugin_manager.py:30] - Module 'home' is being re-registered.
[2026-08-11 10:48:15] [INFO] [ARGUS_AI:plugin_manager.py:34] - Registered Pluggable Module: [home] 'Home Dashboard' (Order: 1)
[2026-08-11 10:48:15] [WARNING] [ARGUS_AI:plugin_manager.py:30] - Module 'file_loader' is being re-registered.
[2026-08-11 10:48:15] [INFO] [ARGUS_AI:plugin_manager.py:34] - Registered Pluggable Module: [file_loader] 'Universal File Loader' (Order: 10)
[2026-08-11 10:48:15] [WARNING] [ARGUS_AI:plugin_manager.py:30] - Module 'db_connectors' is being re-registered.
[2026-08-11 10:48:15] [INFO] [ARGUS_AI:plugin_manager.py:34] - Registered Pluggable Module: [db_connectors] 'Database Connectors' (Order: 20)
[2026-08-11 10:48:15] [WARNING] [ARGUS_AI:plugin_manager.py:30] - Module 'ocr_engine' is being re-registered.
[2026-08-11 10:48:15] [INFO] [ARGUS_AI:plugin_manager.py:34] - Registered Pluggable Module: [ocr_engine] 'OCR & Document Extractor' (Order: 30)
[2026-08-11 10:48:15] [WARNING] [ARGUS_AI:plugin_manager.py:30] - Module 'data_cleaning' is being re-registered.
[2026-08-11 10:48:15] [INFO] [ARGUS_AI:plugin_manager.py:34] - Registered Pluggable Module: [data_cleaning] 'Data Cleaning Engine' (Order: 40)
[2026-08-11 10:48:15] [WARNING] [ARGUS_AI:plugin_manager.py:30] - Module 'data_profiling' is being re-registered.
[2026-08-11 10:48:15] [INFO] [ARGUS_AI:plugin_manager.py:34] - Registered Pluggable Module: [data_profiling] 'Data Profiling Engine' (Order: 50)
[2026-08-11 10:48:15] [WARNING] [ARGUS_AI:plugin_manager.py:30] - Module 'analytics_engine' is being re-registered.
[2026-08-11 10:48:15] [INFO] [ARGUS_AI:plugin_manager.py:34] - Registered Pluggable Module: [analytics_engine] 'Analytics & Forecasting' (Order: 60)
[2026-08-11 10:48:15] [WARNING] [ARGUS_AI:plugin_manager.py:30] - Module 'visualization_engine' is being re-registered.
[2026-08-11 10:48:15] [INFO] [ARGUS_AI:plugin_manager.py:34] - Registered Pluggable Module: [visualization_engine] 'Visualization Engine' (Order: 70)
[2026-08-11 10:48:15] [WARNING] [ARGUS_AI:plugin_manager.py:30] - Module 'settings' is being re-registered.
[2026-08-11 10:48:15] [INFO] [ARGUS_AI:plugin_manager.py:34] - Registered Pluggable Module: [settings] 'Platform Settings' (Order: 999)
[2026-08-11 10:48:15] [WARNING] [ARGUS_AI:plugin_manager.py:30] - Module 'home' is being re-registered.
[2026-08-11 10:48:15] [INFO] [ARGUS_AI:plugin_manager.py:34] - Registered Pluggable Module: [home] 'Home Dashboard' (Order: 1)
[2026-08-11 10:48:15] [WARNING] [ARGUS_AI:plugin_manager.py:30] - Module 'file_loader' is being re-registered.
[2026-08-11 10:48:15] [INFO] [ARGUS_AI:plugin_manager.py:34] - Registered Pluggable Module: [file_loader] 'Universal File Loader' (Order: 10)
[2026-08-11 10:48:15] [WARNING] [ARGUS_AI:plugin_manager.py:30] - Module 'db_connectors' is being re-registered.
[2026-08-11 10:48:15] [INFO] [ARGUS_AI:plugin_manager.py:34] - Registered Pluggable Module: [db_connectors] 'Database Connectors' (Order: 20)
[2026-08-11 10:48:15] [WARNING] [ARGUS_AI:plugin_manager.py:30] - Module 'ocr_engine' is being re-registered.
[2026-08-11 10:48:15] [INFO] [ARGUS_AI:plugin_manager.py:34] - Registered Pluggable Module: [ocr_engine] 'OCR & Document Extractor' (Order: 30)
[2026-08-11 10:48:15] [WARNING] [ARGUS_AI:plugin_manager.py:30] - Module 'data_cleaning' is being re-registered.
[2026-08-11 10:48:15] [INFO] [ARGUS_AI:plugin_manager.py:34] - Registered Pluggable Module: [data_cleaning] 'Data Cleaning Engine' (Order: 40)
[2026-08-11 10:48:15] [WARNING] [ARGUS_AI:plugin_manager.py:30] - Module 'data_profiling' is being re-registered.
[2026-08-11 10:48:15] [INFO] [ARGUS_AI:plugin_manager.py:34] - Registered Pluggable Module: [data_profiling] 'Data Profiling Engine' (Order: 50)
[2026-08-11 10:48:15] [WARNING] [ARGUS_AI:plugin_manager.py:30] - Module 'analytics_engine' is being re-registered.
[2026-08-11 10:48:15] [INFO] [ARGUS_AI:plugin_manager.py:34] - Registered Pluggable Module: [analytics_engine] 'Analytics & Forecasting' (Order: 60)
[2026-08-11 10:48:15] [WARNING] [ARGUS_AI:plugin_manager.py:30] - Module 'visualization_engine' is being re-registered.
[2026-08-11 10:48:15] [INFO] [ARGUS_AI:plugin_manager.py:34] - Registered Pluggable Module: [visualization_engine] 'Visualization Engine' (Order: 70)
[2026-08-11 10:48:15] [WARNING] [ARGUS_AI:plugin_manager.py:30] - Module 'settings' is being re-registered.
[2026-08-11 10:48:15] [INFO] [ARGUS_AI:plugin_manager.py:34] - Registered Pluggable Module: [settings] 'Platform Settings' (Order: 999)
[2026-08-11 10:52:22] [WARNING] [ARGUS_AI:plugin_manager.py:30] - Module 'home' is being re-registered.
[2026-08-11 10:52:22] [INFO] [ARGUS_AI:plugin_manager.py:34] - Registered Pluggable Module: [home] 'Home Dashboard' (Order: 1)
[2026-08-11 10:52:22] [WARNING] [ARGUS_AI:plugin_manager.py:30] - Module 'file_loader' is being re-registered.
[2026-08-11 10:52:22] [INFO] [ARGUS_AI:plugin_manager.py:34] - Registered Pluggable Module: [file_loader] 'Universal File Loader' (Order: 10)
[2026-08-11 10:52:22] [WARNING] [ARGUS_AI:plugin_manager.py:30] - Module 'db_connectors' is being re-registered.
[2026-08-11 10:52:22] [INFO] [ARGUS_AI:plugin_manager.py:34] - Registered Pluggable Module: [db_connectors] 'Database Connectors' (Order: 20)
[2026-08-11 10:52:22] [WARNING] [ARGUS_AI:plugin_manager.py:30] - Module 'ocr_engine' is being re-registered.
[2026-08-11 10:52:22] [INFO] [ARGUS_AI:plugin_manager.py:34] - Registered Pluggable Module: [ocr_engine] 'OCR & Document Extractor' (Order: 30)
[2026-08-11 10:52:22] [WARNING] [ARGUS_AI:plugin_manager.py:30] - Module 'data_cleaning' is being re-registered.
[2026-08-11 10:52:22] [INFO] [ARGUS_AI:plugin_manager.py:34] - Registered Pluggable Module: [data_cleaning] 'Data Cleaning Engine' (Order: 40)
[2026-08-11 10:52:22] [WARNING] [ARGUS_AI:plugin_manager.py:30] - Module 'data_profiling' is being re-registered.
[2026-08-11 10:52:22] [INFO] [ARGUS_AI:plugin_manager.py:34] - Registered Pluggable Module: [data_profiling] 'Data Profiling Engine' (Order: 50)
[2026-08-11 10:52:22] [WARNING] [ARGUS_AI:plugin_manager.py:30] - Module 'analytics_engine' is being re-registered.
[2026-08-11 10:52:22] [INFO] [ARGUS_AI:plugin_manager.py:34] - Registered Pluggable Module: [analytics_engine] 'Analytics & Forecasting' (Order: 60)
[2026-08-11 10:52:22] [WARNING] [ARGUS_AI:plugin_manager.py:30] - Module 'visualization_engine' is being re-registered.
[2026-08-11 10:52:22] [INFO] [ARGUS_AI:plugin_manager.py:34] - Registered Pluggable Module: [visualization_engine] 'Visualization Engine' (Order: 70)
[2026-08-11 10:52:22] [WARNING] [ARGUS_AI:plugin_manager.py:30] - Module 'settings' is being re-registered.
[2026-08-11 10:52:22] [INFO] [ARGUS_AI:plugin_manager.py:34] - Registered Pluggable Module: [settings] 'Platform Settings' (Order: 999)
[2026-08-11 10:52:25] [WARNING] [ARGUS_AI:plugin_manager.py:30] - Module 'home' is being re-registered.
[2026-08-11 10:52:25] [INFO] [ARGUS_AI:plugin_manager.py:34] - Registered Pluggable Module: [home] 'Home Dashboard' (Order: 1)
[2026-08-11 10:52:25] [WARNING] [ARGUS_AI:plugin_manager.py:30] - Module 'file_loader' is being re-registered.
[2026-08-11 10:52:25] [INFO] [ARGUS_AI:plugin_manager.py:34] - Registered Pluggable Module: [file_loader] 'Universal File Loader' (Order: 10)
[2026-08-11 10:52:25] [WARNING] [ARGUS_AI:plugin_manager.py:30] - Module 'db_connectors' is being re-registered.
[2026-08-11 10:52:25] [INFO] [ARGUS_AI:plugin_manager.py:34] - Registered Pluggable Module: [db_connectors] 'Database Connectors' (Order: 20)
[2026-08-11 10:52:25] [WARNING] [ARGUS_AI:plugin_manager.py:30] - Module 'ocr_engine' is being re-registered.
[2026-08-11 10:52:25] [INFO] [ARGUS_AI:plugin_manager.py:34] - Registered Pluggable Module: [ocr_engine] 'OCR & Document Extractor' (Order: 30)
[2026-08-11 10:52:25] [WARNING] [ARGUS_AI:plugin_manager.py:30] - Module 'data_cleaning' is being re-registered.
[2026-08-11 10:52:25] [INFO] [ARGUS_AI:plugin_manager.py:34] - Registered Pluggable Module: [data_cleaning] 'Data Cleaning Engine' (Order: 40)
[2026-08-11 10:52:25] [WARNING] [ARGUS_AI:plugin_manager.py:30] - Module 'data_profiling' is being re-registered.
[2026-08-11 10:52:25] [INFO] [ARGUS_AI:plugin_manager.py:34] - Registered Pluggable Module: [data_profiling] 'Data Profiling Engine' (Order: 50)
[2026-08-11 10:52:25] [WARNING] [ARGUS_AI:plugin_manager.py:30] - Module 'analytics_engine' is being re-registered.
[2026-08-11 10:52:25] [INFO] [ARGUS_AI:plugin_manager.py:34] - Registered Pluggable Module: [analytics_engine] 'Analytics & Forecasting' (Order: 60)
[2026-08-11 10:52:25] [WARNING] [ARGUS_AI:plugin_manager.py:30] - Module 'visualization_engine' is being re-registered.
[2026-08-11 10:52:25] [INFO] [ARGUS_AI:plugin_manager.py:34] - Registered Pluggable Module: [visualization_engine] 'Visualization Engine' (Order: 70)
[2026-08-11 10:52:25] [WARNING] [ARGUS_AI:plugin_manager.py:30] - Module 'settings' is being re-registered.
[2026-08-11 10:52:25] [INFO] [ARGUS_AI:plugin_manager.py:34] - Registered Pluggable Module: [settings] 'Platform Settings' (Order: 999)
[2026-08-11 10:52:25] [WARNING] [ARGUS_AI:plugin_manager.py:30] - Module 'home' is being re-registered.
[2026-08-11 10:52:25] [INFO] [ARGUS_AI:plugin_manager.py:34] - Registered Pluggable Module: [home] 'Home Dashboard' (Order: 1)
[2026-08-11 10:52:25] [WARNING] [ARGUS_AI:plugin_manager.py:30] - Module 'file_loader' is being re-registered.
[2026-08-11 10:52:25] [INFO] [ARGUS_AI:plugin_manager.py:34] - Registered Pluggable Module: [file_loader] 'Universal File Loader' (Order: 10)
[2026-08-11 10:52:25] [WARNING] [ARGUS_AI:plugin_manager.py:30] - Module 'db_connectors' is being re-registered.
[2026-08-11 10:52:25] [INFO] [ARGUS_AI:plugin_manager.py:34] - Registered Pluggable Module: [db_connectors] 'Database Connectors' (Order: 20)
[2026-08-11 10:52:25] [WARNING] [ARGUS_AI:plugin_manager.py:30] - Module 'ocr_engine' is being re-registered.
[2026-08-11 10:52:25] [INFO] [ARGUS_AI:plugin_manager.py:34] - Registered Pluggable Module: [ocr_engine] 'OCR & Document Extractor' (Order: 30)
[2026-08-11 10:52:25] [WARNING] [ARGUS_AI:plugin_manager.py:30] - Module 'data_cleaning' is being re-registered.
[2026-08-11 10:52:25] [INFO] [ARGUS_AI:plugin_manager.py:34] - Registered Pluggable Module: [data_cleaning] 'Data Cleaning Engine' (Order: 40)
[2026-08-11 10:52:25] [WARNING] [ARGUS_AI:plugin_manager.py:30] - Module 'data_profiling' is being re-registered.
[2026-08-11 10:52:25] [INFO] [ARGUS_AI:plugin_manager.py:34] - Registered Pluggable Module: [data_profiling] 'Data Profiling Engine' (Order: 50)
[2026-08-11 10:52:25] [WARNING] [ARGUS_AI:plugin_manager.py:30] - Module 'analytics_engine' is being re-registered.
[2026-08-11 10:52:25] [INFO] [ARGUS_AI:plugin_manager.py:34] - Registered Pluggable Module: [analytics_engine] 'Analytics & Forecasting' (Order: 60)
[2026-08-11 10:52:25] [WARNING] [ARGUS_AI:plugin_manager.py:30] - Module 'visualization_engine' is being re-registered.
[2026-08-11 10:52:25] [INFO] [ARGUS_AI:plugin_manager.py:34] - Registered Pluggable Module: [visualization_engine] 'Visualization Engine' (Order: 70)
[2026-08-11 10:52:25] [WARNING] [ARGUS_AI:plugin_manager.py:30] - Module 'settings' is being re-registered.
[2026-08-11 10:52:25] [INFO] [ARGUS_AI:plugin_manager.py:34] - Registered Pluggable Module: [settings] 'Platform Settings' (Order: 999)
[2026-08-11 10:52:29] [WARNING] [ARGUS_AI:plugin_manager.py:30] - Module 'home' is being re-registered.
[2026-08-11 10:52:29] [INFO] [ARGUS_AI:plugin_manager.py:34] - Registered Pluggable Module: [home] 'Home Dashboard' (Order: 1)
[2026-08-11 10:52:29] [WARNING] [ARGUS_AI:plugin_manager.py:30] - Module 'file_loader' is being re-registered.
[2026-08-11 10:52:29] [INFO] [ARGUS_AI:plugin_manager.py:34] - Registered Pluggable Module: [file_loader] 'Universal File Loader' (Order: 10)
[2026-08-11 10:52:29] [WARNING] [ARGUS_AI:plugin_manager.py:30] - Module 'db_connectors' is being re-registered.
[2026-08-11 10:52:29] [INFO] [ARGUS_AI:plugin_manager.py:34] - Registered Pluggable Module: [db_connectors] 'Database Connectors' (Order: 20)
[2026-08-11 10:52:29] [WARNING] [ARGUS_AI:plugin_manager.py:30] - Module 'ocr_engine' is being re-registered.
[2026-08-11 10:52:29] [INFO] [ARGUS_AI:plugin_manager.py:34] - Registered Pluggable Module: [ocr_engine] 'OCR & Document Extractor' (Order: 30)
[2026-08-11 10:52:29] [WARNING] [ARGUS_AI:plugin_manager.py:30] - Module 'data_cleaning' is being re-registered.
[2026-08-11 10:52:29] [INFO] [ARGUS_AI:plugin_manager.py:34] - Registered Pluggable Module: [data_cleaning] 'Data Cleaning Engine' (Order: 40)
[2026-08-11 10:52:29] [WARNING] [ARGUS_AI:plugin_manager.py:30] - Module 'data_profiling' is being re-registered.
[2026-08-11 10:52:29] [INFO] [ARGUS_AI:plugin_manager.py:34] - Registered Pluggable Module: [data_profiling] 'Data Profiling Engine' (Order: 50)
[2026-08-11 10:52:29] [WARNING] [ARGUS_AI:plugin_manager.py:30] - Module 'analytics_engine' is being re-registered.
[2026-08-11 10:52:29] [INFO] [ARGUS_AI:plugin_manager.py:34] - Registered Pluggable Module: [analytics_engine] 'Analytics & Forecasting' (Order: 60)
[2026-08-11 10:52:29] [WARNING] [ARGUS_AI:plugin_manager.py:30] - Module 'visualization_engine' is being re-registered.
[2026-08-11 10:52:29] [INFO] [ARGUS_AI:plugin_manager.py:34] - Registered Pluggable Module: [visualization_engine] 'Visualization Engine' (Order: 70)
[2026-08-11 10:52:29] [WARNING] [ARGUS_AI:plugin_manager.py:30] - Module 'settings' is being re-registered.
[2026-08-11 10:52:29] [INFO] [ARGUS_AI:plugin_manager.py:34] - Registered Pluggable Module: [settings] 'Platform Settings' (Order: 999)
[2026-08-11 10:52:32] [WARNING] [ARGUS_AI:plugin_manager.py:30] - Module 'home' is being re-registered.
[2026-08-11 10:52:32] [INFO] [ARGUS_AI:plugin_manager.py:34] - Registered Pluggable Module: [home] 'Home Dashboard' (Order: 1)
[2026-08-11 10:52:32] [WARNING] [ARGUS_AI:plugin_manager.py:30] - Module 'file_loader' is being re-registered.
[2026-08-11 10:52:32] [INFO] [ARGUS_AI:plugin_manager.py:34] - Registered Pluggable Module: [file_loader] 'Universal File Loader' (Order: 10)
[2026-08-11 10:52:32] [WARNING] [ARGUS_AI:plugin_manager.py:30] - Module 'db_connectors' is being re-registered.
[2026-08-11 10:52:32] [INFO] [ARGUS_AI:plugin_manager.py:34] - Registered Pluggable Module: [db_connectors] 'Database Connectors' (Order: 20)
[2026-08-11 10:52:32] [WARNING] [ARGUS_AI:plugin_manager.py:30] - Module 'ocr_engine' is being re-registered.
[2026-08-11 10:52:32] [INFO] [ARGUS_AI:plugin_manager.py:34] - Registered Pluggable Module: [ocr_engine] 'OCR & Document Extractor' (Order: 30)
[2026-08-11 10:52:32] [WARNING] [ARGUS_AI:plugin_manager.py:30] - Module 'data_cleaning' is being re-registered.
[2026-08-11 10:52:32] [INFO] [ARGUS_AI:plugin_manager.py:34] - Registered Pluggable Module: [data_cleaning] 'Data Cleaning Engine' (Order: 40)
[2026-08-11 10:52:32] [WARNING] [ARGUS_AI:plugin_manager.py:30] - Module 'data_profiling' is being re-registered.
[2026-08-11 10:52:32] [INFO] [ARGUS_AI:plugin_manager.py:34] - Registered Pluggable Module: [data_profiling] 'Data Profiling Engine' (Order: 50)
[2026-08-11 10:52:32] [WARNING] [ARGUS_AI:plugin_manager.py:30] - Module 'analytics_engine' is being re-registered.
[2026-08-11 10:52:32] [INFO] [ARGUS_AI:plugin_manager.py:34] - Registered Pluggable Module: [analytics_engine] 'Analytics & Forecasting' (Order: 60)
[2026-08-11 10:52:32] [WARNING] [ARGUS_AI:plugin_manager.py:30] - Module 'visualization_engine' is being re-registered.
[2026-08-11 10:52:32] [INFO] [ARGUS_AI:plugin_manager.py:34] - Registered Pluggable Module: [visualization_engine] 'Visualization Engine' (Order: 70)
[2026-08-11 10:52:32] [WARNING] [ARGUS_AI:plugin_manager.py:30] - Module 'settings' is being re-registered.
[2026-08-11 10:52:32] [INFO] [ARGUS_AI:plugin_manager.py:34] - Registered Pluggable Module: [settings] 'Platform Settings' (Order: 999)
[2026-08-11 10:52:32] [INFO] [ARGUS_AI:file_service.py:46] - Ingesting file 'Inzone_-_July_2026__3_.xlsx' (830046 bytes, type 'xlsx')
[2026-08-11 10:52:35] [WARNING] [ARGUS_AI:plugin_manager.py:30] - Module 'home' is being re-registered.
[2026-08-11 10:52:35] [INFO] [ARGUS_AI:plugin_manager.py:34] - Registered Pluggable Module: [home] 'Home Dashboard' (Order: 1)
[2026-08-11 10:52:35] [WARNING] [ARGUS_AI:plugin_manager.py:30] - Module 'file_loader' is being re-registered.
[2026-08-11 10:52:35] [INFO] [ARGUS_AI:plugin_manager.py:34] - Registered Pluggable Module: [file_loader] 'Universal File Loader' (Order: 10)
[2026-08-11 10:52:35] [WARNING] [ARGUS_AI:plugin_manager.py:30] - Module 'db_connectors' is being re-registered.
[2026-08-11 10:52:35] [INFO] [ARGUS_AI:plugin_manager.py:34] - Registered Pluggable Module: [db_connectors] 'Database Connectors' (Order: 20)
[2026-08-11 10:52:35] [WARNING] [ARGUS_AI:plugin_manager.py:30] - Module 'ocr_engine' is being re-registered.
[2026-08-11 10:52:35] [INFO] [ARGUS_AI:plugin_manager.py:34] - Registered Pluggable Module: [ocr_engine] 'OCR & Document Extractor' (Order: 30)
[2026-08-11 10:52:35] [WARNING] [ARGUS_AI:plugin_manager.py:30] - Module 'data_cleaning' is being re-registered.
[2026-08-11 10:52:35] [INFO] [ARGUS_AI:plugin_manager.py:34] - Registered Pluggable Module: [data_cleaning] 'Data Cleaning Engine' (Order: 40)
[2026-08-11 10:52:35] [WARNING] [ARGUS_AI:plugin_manager.py:30] - Module 'data_profiling' is being re-registered.
[2026-08-11 10:52:35] [INFO] [ARGUS_AI:plugin_manager.py:34] - Registered Pluggable Module: [data_profiling] 'Data Profiling Engine' (Order: 50)
[2026-08-11 10:52:35] [WARNING] [ARGUS_AI:plugin_manager.py:30] - Module 'analytics_engine' is being re-registered.
[2026-08-11 10:52:35] [INFO] [ARGUS_AI:plugin_manager.py:34] - Registered Pluggable Module: [analytics_engine] 'Analytics & Forecasting' (Order: 60)
[2026-08-11 10:52:35] [WARNING] [ARGUS_AI:plugin_manager.py:30] - Module 'visualization_engine' is being re-registered.
[2026-08-11 10:52:35] [INFO] [ARGUS_AI:plugin_manager.py:34] - Registered Pluggable Module: [visualization_engine] 'Visualization Engine' (Order: 70)
[2026-08-11 10:52:35] [WARNING] [ARGUS_AI:plugin_manager.py:30] - Module 'settings' is being re-registered.
[2026-08-11 10:52:35] [INFO] [ARGUS_AI:plugin_manager.py:34] - Registered Pluggable Module: [settings] 'Platform Settings' (Order: 999)
[2026-08-11 10:52:35] [WARNING] [ARGUS_AI:plugin_manager.py:30] - Module 'home' is being re-registered.
[2026-08-11 10:52:35] [INFO] [ARGUS_AI:plugin_manager.py:34] - Registered Pluggable Module: [home] 'Home Dashboard' (Order: 1)
[2026-08-11 10:52:35] [WARNING] [ARGUS_AI:plugin_manager.py:30] - Module 'file_loader' is being re-registered.
[2026-08-11 10:52:35] [INFO] [ARGUS_AI:plugin_manager.py:34] - Registered Pluggable Module: [file_loader] 'Universal File Loader' (Order: 10)
[2026-08-11 10:52:35] [WARNING] [ARGUS_AI:plugin_manager.py:30] - Module 'db_connectors' is being re-registered.
[2026-08-11 10:52:35] [INFO] [ARGUS_AI:plugin_manager.py:34] - Registered Pluggable Module: [db_connectors] 'Database Connectors' (Order: 20)
[2026-08-11 10:52:35] [WARNING] [ARGUS_AI:plugin_manager.py:30] - Module 'ocr_engine' is being re-registered.
[2026-08-11 10:52:35] [INFO] [ARGUS_AI:plugin_manager.py:34] - Registered Pluggable Module: [ocr_engine] 'OCR & Document Extractor' (Order: 30)
[2026-08-11 10:52:35] [WARNING] [ARGUS_AI:plugin_manager.py:30] - Module 'data_cleaning' is being re-registered.
[2026-08-11 10:52:35] [INFO] [ARGUS_AI:plugin_manager.py:34] - Registered Pluggable Module: [data_cleaning] 'Data Cleaning Engine' (Order: 40)
[2026-08-11 10:52:35] [WARNING] [ARGUS_AI:plugin_manager.py:30] - Module 'data_profiling' is being re-registered.
[2026-08-11 10:52:35] [INFO] [ARGUS_AI:plugin_manager.py:34] - Registered Pluggable Module: [data_profiling] 'Data Profiling Engine' (Order: 50)
[2026-08-11 10:52:35] [WARNING] [ARGUS_AI:plugin_manager.py:30] - Module 'analytics_engine' is being re-registered.
[2026-08-11 10:52:35] [INFO] [ARGUS_AI:plugin_manager.py:34] - Registered Pluggable Module: [analytics_engine] 'Analytics & Forecasting' (Order: 60)
[2026-08-11 10:52:35] [WARNING] [ARGUS_AI:plugin_manager.py:30] - Module 'visualization_engine' is being re-registered.
[2026-08-11 10:52:35] [INFO] [ARGUS_AI:plugin_manager.py:34] - Registered Pluggable Module: [visualization_engine] 'Visualization Engine' (Order: 70)
[2026-08-11 10:52:35] [WARNING] [ARGUS_AI:plugin_manager.py:30] - Module 'settings' is being re-registered.
[2026-08-11 10:52:35] [INFO] [ARGUS_AI:plugin_manager.py:34] - Registered Pluggable Module: [settings] 'Platform Settings' (Order: 999)
[2026-08-11 10:55:42] [INFO] [ARGUS_AI:logger.py:88] - ARGUS AI Logger initialized successfully.
[2026-08-11 10:55:45] [INFO] [ARGUS_AI:database.py:44] - Initializing Database Engine targeting: sqlite:///C:\Users\VAISHNAVI\.gemini\antigravity\scratch\argus_ai\data\argus_enterprise.db
[2026-08-11 10:55:45] [INFO] [ARGUS_AI:database.py:59] - Database Manager initialized and tables created.
[2026-08-11 10:55:46] [INFO] [ARGUS_AI:plugin_manager.py:34] - Registered Pluggable Module: [home] 'Home Dashboard' (Order: 1)
[2026-08-11 10:55:46] [INFO] [ARGUS_AI:plugin_manager.py:34] - Registered Pluggable Module: [file_loader] 'Universal File Loader' (Order: 10)
[2026-08-11 10:55:46] [INFO] [ARGUS_AI:plugin_manager.py:34] - Registered Pluggable Module: [db_connectors] 'Database Connectors' (Order: 20)
[2026-08-11 10:55:46] [INFO] [ARGUS_AI:plugin_manager.py:34] - Registered Pluggable Module: [ocr_engine] 'OCR & Document Extractor' (Order: 30)
[2026-08-11 10:55:46] [INFO] [ARGUS_AI:plugin_manager.py:34] - Registered Pluggable Module: [data_cleaning] 'Data Cleaning Engine' (Order: 40)
[2026-08-11 10:55:46] [INFO] [ARGUS_AI:plugin_manager.py:34] - Registered Pluggable Module: [data_profiling] 'Data Profiling Engine' (Order: 50)
[2026-08-11 10:55:46] [INFO] [ARGUS_AI:plugin_manager.py:34] - Registered Pluggable Module: [analytics_engine] 'Analytics & Forecasting' (Order: 60)
[2026-08-11 10:55:46] [INFO] [ARGUS_AI:plugin_manager.py:34] - Registered Pluggable Module: [visualization_engine] 'Visualization Engine' (Order: 70)
[2026-08-11 10:55:46] [INFO] [ARGUS_AI:plugin_manager.py:34] - Registered Pluggable Module: [settings] 'Platform Settings' (Order: 999)
[2026-08-11 10:56:41] [WARNING] [ARGUS_AI:plugin_manager.py:30] - Module 'home' is being re-registered.
[2026-08-11 10:56:41] [INFO] [ARGUS_AI:plugin_manager.py:34] - Registered Pluggable Module: [home] 'Home Dashboard' (Order: 1)
[2026-08-11 10:56:41] [WARNING] [ARGUS_AI:plugin_manager.py:30] - Module 'file_loader' is being re-registered.
[2026-08-11 10:56:41] [INFO] [ARGUS_AI:plugin_manager.py:34] - Registered Pluggable Module: [file_loader] 'Universal File Loader' (Order: 10)
[2026-08-11 10:56:41] [WARNING] [ARGUS_AI:plugin_manager.py:30] - Module 'db_connectors' is being re-registered.
[2026-08-11 10:56:41] [INFO] [ARGUS_AI:plugin_manager.py:34] - Registered Pluggable Module: [db_connectors] 'Database Connectors' (Order: 20)
[2026-08-11 10:56:41] [WARNING] [ARGUS_AI:plugin_manager.py:30] - Module 'ocr_engine' is being re-registered.
[2026-08-11 10:56:41] [INFO] [ARGUS_AI:plugin_manager.py:34] - Registered Pluggable Module: [ocr_engine] 'OCR & Document Extractor' (Order: 30)
[2026-08-11 10:56:41] [WARNING] [ARGUS_AI:plugin_manager.py:30] - Module 'data_cleaning' is being re-registered.
[2026-08-11 10:56:41] [INFO] [ARGUS_AI:plugin_manager.py:34] - Registered Pluggable Module: [data_cleaning] 'Data Cleaning Engine' (Order: 40)
[2026-08-11 10:56:41] [WARNING] [ARGUS_AI:plugin_manager.py:30] - Module 'data_profiling' is being re-registered.
[2026-08-11 10:56:41] [INFO] [ARGUS_AI:plugin_manager.py:34] - Registered Pluggable Module: [data_profiling] 'Data Profiling Engine' (Order: 50)
[2026-08-11 10:56:41] [WARNING] [ARGUS_AI:plugin_manager.py:30] - Module 'analytics_engine' is being re-registered.
[2026-08-11 10:56:41] [INFO] [ARGUS_AI:plugin_manager.py:34] - Registered Pluggable Module: [analytics_engine] 'Analytics & Forecasting' (Order: 60)
[2026-08-11 10:56:41] [WARNING] [ARGUS_AI:plugin_manager.py:30] - Module 'visualization_engine' is being re-registered.
[2026-08-11 10:56:41] [INFO] [ARGUS_AI:plugin_manager.py:34] - Registered Pluggable Module: [visualization_engine] 'Visualization Engine' (Order: 70)
[2026-08-11 10:56:41] [WARNING] [ARGUS_AI:plugin_manager.py:30] - Module 'settings' is being re-registered.
[2026-08-11 10:56:41] [INFO] [ARGUS_AI:plugin_manager.py:34] - Registered Pluggable Module: [settings] 'Platform Settings' (Order: 999)
[2026-08-11 10:56:41] [WARNING] [ARGUS_AI:plugin_manager.py:30] - Module 'home' is being re-registered.
[2026-08-11 10:56:41] [INFO] [ARGUS_AI:plugin_manager.py:34] - Registered Pluggable Module: [home] 'Home Dashboard' (Order: 1)
[2026-08-11 10:56:41] [WARNING] [ARGUS_AI:plugin_manager.py:30] - Module 'file_loader' is being re-registered.
[2026-08-11 10:56:41] [INFO] [ARGUS_AI:plugin_manager.py:34] - Registered Pluggable Module: [file_loader] 'Universal File Loader' (Order: 10)
[2026-08-11 10:56:41] [WARNING] [ARGUS_AI:plugin_manager.py:30] - Module 'db_connectors' is being re-registered.
[2026-08-11 10:56:41] [INFO] [ARGUS_AI:plugin_manager.py:34] - Registered Pluggable Module: [db_connectors] 'Database Connectors' (Order: 20)
[2026-08-11 10:56:41] [WARNING] [ARGUS_AI:plugin_manager.py:30] - Module 'ocr_engine' is being re-registered.
[2026-08-11 10:56:41] [INFO] [ARGUS_AI:plugin_manager.py:34] - Registered Pluggable Module: [ocr_engine] 'OCR & Document Extractor' (Order: 30)
[2026-08-11 10:56:41] [WARNING] [ARGUS_AI:plugin_manager.py:30] - Module 'data_cleaning' is being re-registered.
[2026-08-11 10:56:41] [INFO] [ARGUS_AI:plugin_manager.py:34] - Registered Pluggable Module: [data_cleaning] 'Data Cleaning Engine' (Order: 40)
[2026-08-11 10:56:41] [WARNING] [ARGUS_AI:plugin_manager.py:30] - Module 'data_profiling' is being re-registered.
[2026-08-11 10:56:41] [INFO] [ARGUS_AI:plugin_manager.py:34] - Registered Pluggable Module: [data_profiling] 'Data Profiling Engine' (Order: 50)
[2026-08-11 10:56:41] [WARNING] [ARGUS_AI:plugin_manager.py:30] - Module 'analytics_engine' is being re-registered.
[2026-08-11 10:56:41] [INFO] [ARGUS_AI:plugin_manager.py:34] - Registered Pluggable Module: [analytics_engine] 'Analytics & Forecasting' (Order: 60)
[2026-08-11 10:56:41] [WARNING] [ARGUS_AI:plugin_manager.py:30] - Module 'visualization_engine' is being re-registered.
[2026-08-11 10:56:41] [INFO] [ARGUS_AI:plugin_manager.py:34] - Registered Pluggable Module: [visualization_engine] 'Visualization Engine' (Order: 70)
[2026-08-11 10:56:41] [WARNING] [ARGUS_AI:plugin_manager.py:30] - Module 'settings' is being re-registered.
[2026-08-11 10:56:41] [INFO] [ARGUS_AI:plugin_manager.py:34] - Registered Pluggable Module: [settings] 'Platform Settings' (Order: 999)
[2026-08-11 10:56:44] [WARNING] [ARGUS_AI:plugin_manager.py:30] - Module 'home' is being re-registered.
[2026-08-11 10:56:44] [INFO] [ARGUS_AI:plugin_manager.py:34] - Registered Pluggable Module: [home] 'Home Dashboard' (Order: 1)
[2026-08-11 10:56:44] [WARNING] [ARGUS_AI:plugin_manager.py:30] - Module 'file_loader' is being re-registered.
[2026-08-11 10:56:44] [INFO] [ARGUS_AI:plugin_manager.py:34] - Registered Pluggable Module: [file_loader] 'Universal File Loader' (Order: 10)
[2026-08-11 10:56:44] [WARNING] [ARGUS_AI:plugin_manager.py:30] - Module 'db_connectors' is being re-registered.
[2026-08-11 10:56:44] [INFO] [ARGUS_AI:plugin_manager.py:34] - Registered Pluggable Module: [db_connectors] 'Database Connectors' (Order: 20)
[2026-08-11 10:56:44] [WARNING] [ARGUS_AI:plugin_manager.py:30] - Module 'ocr_engine' is being re-registered.
[2026-08-11 10:56:44] [INFO] [ARGUS_AI:plugin_manager.py:34] - Registered Pluggable Module: [ocr_engine] 'OCR & Document Extractor' (Order: 30)
[2026-08-11 10:56:44] [WARNING] [ARGUS_AI:plugin_manager.py:30] - Module 'data_cleaning' is being re-registered.
[2026-08-11 10:56:44] [INFO] [ARGUS_AI:plugin_manager.py:34] - Registered Pluggable Module: [data_cleaning] 'Data Cleaning Engine' (Order: 40)
[2026-08-11 10:56:44] [WARNING] [ARGUS_AI:plugin_manager.py:30] - Module 'data_profiling' is being re-registered.
[2026-08-11 10:56:44] [INFO] [ARGUS_AI:plugin_manager.py:34] - Registered Pluggable Module: [data_profiling] 'Data Profiling Engine' (Order: 50)
[2026-08-11 10:56:44] [WARNING] [ARGUS_AI:plugin_manager.py:30] - Module 'analytics_engine' is being re-registered.
[2026-08-11 10:56:44] [INFO] [ARGUS_AI:plugin_manager.py:34] - Registered Pluggable Module: [analytics_engine] 'Analytics & Forecasting' (Order: 60)
[2026-08-11 10:56:44] [WARNING] [ARGUS_AI:plugin_manager.py:30] - Module 'visualization_engine' is being re-registered.
[2026-08-11 10:56:44] [INFO] [ARGUS_AI:plugin_manager.py:34] - Registered Pluggable Module: [visualization_engine] 'Visualization Engine' (Order: 70)
[2026-08-11 10:56:44] [WARNING] [ARGUS_AI:plugin_manager.py:30] - Module 'settings' is being re-registered.
[2026-08-11 10:56:44] [INFO] [ARGUS_AI:plugin_manager.py:34] - Registered Pluggable Module: [settings] 'Platform Settings' (Order: 999)
[2026-08-11 10:56:45] [WARNING] [ARGUS_AI:plugin_manager.py:30] - Module 'home' is being re-registered.
[2026-08-11 10:56:45] [INFO] [ARGUS_AI:plugin_manager.py:34] - Registered Pluggable Module: [home] 'Home Dashboard' (Order: 1)
[2026-08-11 10:56:45] [WARNING] [ARGUS_AI:plugin_manager.py:30] - Module 'file_loader' is being re-registered.
[2026-08-11 10:56:45] [INFO] [ARGUS_AI:plugin_manager.py:34] - Registered Pluggable Module: [file_loader] 'Universal File Loader' (Order: 10)
[2026-08-11 10:56:45] [WARNING] [ARGUS_AI:plugin_manager.py:30] - Module 'db_connectors' is being re-registered.
[2026-08-11 10:56:45] [INFO] [ARGUS_AI:plugin_manager.py:34] - Registered Pluggable Module: [db_connectors] 'Database Connectors' (Order: 20)
[2026-08-11 10:56:45] [WARNING] [ARGUS_AI:plugin_manager.py:30] - Module 'ocr_engine' is being re-registered.
[2026-08-11 10:56:45] [INFO] [ARGUS_AI:plugin_manager.py:34] - Registered Pluggable Module: [ocr_engine] 'OCR & Document Extractor' (Order: 30)
[2026-08-11 10:56:45] [WARNING] [ARGUS_AI:plugin_manager.py:30] - Module 'data_cleaning' is being re-registered.
[2026-08-11 10:56:45] [INFO] [ARGUS_AI:plugin_manager.py:34] - Registered Pluggable Module: [data_cleaning] 'Data Cleaning Engine' (Order: 40)
[2026-08-11 10:56:45] [WARNING] [ARGUS_AI:plugin_manager.py:30] - Module 'data_profiling' is being re-registered.
[2026-08-11 10:56:45] [INFO] [ARGUS_AI:plugin_manager.py:34] - Registered Pluggable Module: [data_profiling] 'Data Profiling Engine' (Order: 50)
[2026-08-11 10:56:45] [WARNING] [ARGUS_AI:plugin_manager.py:30] - Module 'analytics_engine' is being re-registered.
[2026-08-11 10:56:45] [INFO] [ARGUS_AI:plugin_manager.py:34] - Registered Pluggable Module: [analytics_engine] 'Analytics & Forecasting' (Order: 60)
[2026-08-11 10:56:45] [WARNING] [ARGUS_AI:plugin_manager.py:30] - Module 'visualization_engine' is being re-registered.
[2026-08-11 10:56:45] [INFO] [ARGUS_AI:plugin_manager.py:34] - Registered Pluggable Module: [visualization_engine] 'Visualization Engine' (Order: 70)
[2026-08-11 10:56:45] [WARNING] [ARGUS_AI:plugin_manager.py:30] - Module 'settings' is being re-registered.
[2026-08-11 10:56:45] [INFO] [ARGUS_AI:plugin_manager.py:34] - Registered Pluggable Module: [settings] 'Platform Settings' (Order: 999)
[2026-08-11 10:56:45] [INFO] [ARGUS_AI:file_service.py:46] - Ingesting file 'Inzone_-_July_2026__3_.xlsx' (830046 bytes, type 'xlsx')
[2026-08-11 10:56:48] [WARNING] [ARGUS_AI:plugin_manager.py:30] - Module 'home' is being re-registered.
[2026-08-11 10:56:48] [INFO] [ARGUS_AI:plugin_manager.py:34] - Registered Pluggable Module: [home] 'Home Dashboard' (Order: 1)
[2026-08-11 10:56:48] [WARNING] [ARGUS_AI:plugin_manager.py:30] - Module 'file_loader' is being re-registered.
[2026-08-11 10:56:48] [INFO] [ARGUS_AI:plugin_manager.py:34] - Registered Pluggable Module: [file_loader] 'Universal File Loader' (Order: 10)
[2026-08-11 10:56:48] [WARNING] [ARGUS_AI:plugin_manager.py:30] - Module 'db_connectors' is being re-registered.
[2026-08-11 10:56:48] [INFO] [ARGUS_AI:plugin_manager.py:34] - Registered Pluggable Module: [db_connectors] 'Database Connectors' (Order: 20)
[2026-08-11 10:56:48] [WARNING] [ARGUS_AI:plugin_manager.py:30] - Module 'ocr_engine' is being re-registered.
[2026-08-11 10:56:48] [INFO] [ARGUS_AI:plugin_manager.py:34] - Registered Pluggable Module: [ocr_engine] 'OCR & Document Extractor' (Order: 30)
[2026-08-11 10:56:48] [WARNING] [ARGUS_AI:plugin_manager.py:30] - Module 'data_cleaning' is being re-registered.
[2026-08-11 10:56:48] [INFO] [ARGUS_AI:plugin_manager.py:34] - Registered Pluggable Module: [data_cleaning] 'Data Cleaning Engine' (Order: 40)
[2026-08-11 10:56:48] [WARNING] [ARGUS_AI:plugin_manager.py:30] - Module 'data_profiling' is being re-registered.
[2026-08-11 10:56:48] [INFO] [ARGUS_AI:plugin_manager.py:34] - Registered Pluggable Module: [data_profiling] 'Data Profiling Engine' (Order: 50)
[2026-08-11 10:56:48] [WARNING] [ARGUS_AI:plugin_manager.py:30] - Module 'analytics_engine' is being re-registered.
[2026-08-11 10:56:48] [INFO] [ARGUS_AI:plugin_manager.py:34] - Registered Pluggable Module: [analytics_engine] 'Analytics & Forecasting' (Order: 60)
[2026-08-11 10:56:48] [WARNING] [ARGUS_AI:plugin_manager.py:30] - Module 'visualization_engine' is being re-registered.
[2026-08-11 10:56:48] [INFO] [ARGUS_AI:plugin_manager.py:34] - Registered Pluggable Module: [visualization_engine] 'Visualization Engine' (Order: 70)
[2026-08-11 10:56:48] [WARNING] [ARGUS_AI:plugin_manager.py:30] - Module 'settings' is being re-registered.
[2026-08-11 10:56:48] [INFO] [ARGUS_AI:plugin_manager.py:34] - Registered Pluggable Module: [settings] 'Platform Settings' (Order: 999)
[2026-08-11 10:56:48] [WARNING] [ARGUS_AI:plugin_manager.py:30] - Module 'home' is being re-registered.
[2026-08-11 10:56:48] [INFO] [ARGUS_AI:plugin_manager.py:34] - Registered Pluggable Module: [home] 'Home Dashboard' (Order: 1)
[2026-08-11 10:56:48] [WARNING] [ARGUS_AI:plugin_manager.py:30] - Module 'file_loader' is being re-registered.
[2026-08-11 10:56:48] [INFO] [ARGUS_AI:plugin_manager.py:34] - Registered Pluggable Module: [file_loader] 'Universal File Loader' (Order: 10)
[2026-08-11 10:56:48] [WARNING] [ARGUS_AI:plugin_manager.py:30] - Module 'db_connectors' is being re-registered.
[2026-08-11 10:56:48] [INFO] [ARGUS_AI:plugin_manager.py:34] - Registered Pluggable Module: [db_connectors] 'Database Connectors' (Order: 20)
[2026-08-11 10:56:48] [WARNING] [ARGUS_AI:plugin_manager.py:30] - Module 'ocr_engine' is being re-registered.
[2026-08-11 10:56:48] [INFO] [ARGUS_AI:plugin_manager.py:34] - Registered Pluggable Module: [ocr_engine] 'OCR & Document Extractor' (Order: 30)
[2026-08-11 10:56:48] [WARNING] [ARGUS_AI:plugin_manager.py:30] - Module 'data_cleaning' is being re-registered.
[2026-08-11 10:56:48] [INFO] [ARGUS_AI:plugin_manager.py:34] - Registered Pluggable Module: [data_cleaning] 'Data Cleaning Engine' (Order: 40)
[2026-08-11 10:56:48] [WARNING] [ARGUS_AI:plugin_manager.py:30] - Module 'data_profiling' is being re-registered.
[2026-08-11 10:56:48] [INFO] [ARGUS_AI:plugin_manager.py:34] - Registered Pluggable Module: [data_profiling] 'Data Profiling Engine' (Order: 50)
[2026-08-11 10:56:48] [WARNING] [ARGUS_AI:plugin_manager.py:30] - Module 'analytics_engine' is being re-registered.
[2026-08-11 10:56:48] [INFO] [ARGUS_AI:plugin_manager.py:34] - Registered Pluggable Module: [analytics_engine] 'Analytics & Forecasting' (Order: 60)
[2026-08-11 10:56:48] [WARNING] [ARGUS_AI:plugin_manager.py:30] - Module 'visualization_engine' is being re-registered.
[2026-08-11 10:56:48] [INFO] [ARGUS_AI:plugin_manager.py:34] - Registered Pluggable Module: [visualization_engine] 'Visualization Engine' (Order: 70)
[2026-08-11 10:56:48] [WARNING] [ARGUS_AI:plugin_manager.py:30] - Module 'settings' is being re-registered.
[2026-08-11 10:56:48] [INFO] [ARGUS_AI:plugin_manager.py:34] - Registered Pluggable Module: [settings] 'Platform Settings' (Order: 999)
[2026-08-11 10:59:46] [WARNING] [ARGUS_AI:plugin_manager.py:30] - Module 'home' is being re-registered.
[2026-08-11 10:59:46] [INFO] [ARGUS_AI:plugin_manager.py:34] - Registered Pluggable Module: [home] 'Home Dashboard' (Order: 1)
[2026-08-11 10:59:46] [WARNING] [ARGUS_AI:plugin_manager.py:30] - Module 'file_loader' is being re-registered.
[2026-08-11 10:59:46] [INFO] [ARGUS_AI:plugin_manager.py:34] - Registered Pluggable Module: [file_loader] 'Universal File Loader' (Order: 10)
[2026-08-11 10:59:46] [WARNING] [ARGUS_AI:plugin_manager.py:30] - Module 'db_connectors' is being re-registered.
[2026-08-11 10:59:46] [INFO] [ARGUS_AI:plugin_manager.py:34] - Registered Pluggable Module: [db_connectors] 'Database Connectors' (Order: 20)
[2026-08-11 10:59:46] [WARNING] [ARGUS_AI:plugin_manager.py:30] - Module 'ocr_engine' is being re-registered.
[2026-08-11 10:59:46] [INFO] [ARGUS_AI:plugin_manager.py:34] - Registered Pluggable Module: [ocr_engine] 'OCR & Document Extractor' (Order: 30)
[2026-08-11 10:59:46] [WARNING] [ARGUS_AI:plugin_manager.py:30] - Module 'data_cleaning' is being re-registered.
[2026-08-11 10:59:46] [INFO] [ARGUS_AI:plugin_manager.py:34] - Registered Pluggable Module: [data_cleaning] 'Data Cleaning Engine' (Order: 40)
[2026-08-11 10:59:46] [WARNING] [ARGUS_AI:plugin_manager.py:30] - Module 'data_profiling' is being re-registered.
[2026-08-11 10:59:46] [INFO] [ARGUS_AI:plugin_manager.py:34] - Registered Pluggable Module: [data_profiling] 'Data Profiling Engine' (Order: 50)
[2026-08-11 10:59:46] [WARNING] [ARGUS_AI:plugin_manager.py:30] - Module 'analytics_engine' is being re-registered.
[2026-08-11 10:59:46] [INFO] [ARGUS_AI:plugin_manager.py:34] - Registered Pluggable Module: [analytics_engine] 'Analytics & Forecasting' (Order: 60)
[2026-08-11 10:59:46] [WARNING] [ARGUS_AI:plugin_manager.py:30] - Module 'visualization_engine' is being re-registered.
[2026-08-11 10:59:46] [INFO] [ARGUS_AI:plugin_manager.py:34] - Registered Pluggable Module: [visualization_engine] 'Visualization Engine' (Order: 70)
[2026-08-11 10:59:46] [WARNING] [ARGUS_AI:plugin_manager.py:30] - Module 'settings' is being re-registered.
[2026-08-11 10:59:46] [INFO] [ARGUS_AI:plugin_manager.py:34] - Registered Pluggable Module: [settings] 'Platform Settings' (Order: 999)
[2026-08-11 10:59:49] [WARNING] [ARGUS_AI:plugin_manager.py:30] - Module 'home' is being re-registered.
[2026-08-11 10:59:49] [INFO] [ARGUS_AI:plugin_manager.py:34] - Registered Pluggable Module: [home] 'Home Dashboard' (Order: 1)
[2026-08-11 10:59:49] [WARNING] [ARGUS_AI:plugin_manager.py:30] - Module 'file_loader' is being re-registered.
[2026-08-11 10:59:49] [INFO] [ARGUS_AI:plugin_manager.py:34] - Registered Pluggable Module: [file_loader] 'Universal File Loader' (Order: 10)
[2026-08-11 10:59:49] [WARNING] [ARGUS_AI:plugin_manager.py:30] - Module 'db_connectors' is being re-registered.
[2026-08-11 10:59:49] [INFO] [ARGUS_AI:plugin_manager.py:34] - Registered Pluggable Module: [db_connectors] 'Database Connectors' (Order: 20)
[2026-08-11 10:59:49] [WARNING] [ARGUS_AI:plugin_manager.py:30] - Module 'ocr_engine' is being re-registered.
[2026-08-11 10:59:49] [INFO] [ARGUS_AI:plugin_manager.py:34] - Registered Pluggable Module: [ocr_engine] 'OCR & Document Extractor' (Order: 30)
[2026-08-11 10:59:49] [WARNING] [ARGUS_AI:plugin_manager.py:30] - Module 'data_cleaning' is being re-registered.
[2026-08-11 10:59:49] [INFO] [ARGUS_AI:plugin_manager.py:34] - Registered Pluggable Module: [data_cleaning] 'Data Cleaning Engine' (Order: 40)
[2026-08-11 10:59:49] [WARNING] [ARGUS_AI:plugin_manager.py:30] - Module 'data_profiling' is being re-registered.
[2026-08-11 10:59:49] [INFO] [ARGUS_AI:plugin_manager.py:34] - Registered Pluggable Module: [data_profiling] 'Data Profiling Engine' (Order: 50)
[2026-08-11 10:59:49] [WARNING] [ARGUS_AI:plugin_manager.py:30] - Module 'analytics_engine' is being re-registered.
[2026-08-11 10:59:49] [INFO] [ARGUS_AI:plugin_manager.py:34] - Registered Pluggable Module: [analytics_engine] 'Analytics & Forecasting' (Order: 60)
[2026-08-11 10:59:49] [WARNING] [ARGUS_AI:plugin_manager.py:30] - Module 'visualization_engine' is being re-registered.
[2026-08-11 10:59:49] [INFO] [ARGUS_AI:plugin_manager.py:34] - Registered Pluggable Module: [visualization_engine] 'Visualization Engine' (Order: 70)
[2026-08-11 10:59:49] [WARNING] [ARGUS_AI:plugin_manager.py:30] - Module 'settings' is being re-registered.
[2026-08-11 10:59:49] [INFO] [ARGUS_AI:plugin_manager.py:34] - Registered Pluggable Module: [settings] 'Platform Settings' (Order: 999)
[2026-08-11 11:08:18] [WARNING] [ARGUS_AI:plugin_manager.py:30] - Module 'home' is being re-registered.
[2026-08-11 11:08:18] [INFO] [ARGUS_AI:plugin_manager.py:34] - Registered Pluggable Module: [home] 'Home Dashboard' (Order: 1)
[2026-08-11 11:08:18] [WARNING] [ARGUS_AI:plugin_manager.py:30] - Module 'file_loader' is being re-registered.
[2026-08-11 11:08:18] [INFO] [ARGUS_AI:plugin_manager.py:34] - Registered Pluggable Module: [file_loader] 'Universal File Loader' (Order: 10)
[2026-08-11 11:08:18] [WARNING] [ARGUS_AI:plugin_manager.py:30] - Module 'db_connectors' is being re-registered.
[2026-08-11 11:08:18] [INFO] [ARGUS_AI:plugin_manager.py:34] - Registered Pluggable Module: [db_connectors] 'Database Connectors' (Order: 20)
[2026-08-11 11:08:18] [WARNING] [ARGUS_AI:plugin_manager.py:30] - Module 'ocr_engine' is being re-registered.
[2026-08-11 11:08:18] [INFO] [ARGUS_AI:plugin_manager.py:34] - Registered Pluggable Module: [ocr_engine] 'OCR & Document Extractor' (Order: 30)
[2026-08-11 11:08:18] [WARNING] [ARGUS_AI:plugin_manager.py:30] - Module 'data_cleaning' is being re-registered.
[2026-08-11 11:08:18] [INFO] [ARGUS_AI:plugin_manager.py:34] - Registered Pluggable Module: [data_cleaning] 'Data Cleaning Engine' (Order: 40)
[2026-08-11 11:08:18] [WARNING] [ARGUS_AI:plugin_manager.py:30] - Module 'data_profiling' is being re-registered.
[2026-08-11 11:08:18] [INFO] [ARGUS_AI:plugin_manager.py:34] - Registered Pluggable Module: [data_profiling] 'Data Profiling Engine' (Order: 50)
[2026-08-11 11:08:18] [WARNING] [ARGUS_AI:plugin_manager.py:30] - Module 'analytics_engine' is being re-registered.
[2026-08-11 11:08:18] [INFO] [ARGUS_AI:plugin_manager.py:34] - Registered Pluggable Module: [analytics_engine] 'Analytics & Forecasting' (Order: 60)
[2026-08-11 11:08:18] [WARNING] [ARGUS_AI:plugin_manager.py:30] - Module 'visualization_engine' is being re-registered.
[2026-08-11 11:08:18] [INFO] [ARGUS_AI:plugin_manager.py:34] - Registered Pluggable Module: [visualization_engine] 'Visualization Engine' (Order: 70)
[2026-08-11 11:08:18] [WARNING] [ARGUS_AI:plugin_manager.py:30] - Module 'settings' is being re-registered.
[2026-08-11 11:08:18] [INFO] [ARGUS_AI:plugin_manager.py:34] - Registered Pluggable Module: [settings] 'Platform Settings' (Order: 999)
[2026-08-11 11:08:22] [WARNING] [ARGUS_AI:plugin_manager.py:30] - Module 'home' is being re-registered.
[2026-08-11 11:08:22] [INFO] [ARGUS_AI:plugin_manager.py:34] - Registered Pluggable Module: [home] 'Home Dashboard' (Order: 1)
[2026-08-11 11:08:22] [WARNING] [ARGUS_AI:plugin_manager.py:30] - Module 'file_loader' is being re-registered.
[2026-08-11 11:08:22] [INFO] [ARGUS_AI:plugin_manager.py:34] - Registered Pluggable Module: [file_loader] 'Universal File Loader' (Order: 10)
[2026-08-11 11:08:22] [WARNING] [ARGUS_AI:plugin_manager.py:30] - Module 'db_connectors' is being re-registered.
[2026-08-11 11:08:22] [INFO] [ARGUS_AI:plugin_manager.py:34] - Registered Pluggable Module: [db_connectors] 'Database Connectors' (Order: 20)
[2026-08-11 11:08:22] [WARNING] [ARGUS_AI:plugin_manager.py:30] - Module 'ocr_engine' is being re-registered.
[2026-08-11 11:08:22] [INFO] [ARGUS_AI:plugin_manager.py:34] - Registered Pluggable Module: [ocr_engine] 'OCR & Document Extractor' (Order: 30)
[2026-08-11 11:08:22] [WARNING] [ARGUS_AI:plugin_manager.py:30] - Module 'data_cleaning' is being re-registered.
[2026-08-11 11:08:22] [INFO] [ARGUS_AI:plugin_manager.py:34] - Registered Pluggable Module: [data_cleaning] 'Data Cleaning Engine' (Order: 40)
[2026-08-11 11:08:22] [WARNING] [ARGUS_AI:plugin_manager.py:30] - Module 'data_profiling' is being re-registered.
[2026-08-11 11:08:22] [INFO] [ARGUS_AI:plugin_manager.py:34] - Registered Pluggable Module: [data_profiling] 'Data Profiling Engine' (Order: 50)
[2026-08-11 11:08:22] [WARNING] [ARGUS_AI:plugin_manager.py:30] - Module 'analytics_engine' is being re-registered.
[2026-08-11 11:08:22] [INFO] [ARGUS_AI:plugin_manager.py:34] - Registered Pluggable Module: [analytics_engine] 'Analytics & Forecasting' (Order: 60)
[2026-08-11 11:08:22] [WARNING] [ARGUS_AI:plugin_manager.py:30] - Module 'visualization_engine' is being re-registered.
[2026-08-11 11:08:22] [INFO] [ARGUS_AI:plugin_manager.py:34] - Registered Pluggable Module: [visualization_engine] 'Visualization Engine' (Order: 70)
[2026-08-11 11:08:22] [WARNING] [ARGUS_AI:plugin_manager.py:30] - Module 'settings' is being re-registered.
[2026-08-11 11:08:22] [INFO] [ARGUS_AI:plugin_manager.py:34] - Registered Pluggable Module: [settings] 'Platform Settings' (Order: 999)
[2026-08-11 11:08:22] [WARNING] [ARGUS_AI:plugin_manager.py:30] - Module 'home' is being re-registered.
[2026-08-11 11:08:22] [INFO] [ARGUS_AI:plugin_manager.py:34] - Registered Pluggable Module: [home] 'Home Dashboard' (Order: 1)
[2026-08-11 11:08:22] [WARNING] [ARGUS_AI:plugin_manager.py:30] - Module 'file_loader' is being re-registered.
[2026-08-11 11:08:22] [INFO] [ARGUS_AI:plugin_manager.py:34] - Registered Pluggable Module: [file_loader] 'Universal File Loader' (Order: 10)
[2026-08-11 11:08:22] [WARNING] [ARGUS_AI:plugin_manager.py:30] - Module 'db_connectors' is being re-registered.
[2026-08-11 11:08:22] [INFO] [ARGUS_AI:plugin_manager.py:34] - Registered Pluggable Module: [db_connectors] 'Database Connectors' (Order: 20)
[2026-08-11 11:08:22] [WARNING] [ARGUS_AI:plugin_manager.py:30] - Module 'ocr_engine' is being re-registered.
[2026-08-11 11:08:22] [INFO] [ARGUS_AI:plugin_manager.py:34] - Registered Pluggable Module: [ocr_engine] 'OCR & Document Extractor' (Order: 30)
[2026-08-11 11:08:22] [WARNING] [ARGUS_AI:plugin_manager.py:30] - Module 'data_cleaning' is being re-registered.
[2026-08-11 11:08:22] [INFO] [ARGUS_AI:plugin_manager.py:34] - Registered Pluggable Module: [data_cleaning] 'Data Cleaning Engine' (Order: 40)
[2026-08-11 11:08:22] [WARNING] [ARGUS_AI:plugin_manager.py:30] - Module 'data_profiling' is being re-registered.
[2026-08-11 11:08:22] [INFO] [ARGUS_AI:plugin_manager.py:34] - Registered Pluggable Module: [data_profiling] 'Data Profiling Engine' (Order: 50)
[2026-08-11 11:08:22] [WARNING] [ARGUS_AI:plugin_manager.py:30] - Module 'analytics_engine' is being re-registered.
[2026-08-11 11:08:22] [INFO] [ARGUS_AI:plugin_manager.py:34] - Registered Pluggable Module: [analytics_engine] 'Analytics & Forecasting' (Order: 60)
[2026-08-11 11:08:22] [WARNING] [ARGUS_AI:plugin_manager.py:30] - Module 'visualization_engine' is being re-registered.
[2026-08-11 11:08:22] [INFO] [ARGUS_AI:plugin_manager.py:34] - Registered Pluggable Module: [visualization_engine] 'Visualization Engine' (Order: 70)
[2026-08-11 11:08:22] [WARNING] [ARGUS_AI:plugin_manager.py:30] - Module 'settings' is being re-registered.
[2026-08-11 11:08:22] [INFO] [ARGUS_AI:plugin_manager.py:34] - Registered Pluggable Module: [settings] 'Platform Settings' (Order: 999)
[2026-08-11 11:08:26] [WARNING] [ARGUS_AI:plugin_manager.py:30] - Module 'home' is being re-registered.
[2026-08-11 11:08:26] [INFO] [ARGUS_AI:plugin_manager.py:34] - Registered Pluggable Module: [home] 'Home Dashboard' (Order: 1)
[2026-08-11 11:08:26] [WARNING] [ARGUS_AI:plugin_manager.py:30] - Module 'file_loader' is being re-registered.
[2026-08-11 11:08:26] [INFO] [ARGUS_AI:plugin_manager.py:34] - Registered Pluggable Module: [file_loader] 'Universal File Loader' (Order: 10)
[2026-08-11 11:08:26] [WARNING] [ARGUS_AI:plugin_manager.py:30] - Module 'db_connectors' is being re-registered.
[2026-08-11 11:08:26] [INFO] [ARGUS_AI:plugin_manager.py:34] - Registered Pluggable Module: [db_connectors] 'Database Connectors' (Order: 20)
[2026-08-11 11:08:26] [WARNING] [ARGUS_AI:plugin_manager.py:30] - Module 'ocr_engine' is being re-registered.
[2026-08-11 11:08:26] [INFO] [ARGUS_AI:plugin_manager.py:34] - Registered Pluggable Module: [ocr_engine] 'OCR & Document Extractor' (Order: 30)
[2026-08-11 11:08:26] [WARNING] [ARGUS_AI:plugin_manager.py:30] - Module 'data_cleaning' is being re-registered.
[2026-08-11 11:08:26] [INFO] [ARGUS_AI:plugin_manager.py:34] - Registered Pluggable Module: [data_cleaning] 'Data Cleaning Engine' (Order: 40)
[2026-08-11 11:08:26] [WARNING] [ARGUS_AI:plugin_manager.py:30] - Module 'data_profiling' is being re-registered.
[2026-08-11 11:08:26] [INFO] [ARGUS_AI:plugin_manager.py:34] - Registered Pluggable Module: [data_profiling] 'Data Profiling Engine' (Order: 50)
[2026-08-11 11:08:26] [WARNING] [ARGUS_AI:plugin_manager.py:30] - Module 'analytics_engine' is being re-registered.
[2026-08-11 11:08:26] [INFO] [ARGUS_AI:plugin_manager.py:34] - Registered Pluggable Module: [analytics_engine] 'Analytics & Forecasting' (Order: 60)
[2026-08-11 11:08:26] [WARNING] [ARGUS_AI:plugin_manager.py:30] - Module 'visualization_engine' is being re-registered.
[2026-08-11 11:08:26] [INFO] [ARGUS_AI:plugin_manager.py:34] - Registered Pluggable Module: [visualization_engine] 'Visualization Engine' (Order: 70)
[2026-08-11 11:08:26] [WARNING] [ARGUS_AI:plugin_manager.py:30] - Module 'settings' is being re-registered.
[2026-08-11 11:08:26] [INFO] [ARGUS_AI:plugin_manager.py:34] - Registered Pluggable Module: [settings] 'Platform Settings' (Order: 999)
[2026-08-11 11:08:27] [WARNING] [ARGUS_AI:plugin_manager.py:30] - Module 'home' is being re-registered.
[2026-08-11 11:08:27] [INFO] [ARGUS_AI:plugin_manager.py:34] - Registered Pluggable Module: [home] 'Home Dashboard' (Order: 1)
[2026-08-11 11:08:27] [WARNING] [ARGUS_AI:plugin_manager.py:30] - Module 'file_loader' is being re-registered.
[2026-08-11 11:08:27] [INFO] [ARGUS_AI:plugin_manager.py:34] - Registered Pluggable Module: [file_loader] 'Universal File Loader' (Order: 10)
[2026-08-11 11:08:27] [WARNING] [ARGUS_AI:plugin_manager.py:30] - Module 'db_connectors' is being re-registered.
[2026-08-11 11:08:27] [INFO] [ARGUS_AI:plugin_manager.py:34] - Registered Pluggable Module: [db_connectors] 'Database Connectors' (Order: 20)
[2026-08-11 11:08:27] [WARNING] [ARGUS_AI:plugin_manager.py:30] - Module 'ocr_engine' is being re-registered.
[2026-08-11 11:08:27] [INFO] [ARGUS_AI:plugin_manager.py:34] - Registered Pluggable Module: [ocr_engine] 'OCR & Document Extractor' (Order: 30)
[2026-08-11 11:08:27] [WARNING] [ARGUS_AI:plugin_manager.py:30] - Module 'data_cleaning' is being re-registered.
[2026-08-11 11:08:27] [INFO] [ARGUS_AI:plugin_manager.py:34] - Registered Pluggable Module: [data_cleaning] 'Data Cleaning Engine' (Order: 40)
[2026-08-11 11:08:27] [WARNING] [ARGUS_AI:plugin_manager.py:30] - Module 'data_profiling' is being re-registered.
[2026-08-11 11:08:27] [INFO] [ARGUS_AI:plugin_manager.py:34] - Registered Pluggable Module: [data_profiling] 'Data Profiling Engine' (Order: 50)
[2026-08-11 11:08:27] [WARNING] [ARGUS_AI:plugin_manager.py:30] - Module 'analytics_engine' is being re-registered.
[2026-08-11 11:08:27] [INFO] [ARGUS_AI:plugin_manager.py:34] - Registered Pluggable Module: [analytics_engine] 'Analytics & Forecasting' (Order: 60)
[2026-08-11 11:08:27] [WARNING] [ARGUS_AI:plugin_manager.py:30] - Module 'visualization_engine' is being re-registered.
[2026-08-11 11:08:27] [INFO] [ARGUS_AI:plugin_manager.py:34] - Registered Pluggable Module: [visualization_engine] 'Visualization Engine' (Order: 70)
[2026-08-11 11:08:27] [WARNING] [ARGUS_AI:plugin_manager.py:30] - Module 'settings' is being re-registered.
[2026-08-11 11:08:27] [INFO] [ARGUS_AI:plugin_manager.py:34] - Registered Pluggable Module: [settings] 'Platform Settings' (Order: 999)
[2026-08-11 11:08:27] [INFO] [ARGUS_AI:file_service.py:46] - Ingesting file 'Inzone_-_July_2026__3_.xlsx' (830046 bytes, type 'xlsx')
[2026-08-11 11:08:30] [WARNING] [ARGUS_AI:plugin_manager.py:30] - Module 'home' is being re-registered.
[2026-08-11 11:08:30] [INFO] [ARGUS_AI:plugin_manager.py:34] - Registered Pluggable Module: [home] 'Home Dashboard' (Order: 1)
[2026-08-11 11:08:30] [WARNING] [ARGUS_AI:plugin_manager.py:30] - Module 'file_loader' is being re-registered.
[2026-08-11 11:08:30] [INFO] [ARGUS_AI:plugin_manager.py:34] - Registered Pluggable Module: [file_loader] 'Universal File Loader' (Order: 10)
[2026-08-11 11:08:30] [WARNING] [ARGUS_AI:plugin_manager.py:30] - Module 'db_connectors' is being re-registered.
[2026-08-11 11:08:30] [INFO] [ARGUS_AI:plugin_manager.py:34] - Registered Pluggable Module: [db_connectors] 'Database Connectors' (Order: 20)
[2026-08-11 11:08:30] [WARNING] [ARGUS_AI:plugin_manager.py:30] - Module 'ocr_engine' is being re-registered.
[2026-08-11 11:08:30] [INFO] [ARGUS_AI:plugin_manager.py:34] - Registered Pluggable Module: [ocr_engine] 'OCR & Document Extractor' (Order: 30)
[2026-08-11 11:08:30] [WARNING] [ARGUS_AI:plugin_manager.py:30] - Module 'data_cleaning' is being re-registered.
[2026-08-11 11:08:30] [INFO] [ARGUS_AI:plugin_manager.py:34] - Registered Pluggable Module: [data_cleaning] 'Data Cleaning Engine' (Order: 40)
[2026-08-11 11:08:30] [WARNING] [ARGUS_AI:plugin_manager.py:30] - Module 'data_profiling' is being re-registered.
[2026-08-11 11:08:30] [INFO] [ARGUS_AI:plugin_manager.py:34] - Registered Pluggable Module: [data_profiling] 'Data Profiling Engine' (Order: 50)
[2026-08-11 11:08:30] [WARNING] [ARGUS_AI:plugin_manager.py:30] - Module 'analytics_engine' is being re-registered.
[2026-08-11 11:08:30] [INFO] [ARGUS_AI:plugin_manager.py:34] - Registered Pluggable Module: [analytics_engine] 'Analytics & Forecasting' (Order: 60)
[2026-08-11 11:08:30] [WARNING] [ARGUS_AI:plugin_manager.py:30] - Module 'visualization_engine' is being re-registered.
[2026-08-11 11:08:30] [INFO] [ARGUS_AI:plugin_manager.py:34] - Registered Pluggable Module: [visualization_engine] 'Visualization Engine' (Order: 70)
[2026-08-11 11:08:30] [WARNING] [ARGUS_AI:plugin_manager.py:30] - Module 'settings' is being re-registered.
[2026-08-11 11:08:30] [INFO] [ARGUS_AI:plugin_manager.py:34] - Registered Pluggable Module: [settings] 'Platform Settings' (Order: 999)
[2026-08-11 11:08:30] [WARNING] [ARGUS_AI:plugin_manager.py:30] - Module 'home' is being re-registered.
[2026-08-11 11:08:30] [INFO] [ARGUS_AI:plugin_manager.py:34] - Registered Pluggable Module: [home] 'Home Dashboard' (Order: 1)
[2026-08-11 11:08:30] [WARNING] [ARGUS_AI:plugin_manager.py:30] - Module 'file_loader' is being re-registered.
[2026-08-11 11:08:30] [INFO] [ARGUS_AI:plugin_manager.py:34] - Registered Pluggable Module: [file_loader] 'Universal File Loader' (Order: 10)
[2026-08-11 11:08:30] [WARNING] [ARGUS_AI:plugin_manager.py:30] - Module 'db_connectors' is being re-registered.
[2026-08-11 11:08:30] [INFO] [ARGUS_AI:plugin_manager.py:34] - Registered Pluggable Module: [db_connectors] 'Database Connectors' (Order: 20)
[2026-08-11 11:08:30] [WARNING] [ARGUS_AI:plugin_manager.py:30] - Module 'ocr_engine' is being re-registered.
[2026-08-11 11:08:30] [INFO] [ARGUS_AI:plugin_manager.py:34] - Registered Pluggable Module: [ocr_engine] 'OCR & Document Extractor' (Order: 30)
[2026-08-11 11:08:30] [WARNING] [ARGUS_AI:plugin_manager.py:30] - Module 'data_cleaning' is being re-registered.
[2026-08-11 11:08:30] [INFO] [ARGUS_AI:plugin_manager.py:34] - Registered Pluggable Module: [data_cleaning] 'Data Cleaning Engine' (Order: 40)
[2026-08-11 11:08:30] [WARNING] [ARGUS_AI:plugin_manager.py:30] - Module 'data_profiling' is being re-registered.
[2026-08-11 11:08:30] [INFO] [ARGUS_AI:plugin_manager.py:34] - Registered Pluggable Module: [data_profiling] 'Data Profiling Engine' (Order: 50)
[2026-08-11 11:08:30] [WARNING] [ARGUS_AI:plugin_manager.py:30] - Module 'analytics_engine' is being re-registered.
[2026-08-11 11:08:30] [INFO] [ARGUS_AI:plugin_manager.py:34] - Registered Pluggable Module: [analytics_engine] 'Analytics & Forecasting' (Order: 60)
[2026-08-11 11:08:30] [WARNING] [ARGUS_AI:plugin_manager.py:30] - Module 'visualization_engine' is being re-registered.
[2026-08-11 11:08:30] [INFO] [ARGUS_AI:plugin_manager.py:34] - Registered Pluggable Module: [visualization_engine] 'Visualization Engine' (Order: 70)
[2026-08-11 11:08:30] [WARNING] [ARGUS_AI:plugin_manager.py:30] - Module 'settings' is being re-registered.
[2026-08-11 11:08:30] [INFO] [ARGUS_AI:plugin_manager.py:34] - Registered Pluggable Module: [settings] 'Platform Settings' (Order: 999)
[2026-08-11 11:09:27] [INFO] [ARGUS_AI:logger.py:88] - ARGUS AI Logger initialized successfully.
[2026-08-12 09:08:25] [INFO] [ARGUS_AI:logger.py:88] - ARGUS AI Logger initialized successfully.
[2026-08-12 09:08:46] [INFO] [ARGUS_AI:database.py:44] - Initializing Database Engine targeting: sqlite:///C:\Users\VAISHNAVI\.gemini\antigravity\scratch\argus_ai\data\argus_enterprise.db
[2026-08-12 09:08:46] [INFO] [ARGUS_AI:database.py:59] - Database Manager initialized and tables created.
[2026-08-12 09:08:47] [INFO] [ARGUS_AI:plugin_manager.py:34] - Registered Pluggable Module: [home] 'Home Dashboard' (Order: 1)
[2026-08-12 09:08:47] [INFO] [ARGUS_AI:plugin_manager.py:34] - Registered Pluggable Module: [file_loader] 'Universal File Loader' (Order: 10)
[2026-08-12 09:08:47] [INFO] [ARGUS_AI:plugin_manager.py:34] - Registered Pluggable Module: [db_connectors] 'Database Connectors' (Order: 20)
[2026-08-12 09:08:47] [INFO] [ARGUS_AI:plugin_manager.py:34] - Registered Pluggable Module: [ocr_engine] 'OCR & Document Extractor' (Order: 30)
[2026-08-12 09:08:47] [INFO] [ARGUS_AI:plugin_manager.py:34] - Registered Pluggable Module: [data_cleaning] 'Data Cleaning Engine' (Order: 40)
[2026-08-12 09:08:47] [INFO] [ARGUS_AI:plugin_manager.py:34] - Registered Pluggable Module: [data_profiling] 'Data Profiling Engine' (Order: 50)
[2026-08-12 09:08:47] [INFO] [ARGUS_AI:plugin_manager.py:34] - Registered Pluggable Module: [analytics_engine] 'Analytics & Forecasting' (Order: 60)
[2026-08-12 09:08:47] [INFO] [ARGUS_AI:plugin_manager.py:34] - Registered Pluggable Module: [visualization_engine] 'Visualization Engine' (Order: 70)
[2026-08-12 09:08:47] [INFO] [ARGUS_AI:plugin_manager.py:34] - Registered Pluggable Module: [settings] 'Platform Settings' (Order: 999)
[2026-08-12 09:09:52] [WARNING] [ARGUS_AI:plugin_manager.py:30] - Module 'home' is being re-registered.
[2026-08-12 09:09:52] [INFO] [ARGUS_AI:plugin_manager.py:34] - Registered Pluggable Module: [home] 'Home Dashboard' (Order: 1)
[2026-08-12 09:09:52] [WARNING] [ARGUS_AI:plugin_manager.py:30] - Module 'file_loader' is being re-registered.
[2026-08-12 09:09:52] [INFO] [ARGUS_AI:plugin_manager.py:34] - Registered Pluggable Module: [file_loader] 'Universal File Loader' (Order: 10)
[2026-08-12 09:09:52] [WARNING] [ARGUS_AI:plugin_manager.py:30] - Module 'db_connectors' is being re-registered.
[2026-08-12 09:09:52] [INFO] [ARGUS_AI:plugin_manager.py:34] - Registered Pluggable Module: [db_connectors] 'Database Connectors' (Order: 20)
[2026-08-12 09:09:52] [WARNING] [ARGUS_AI:plugin_manager.py:30] - Module 'ocr_engine' is being re-registered.
[2026-08-12 09:09:52] [INFO] [ARGUS_AI:plugin_manager.py:34] - Registered Pluggable Module: [ocr_engine] 'OCR & Document Extractor' (Order: 30)
[2026-08-12 09:09:52] [WARNING] [ARGUS_AI:plugin_manager.py:30] - Module 'data_cleaning' is being re-registered.
[2026-08-12 09:09:52] [INFO] [ARGUS_AI:plugin_manager.py:34] - Registered Pluggable Module: [data_cleaning] 'Data Cleaning Engine' (Order: 40)
[2026-08-12 09:09:52] [WARNING] [ARGUS_AI:plugin_manager.py:30] - Module 'data_profiling' is being re-registered.
[2026-08-12 09:09:52] [INFO] [ARGUS_AI:plugin_manager.py:34] - Registered Pluggable Module: [data_profiling] 'Data Profiling Engine' (Order: 50)
[2026-08-12 09:09:52] [WARNING] [ARGUS_AI:plugin_manager.py:30] - Module 'analytics_engine' is being re-registered.
[2026-08-12 09:09:52] [INFO] [ARGUS_AI:plugin_manager.py:34] - Registered Pluggable Module: [analytics_engine] 'Analytics & Forecasting' (Order: 60)
[2026-08-12 09:09:52] [WARNING] [ARGUS_AI:plugin_manager.py:30] - Module 'visualization_engine' is being re-registered.
[2026-08-12 09:09:52] [INFO] [ARGUS_AI:plugin_manager.py:34] - Registered Pluggable Module: [visualization_engine] 'Visualization Engine' (Order: 70)
[2026-08-12 09:09:52] [WARNING] [ARGUS_AI:plugin_manager.py:30] - Module 'settings' is being re-registered.
[2026-08-12 09:09:52] [INFO] [ARGUS_AI:plugin_manager.py:34] - Registered Pluggable Module: [settings] 'Platform Settings' (Order: 999)
[2026-08-12 09:09:52] [WARNING] [ARGUS_AI:plugin_manager.py:30] - Module 'home' is being re-registered.
[2026-08-12 09:09:52] [INFO] [ARGUS_AI:plugin_manager.py:34] - Registered Pluggable Module: [home] 'Home Dashboard' (Order: 1)
[2026-08-12 09:09:52] [WARNING] [ARGUS_AI:plugin_manager.py:30] - Module 'file_loader' is being re-registered.
[2026-08-12 09:09:52] [INFO] [ARGUS_AI:plugin_manager.py:34] - Registered Pluggable Module: [file_loader] 'Universal File Loader' (Order: 10)
[2026-08-12 09:09:52] [WARNING] [ARGUS_AI:plugin_manager.py:30] - Module 'db_connectors' is being re-registered.
[2026-08-12 09:09:52] [INFO] [ARGUS_AI:plugin_manager.py:34] - Registered Pluggable Module: [db_connectors] 'Database Connectors' (Order: 20)
[2026-08-12 09:09:52] [WARNING] [ARGUS_AI:plugin_manager.py:30] - Module 'ocr_engine' is being re-registered.
[2026-08-12 09:09:52] [INFO] [ARGUS_AI:plugin_manager.py:34] - Registered Pluggable Module: [ocr_engine] 'OCR & Document Extractor' (Order: 30)
[2026-08-12 09:09:52] [WARNING] [ARGUS_AI:plugin_manager.py:30] - Module 'data_cleaning' is being re-registered.
[2026-08-12 09:09:52] [INFO] [ARGUS_AI:plugin_manager.py:34] - Registered Pluggable Module: [data_cleaning] 'Data Cleaning Engine' (Order: 40)
[2026-08-12 09:09:52] [WARNING] [ARGUS_AI:plugin_manager.py:30] - Module 'data_profiling' is being re-registered.
[2026-08-12 09:09:52] [INFO] [ARGUS_AI:plugin_manager.py:34] - Registered Pluggable Module: [data_profiling] 'Data Profiling Engine' (Order: 50)
[2026-08-12 09:09:52] [WARNING] [ARGUS_AI:plugin_manager.py:30] - Module 'analytics_engine' is being re-registered.
[2026-08-12 09:09:52] [INFO] [ARGUS_AI:plugin_manager.py:34] - Registered Pluggable Module: [analytics_engine] 'Analytics & Forecasting' (Order: 60)
[2026-08-12 09:09:52] [WARNING] [ARGUS_AI:plugin_manager.py:30] - Module 'visualization_engine' is being re-registered.
[2026-08-12 09:09:52] [INFO] [ARGUS_AI:plugin_manager.py:34] - Registered Pluggable Module: [visualization_engine] 'Visualization Engine' (Order: 70)
[2026-08-12 09:09:52] [WARNING] [ARGUS_AI:plugin_manager.py:30] - Module 'settings' is being re-registered.
[2026-08-12 09:09:52] [INFO] [ARGUS_AI:plugin_manager.py:34] - Registered Pluggable Module: [settings] 'Platform Settings' (Order: 999)
[2026-08-12 09:10:05] [WARNING] [ARGUS_AI:plugin_manager.py:30] - Module 'home' is being re-registered.
[2026-08-12 09:10:05] [INFO] [ARGUS_AI:plugin_manager.py:34] - Registered Pluggable Module: [home] 'Home Dashboard' (Order: 1)
[2026-08-12 09:10:05] [WARNING] [ARGUS_AI:plugin_manager.py:30] - Module 'file_loader' is being re-registered.
[2026-08-12 09:10:05] [INFO] [ARGUS_AI:plugin_manager.py:34] - Registered Pluggable Module: [file_loader] 'Universal File Loader' (Order: 10)
[2026-08-12 09:10:05] [WARNING] [ARGUS_AI:plugin_manager.py:30] - Module 'db_connectors' is being re-registered.
[2026-08-12 09:10:05] [INFO] [ARGUS_AI:plugin_manager.py:34] - Registered Pluggable Module: [db_connectors] 'Database Connectors' (Order: 20)
[2026-08-12 09:10:05] [WARNING] [ARGUS_AI:plugin_manager.py:30] - Module 'ocr_engine' is being re-registered.
[2026-08-12 09:10:05] [INFO] [ARGUS_AI:plugin_manager.py:34] - Registered Pluggable Module: [ocr_engine] 'OCR & Document Extractor' (Order: 30)
[2026-08-12 09:10:05] [WARNING] [ARGUS_AI:plugin_manager.py:30] - Module 'data_cleaning' is being re-registered.
[2026-08-12 09:10:05] [INFO] [ARGUS_AI:plugin_manager.py:34] - Registered Pluggable Module: [data_cleaning] 'Data Cleaning Engine' (Order: 40)
[2026-08-12 09:10:05] [WARNING] [ARGUS_AI:plugin_manager.py:30] - Module 'data_profiling' is being re-registered.
[2026-08-12 09:10:05] [INFO] [ARGUS_AI:plugin_manager.py:34] - Registered Pluggable Module: [data_profiling] 'Data Profiling Engine' (Order: 50)
[2026-08-12 09:10:05] [WARNING] [ARGUS_AI:plugin_manager.py:30] - Module 'analytics_engine' is being re-registered.
[2026-08-12 09:10:05] [INFO] [ARGUS_AI:plugin_manager.py:34] - Registered Pluggable Module: [analytics_engine] 'Analytics & Forecasting' (Order: 60)
[2026-08-12 09:10:05] [WARNING] [ARGUS_AI:plugin_manager.py:30] - Module 'visualization_engine' is being re-registered.
[2026-08-12 09:10:05] [INFO] [ARGUS_AI:plugin_manager.py:34] - Registered Pluggable Module: [visualization_engine] 'Visualization Engine' (Order: 70)
[2026-08-12 09:10:05] [WARNING] [ARGUS_AI:plugin_manager.py:30] - Module 'settings' is being re-registered.
[2026-08-12 09:10:05] [INFO] [ARGUS_AI:plugin_manager.py:34] - Registered Pluggable Module: [settings] 'Platform Settings' (Order: 999)
[2026-08-12 09:10:09] [WARNING] [ARGUS_AI:plugin_manager.py:30] - Module 'home' is being re-registered.
[2026-08-12 09:10:09] [INFO] [ARGUS_AI:plugin_manager.py:34] - Registered Pluggable Module: [home] 'Home Dashboard' (Order: 1)
[2026-08-12 09:10:09] [WARNING] [ARGUS_AI:plugin_manager.py:30] - Module 'file_loader' is being re-registered.
[2026-08-12 09:10:09] [INFO] [ARGUS_AI:plugin_manager.py:34] - Registered Pluggable Module: [file_loader] 'Universal File Loader' (Order: 10)
[2026-08-12 09:10:09] [WARNING] [ARGUS_AI:plugin_manager.py:30] - Module 'db_connectors' is being re-registered.
[2026-08-12 09:10:09] [INFO] [ARGUS_AI:plugin_manager.py:34] - Registered Pluggable Module: [db_connectors] 'Database Connectors' (Order: 20)
[2026-08-12 09:10:09] [WARNING] [ARGUS_AI:plugin_manager.py:30] - Module 'ocr_engine' is being re-registered.
[2026-08-12 09:10:09] [INFO] [ARGUS_AI:plugin_manager.py:34] - Registered Pluggable Module: [ocr_engine] 'OCR & Document Extractor' (Order: 30)
[2026-08-12 09:10:09] [WARNING] [ARGUS_AI:plugin_manager.py:30] - Module 'data_cleaning' is being re-registered.
[2026-08-12 09:10:09] [INFO] [ARGUS_AI:plugin_manager.py:34] - Registered Pluggable Module: [data_cleaning] 'Data Cleaning Engine' (Order: 40)
[2026-08-12 09:10:09] [WARNING] [ARGUS_AI:plugin_manager.py:30] - Module 'data_profiling' is being re-registered.
[2026-08-12 09:10:09] [INFO] [ARGUS_AI:plugin_manager.py:34] - Registered Pluggable Module: [data_profiling] 'Data Profiling Engine' (Order: 50)
[2026-08-12 09:10:09] [WARNING] [ARGUS_AI:plugin_manager.py:30] - Module 'analytics_engine' is being re-registered.
[2026-08-12 09:10:09] [INFO] [ARGUS_AI:plugin_manager.py:34] - Registered Pluggable Module: [analytics_engine] 'Analytics & Forecasting' (Order: 60)
[2026-08-12 09:10:09] [WARNING] [ARGUS_AI:plugin_manager.py:30] - Module 'visualization_engine' is being re-registered.
[2026-08-12 09:10:09] [INFO] [ARGUS_AI:plugin_manager.py:34] - Registered Pluggable Module: [visualization_engine] 'Visualization Engine' (Order: 70)
[2026-08-12 09:10:09] [WARNING] [ARGUS_AI:plugin_manager.py:30] - Module 'settings' is being re-registered.
[2026-08-12 09:10:09] [INFO] [ARGUS_AI:plugin_manager.py:34] - Registered Pluggable Module: [settings] 'Platform Settings' (Order: 999)
[2026-08-12 09:10:09] [WARNING] [ARGUS_AI:plugin_manager.py:30] - Module 'home' is being re-registered.
[2026-08-12 09:10:09] [INFO] [ARGUS_AI:plugin_manager.py:34] - Registered Pluggable Module: [home] 'Home Dashboard' (Order: 1)
[2026-08-12 09:10:09] [WARNING] [ARGUS_AI:plugin_manager.py:30] - Module 'file_loader' is being re-registered.
[2026-08-12 09:10:09] [INFO] [ARGUS_AI:plugin_manager.py:34] - Registered Pluggable Module: [file_loader] 'Universal File Loader' (Order: 10)
[2026-08-12 09:10:09] [WARNING] [ARGUS_AI:plugin_manager.py:30] - Module 'db_connectors' is being re-registered.
[2026-08-12 09:10:09] [INFO] [ARGUS_AI:plugin_manager.py:34] - Registered Pluggable Module: [db_connectors] 'Database Connectors' (Order: 20)
[2026-08-12 09:10:09] [WARNING] [ARGUS_AI:plugin_manager.py:30] - Module 'ocr_engine' is being re-registered.
[2026-08-12 09:10:09] [INFO] [ARGUS_AI:plugin_manager.py:34] - Registered Pluggable Module: [ocr_engine] 'OCR & Document Extractor' (Order: 30)
[2026-08-12 09:10:09] [WARNING] [ARGUS_AI:plugin_manager.py:30] - Module 'data_cleaning' is being re-registered.
[2026-08-12 09:10:09] [INFO] [ARGUS_AI:plugin_manager.py:34] - Registered Pluggable Module: [data_cleaning] 'Data Cleaning Engine' (Order: 40)
[2026-08-12 09:10:09] [WARNING] [ARGUS_AI:plugin_manager.py:30] - Module 'data_profiling' is being re-registered.
[2026-08-12 09:10:09] [INFO] [ARGUS_AI:plugin_manager.py:34] - Registered Pluggable Module: [data_profiling] 'Data Profiling Engine' (Order: 50)
[2026-08-12 09:10:09] [WARNING] [ARGUS_AI:plugin_manager.py:30] - Module 'analytics_engine' is being re-registered.
[2026-08-12 09:10:09] [INFO] [ARGUS_AI:plugin_manager.py:34] - Registered Pluggable Module: [analytics_engine] 'Analytics & Forecasting' (Order: 60)
[2026-08-12 09:10:09] [WARNING] [ARGUS_AI:plugin_manager.py:30] - Module 'visualization_engine' is being re-registered.
[2026-08-12 09:10:09] [INFO] [ARGUS_AI:plugin_manager.py:34] - Registered Pluggable Module: [visualization_engine] 'Visualization Engine' (Order: 70)
[2026-08-12 09:10:09] [WARNING] [ARGUS_AI:plugin_manager.py:30] - Module 'settings' is being re-registered.
[2026-08-12 09:10:09] [INFO] [ARGUS_AI:plugin_manager.py:34] - Registered Pluggable Module: [settings] 'Platform Settings' (Order: 999)
[2026-08-12 09:10:11] [WARNING] [ARGUS_AI:plugin_manager.py:30] - Module 'home' is being re-registered.
[2026-08-12 09:10:11] [INFO] [ARGUS_AI:plugin_manager.py:34] - Registered Pluggable Module: [home] 'Home Dashboard' (Order: 1)
[2026-08-12 09:10:11] [WARNING] [ARGUS_AI:plugin_manager.py:30] - Module 'file_loader' is being re-registered.
[2026-08-12 09:10:11] [INFO] [ARGUS_AI:plugin_manager.py:34] - Registered Pluggable Module: [file_loader] 'Universal File Loader' (Order: 10)
[2026-08-12 09:10:11] [WARNING] [ARGUS_AI:plugin_manager.py:30] - Module 'db_connectors' is being re-registered.
[2026-08-12 09:10:11] [INFO] [ARGUS_AI:plugin_manager.py:34] - Registered Pluggable Module: [db_connectors] 'Database Connectors' (Order: 20)
[2026-08-12 09:10:11] [WARNING] [ARGUS_AI:plugin_manager.py:30] - Module 'ocr_engine' is being re-registered.
[2026-08-12 09:10:11] [INFO] [ARGUS_AI:plugin_manager.py:34] - Registered Pluggable Module: [ocr_engine] 'OCR & Document Extractor' (Order: 30)
[2026-08-12 09:10:11] [WARNING] [ARGUS_AI:plugin_manager.py:30] - Module 'data_cleaning' is being re-registered.
[2026-08-12 09:10:11] [INFO] [ARGUS_AI:plugin_manager.py:34] - Registered Pluggable Module: [data_cleaning] 'Data Cleaning Engine' (Order: 40)
[2026-08-12 09:10:11] [WARNING] [ARGUS_AI:plugin_manager.py:30] - Module 'data_profiling' is being re-registered.
[2026-08-12 09:10:11] [INFO] [ARGUS_AI:plugin_manager.py:34] - Registered Pluggable Module: [data_profiling] 'Data Profiling Engine' (Order: 50)
[2026-08-12 09:10:11] [WARNING] [ARGUS_AI:plugin_manager.py:30] - Module 'analytics_engine' is being re-registered.
[2026-08-12 09:10:11] [INFO] [ARGUS_AI:plugin_manager.py:34] - Registered Pluggable Module: [analytics_engine] 'Analytics & Forecasting' (Order: 60)
[2026-08-12 09:10:11] [WARNING] [ARGUS_AI:plugin_manager.py:30] - Module 'visualization_engine' is being re-registered.
[2026-08-12 09:10:11] [INFO] [ARGUS_AI:plugin_manager.py:34] - Registered Pluggable Module: [visualization_engine] 'Visualization Engine' (Order: 70)
[2026-08-12 09:10:11] [WARNING] [ARGUS_AI:plugin_manager.py:30] - Module 'settings' is being re-registered.
[2026-08-12 09:10:11] [INFO] [ARGUS_AI:plugin_manager.py:34] - Registered Pluggable Module: [settings] 'Platform Settings' (Order: 999)
[2026-08-12 09:10:12] [WARNING] [ARGUS_AI:plugin_manager.py:30] - Module 'home' is being re-registered.
[2026-08-12 09:10:12] [INFO] [ARGUS_AI:plugin_manager.py:34] - Registered Pluggable Module: [home] 'Home Dashboard' (Order: 1)
[2026-08-12 09:10:12] [WARNING] [ARGUS_AI:plugin_manager.py:30] - Module 'file_loader' is being re-registered.
[2026-08-12 09:10:12] [INFO] [ARGUS_AI:plugin_manager.py:34] - Registered Pluggable Module: [file_loader] 'Universal File Loader' (Order: 10)
[2026-08-12 09:10:12] [WARNING] [ARGUS_AI:plugin_manager.py:30] - Module 'db_connectors' is being re-registered.
[2026-08-12 09:10:12] [INFO] [ARGUS_AI:plugin_manager.py:34] - Registered Pluggable Module: [db_connectors] 'Database Connectors' (Order: 20)
[2026-08-12 09:10:12] [WARNING] [ARGUS_AI:plugin_manager.py:30] - Module 'ocr_engine' is being re-registered.
[2026-08-12 09:10:12] [INFO] [ARGUS_AI:plugin_manager.py:34] - Registered Pluggable Module: [ocr_engine] 'OCR & Document Extractor' (Order: 30)
[2026-08-12 09:10:12] [WARNING] [ARGUS_AI:plugin_manager.py:30] - Module 'data_cleaning' is being re-registered.
[2026-08-12 09:10:12] [INFO] [ARGUS_AI:plugin_manager.py:34] - Registered Pluggable Module: [data_cleaning] 'Data Cleaning Engine' (Order: 40)
[2026-08-12 09:10:12] [WARNING] [ARGUS_AI:plugin_manager.py:30] - Module 'data_profiling' is being re-registered.
[2026-08-12 09:10:12] [INFO] [ARGUS_AI:plugin_manager.py:34] - Registered Pluggable Module: [data_profiling] 'Data Profiling Engine' (Order: 50)
[2026-08-12 09:10:12] [WARNING] [ARGUS_AI:plugin_manager.py:30] - Module 'analytics_engine' is being re-registered.
[2026-08-12 09:10:12] [INFO] [ARGUS_AI:plugin_manager.py:34] - Registered Pluggable Module: [analytics_engine] 'Analytics & Forecasting' (Order: 60)
[2026-08-12 09:10:12] [WARNING] [ARGUS_AI:plugin_manager.py:30] - Module 'visualization_engine' is being re-registered.
[2026-08-12 09:10:12] [INFO] [ARGUS_AI:plugin_manager.py:34] - Registered Pluggable Module: [visualization_engine] 'Visualization Engine' (Order: 70)
[2026-08-12 09:10:12] [WARNING] [ARGUS_AI:plugin_manager.py:30] - Module 'settings' is being re-registered.
[2026-08-12 09:10:12] [INFO] [ARGUS_AI:plugin_manager.py:34] - Registered Pluggable Module: [settings] 'Platform Settings' (Order: 999)
[2026-08-12 09:10:21] [WARNING] [ARGUS_AI:plugin_manager.py:30] - Module 'home' is being re-registered.
[2026-08-12 09:10:21] [INFO] [ARGUS_AI:plugin_manager.py:34] - Registered Pluggable Module: [home] 'Home Dashboard' (Order: 1)
[2026-08-12 09:10:21] [WARNING] [ARGUS_AI:plugin_manager.py:30] - Module 'file_loader' is being re-registered.
[2026-08-12 09:10:21] [INFO] [ARGUS_AI:plugin_manager.py:34] - Registered Pluggable Module: [file_loader] 'Universal File Loader' (Order: 10)
[2026-08-12 09:10:21] [WARNING] [ARGUS_AI:plugin_manager.py:30] - Module 'db_connectors' is being re-registered.
[2026-08-12 09:10:21] [INFO] [ARGUS_AI:plugin_manager.py:34] - Registered Pluggable Module: [db_connectors] 'Database Connectors' (Order: 20)
[2026-08-12 09:10:21] [WARNING] [ARGUS_AI:plugin_manager.py:30] - Module 'ocr_engine' is being re-registered.
[2026-08-12 09:10:21] [INFO] [ARGUS_AI:plugin_manager.py:34] - Registered Pluggable Module: [ocr_engine] 'OCR & Document Extractor' (Order: 30)
[2026-08-12 09:10:21] [WARNING] [ARGUS_AI:plugin_manager.py:30] - Module 'data_cleaning' is being re-registered.
[2026-08-12 09:10:21] [INFO] [ARGUS_AI:plugin_manager.py:34] - Registered Pluggable Module: [data_cleaning] 'Data Cleaning Engine' (Order: 40)
[2026-08-12 09:10:21] [WARNING] [ARGUS_AI:plugin_manager.py:30] - Module 'data_profiling' is being re-registered.
[2026-08-12 09:10:21] [INFO] [ARGUS_AI:plugin_manager.py:34] - Registered Pluggable Module: [data_profiling] 'Data Profiling Engine' (Order: 50)
[2026-08-12 09:10:21] [WARNING] [ARGUS_AI:plugin_manager.py:30] - Module 'analytics_engine' is being re-registered.
[2026-08-12 09:10:21] [INFO] [ARGUS_AI:plugin_manager.py:34] - Registered Pluggable Module: [analytics_engine] 'Analytics & Forecasting' (Order: 60)
[2026-08-12 09:10:21] [WARNING] [ARGUS_AI:plugin_manager.py:30] - Module 'visualization_engine' is being re-registered.
[2026-08-12 09:10:21] [INFO] [ARGUS_AI:plugin_manager.py:34] - Registered Pluggable Module: [visualization_engine] 'Visualization Engine' (Order: 70)
[2026-08-12 09:10:21] [WARNING] [ARGUS_AI:plugin_manager.py:30] - Module 'settings' is being re-registered.
[2026-08-12 09:10:21] [INFO] [ARGUS_AI:plugin_manager.py:34] - Registered Pluggable Module: [settings] 'Platform Settings' (Order: 999)
[2026-08-12 09:10:22] [WARNING] [ARGUS_AI:plugin_manager.py:30] - Module 'home' is being re-registered.
[2026-08-12 09:10:22] [INFO] [ARGUS_AI:plugin_manager.py:34] - Registered Pluggable Module: [home] 'Home Dashboard' (Order: 1)
[2026-08-12 09:10:22] [WARNING] [ARGUS_AI:plugin_manager.py:30] - Module 'file_loader' is being re-registered.
[2026-08-12 09:10:22] [INFO] [ARGUS_AI:plugin_manager.py:34] - Registered Pluggable Module: [file_loader] 'Universal File Loader' (Order: 10)
[2026-08-12 09:10:22] [WARNING] [ARGUS_AI:plugin_manager.py:30] - Module 'db_connectors' is being re-registered.
[2026-08-12 09:10:22] [INFO] [ARGUS_AI:plugin_manager.py:34] - Registered Pluggable Module: [db_connectors] 'Database Connectors' (Order: 20)
[2026-08-12 09:10:22] [WARNING] [ARGUS_AI:plugin_manager.py:30] - Module 'ocr_engine' is being re-registered.
[2026-08-12 09:10:22] [INFO] [ARGUS_AI:plugin_manager.py:34] - Registered Pluggable Module: [ocr_engine] 'OCR & Document Extractor' (Order: 30)
[2026-08-12 09:10:22] [WARNING] [ARGUS_AI:plugin_manager.py:30] - Module 'data_cleaning' is being re-registered.
[2026-08-12 09:10:22] [INFO] [ARGUS_AI:plugin_manager.py:34] - Registered Pluggable Module: [data_cleaning] 'Data Cleaning Engine' (Order: 40)
[2026-08-12 09:10:22] [WARNING] [ARGUS_AI:plugin_manager.py:30] - Module 'data_profiling' is being re-registered.
[2026-08-12 09:10:22] [INFO] [ARGUS_AI:plugin_manager.py:34] - Registered Pluggable Module: [data_profiling] 'Data Profiling Engine' (Order: 50)
[2026-08-12 09:10:22] [WARNING] [ARGUS_AI:plugin_manager.py:30] - Module 'analytics_engine' is being re-registered.
[2026-08-12 09:10:22] [INFO] [ARGUS_AI:plugin_manager.py:34] - Registered Pluggable Module: [analytics_engine] 'Analytics & Forecasting' (Order: 60)
[2026-08-12 09:10:22] [WARNING] [ARGUS_AI:plugin_manager.py:30] - Module 'visualization_engine' is being re-registered.
[2026-08-12 09:10:22] [INFO] [ARGUS_AI:plugin_manager.py:34] - Registered Pluggable Module: [visualization_engine] 'Visualization Engine' (Order: 70)
[2026-08-12 09:10:22] [WARNING] [ARGUS_AI:plugin_manager.py:30] - Module 'settings' is being re-registered.
[2026-08-12 09:10:22] [INFO] [ARGUS_AI:plugin_manager.py:34] - Registered Pluggable Module: [settings] 'Platform Settings' (Order: 999)
[2026-08-12 09:10:22] [INFO] [ARGUS_AI:file_service.py:46] - Ingesting file 'Inzone_-_July_2026__1_.xlsx' (830046 bytes, type 'xlsx')
[2026-08-12 09:10:30] [WARNING] [ARGUS_AI:plugin_manager.py:30] - Module 'home' is being re-registered.
[2026-08-12 09:10:30] [INFO] [ARGUS_AI:plugin_manager.py:34] - Registered Pluggable Module: [home] 'Home Dashboard' (Order: 1)
[2026-08-12 09:10:30] [WARNING] [ARGUS_AI:plugin_manager.py:30] - Module 'file_loader' is being re-registered.
[2026-08-12 09:10:30] [INFO] [ARGUS_AI:plugin_manager.py:34] - Registered Pluggable Module: [file_loader] 'Universal File Loader' (Order: 10)
[2026-08-12 09:10:30] [WARNING] [ARGUS_AI:plugin_manager.py:30] - Module 'db_connectors' is being re-registered.
[2026-08-12 09:10:30] [INFO] [ARGUS_AI:plugin_manager.py:34] - Registered Pluggable Module: [db_connectors] 'Database Connectors' (Order: 20)
[2026-08-12 09:10:30] [WARNING] [ARGUS_AI:plugin_manager.py:30] - Module 'ocr_engine' is being re-registered.
[2026-08-12 09:10:30] [INFO] [ARGUS_AI:plugin_manager.py:34] - Registered Pluggable Module: [ocr_engine] 'OCR & Document Extractor' (Order: 30)
[2026-08-12 09:10:30] [WARNING] [ARGUS_AI:plugin_manager.py:30] - Module 'data_cleaning' is being re-registered.
[2026-08-12 09:10:30] [INFO] [ARGUS_AI:plugin_manager.py:34] - Registered Pluggable Module: [data_cleaning] 'Data Cleaning Engine' (Order: 40)
[2026-08-12 09:10:30] [WARNING] [ARGUS_AI:plugin_manager.py:30] - Module 'data_profiling' is being re-registered.
[2026-08-12 09:10:30] [INFO] [ARGUS_AI:plugin_manager.py:34] - Registered Pluggable Module: [data_profiling] 'Data Profiling Engine' (Order: 50)
[2026-08-12 09:10:30] [WARNING] [ARGUS_AI:plugin_manager.py:30] - Module 'analytics_engine' is being re-registered.
[2026-08-12 09:10:30] [INFO] [ARGUS_AI:plugin_manager.py:34] - Registered Pluggable Module: [analytics_engine] 'Analytics & Forecasting' (Order: 60)
[2026-08-12 09:10:30] [WARNING] [ARGUS_AI:plugin_manager.py:30] - Module 'visualization_engine' is being re-registered.
[2026-08-12 09:10:30] [INFO] [ARGUS_AI:plugin_manager.py:34] - Registered Pluggable Module: [visualization_engine] 'Visualization Engine' (Order: 70)
[2026-08-12 09:10:30] [WARNING] [ARGUS_AI:plugin_manager.py:30] - Module 'settings' is being re-registered.
[2026-08-12 09:10:30] [INFO] [ARGUS_AI:plugin_manager.py:34] - Registered Pluggable Module: [settings] 'Platform Settings' (Order: 999)
[2026-08-12 09:10:31] [WARNING] [ARGUS_AI:plugin_manager.py:30] - Module 'home' is being re-registered.
[2026-08-12 09:10:31] [INFO] [ARGUS_AI:plugin_manager.py:34] - Registered Pluggable Module: [home] 'Home Dashboard' (Order: 1)
[2026-08-12 09:10:31] [WARNING] [ARGUS_AI:plugin_manager.py:30] - Module 'file_loader' is being re-registered.
[2026-08-12 09:10:31] [INFO] [ARGUS_AI:plugin_manager.py:34] - Registered Pluggable Module: [file_loader] 'Universal File Loader' (Order: 10)
[2026-08-12 09:10:31] [WARNING] [ARGUS_AI:plugin_manager.py:30] - Module 'db_connectors' is being re-registered.
[2026-08-12 09:10:31] [INFO] [ARGUS_AI:plugin_manager.py:34] - Registered Pluggable Module: [db_connectors] 'Database Connectors' (Order: 20)
[2026-08-12 09:10:31] [WARNING] [ARGUS_AI:plugin_manager.py:30] - Module 'ocr_engine' is being re-registered.
[2026-08-12 09:10:31] [INFO] [ARGUS_AI:plugin_manager.py:34] - Registered Pluggable Module: [ocr_engine] 'OCR & Document Extractor' (Order: 30)
[2026-08-12 09:10:31] [WARNING] [ARGUS_AI:plugin_manager.py:30] - Module 'data_cleaning' is being re-registered.
[2026-08-12 09:10:31] [INFO] [ARGUS_AI:plugin_manager.py:34] - Registered Pluggable Module: [data_cleaning] 'Data Cleaning Engine' (Order: 40)
[2026-08-12 09:10:31] [WARNING] [ARGUS_AI:plugin_manager.py:30] - Module 'data_profiling' is being re-registered.
[2026-08-12 09:10:31] [INFO] [ARGUS_AI:plugin_manager.py:34] - Registered Pluggable Module: [data_profiling] 'Data Profiling Engine' (Order: 50)
[2026-08-12 09:10:31] [WARNING] [ARGUS_AI:plugin_manager.py:30] - Module 'analytics_engine' is being re-registered.
[2026-08-12 09:10:31] [INFO] [ARGUS_AI:plugin_manager.py:34] - Registered Pluggable Module: [analytics_engine] 'Analytics & Forecasting' (Order: 60)
[2026-08-12 09:10:31] [WARNING] [ARGUS_AI:plugin_manager.py:30] - Module 'visualization_engine' is being re-registered.
[2026-08-12 09:10:31] [INFO] [ARGUS_AI:plugin_manager.py:34] - Registered Pluggable Module: [visualization_engine] 'Visualization Engine' (Order: 70)
[2026-08-12 09:10:31] [WARNING] [ARGUS_AI:plugin_manager.py:30] - Module 'settings' is being re-registered.
[2026-08-12 09:10:31] [INFO] [ARGUS_AI:plugin_manager.py:34] - Registered Pluggable Module: [settings] 'Platform Settings' (Order: 999)
[2026-08-12 09:10:50] [WARNING] [ARGUS_AI:plugin_manager.py:30] - Module 'home' is being re-registered.
[2026-08-12 09:10:50] [INFO] [ARGUS_AI:plugin_manager.py:34] - Registered Pluggable Module: [home] 'Home Dashboard' (Order: 1)
[2026-08-12 09:10:50] [WARNING] [ARGUS_AI:plugin_manager.py:30] - Module 'file_loader' is being re-registered.
[2026-08-12 09:10:50] [INFO] [ARGUS_AI:plugin_manager.py:34] - Registered Pluggable Module: [file_loader] 'Universal File Loader' (Order: 10)
[2026-08-12 09:10:50] [WARNING] [ARGUS_AI:plugin_manager.py:30] - Module 'db_connectors' is being re-registered.
[2026-08-12 09:10:50] [INFO] [ARGUS_AI:plugin_manager.py:34] - Registered Pluggable Module: [db_connectors] 'Database Connectors' (Order: 20)
[2026-08-12 09:10:50] [WARNING] [ARGUS_AI:plugin_manager.py:30] - Module 'ocr_engine' is being re-registered.
[2026-08-12 09:10:50] [INFO] [ARGUS_AI:plugin_manager.py:34] - Registered Pluggable Module: [ocr_engine] 'OCR & Document Extractor' (Order: 30)
[2026-08-12 09:10:50] [WARNING] [ARGUS_AI:plugin_manager.py:30] - Module 'data_cleaning' is being re-registered.
[2026-08-12 09:10:50] [INFO] [ARGUS_AI:plugin_manager.py:34] - Registered Pluggable Module: [data_cleaning] 'Data Cleaning Engine' (Order: 40)
[2026-08-12 09:10:50] [WARNING] [ARGUS_AI:plugin_manager.py:30] - Module 'data_profiling' is being re-registered.
[2026-08-12 09:10:50] [INFO] [ARGUS_AI:plugin_manager.py:34] - Registered Pluggable Module: [data_profiling] 'Data Profiling Engine' (Order: 50)
[2026-08-12 09:10:50] [WARNING] [ARGUS_AI:plugin_manager.py:30] - Module 'analytics_engine' is being re-registered.
[2026-08-12 09:10:50] [INFO] [ARGUS_AI:plugin_manager.py:34] - Registered Pluggable Module: [analytics_engine] 'Analytics & Forecasting' (Order: 60)
[2026-08-12 09:10:50] [WARNING] [ARGUS_AI:plugin_manager.py:30] - Module 'visualization_engine' is being re-registered.
[2026-08-12 09:10:50] [INFO] [ARGUS_AI:plugin_manager.py:34] - Registered Pluggable Module: [visualization_engine] 'Visualization Engine' (Order: 70)
[2026-08-12 09:10:50] [WARNING] [ARGUS_AI:plugin_manager.py:30] - Module 'settings' is being re-registered.
[2026-08-12 09:10:50] [INFO] [ARGUS_AI:plugin_manager.py:34] - Registered Pluggable Module: [settings] 'Platform Settings' (Order: 999)
[2026-08-12 09:10:53] [WARNING] [ARGUS_AI:plugin_manager.py:30] - Module 'home' is being re-registered.
[2026-08-12 09:10:53] [INFO] [ARGUS_AI:plugin_manager.py:34] - Registered Pluggable Module: [home] 'Home Dashboard' (Order: 1)
[2026-08-12 09:10:53] [WARNING] [ARGUS_AI:plugin_manager.py:30] - Module 'file_loader' is being re-registered.
[2026-08-12 09:10:53] [INFO] [ARGUS_AI:plugin_manager.py:34] - Registered Pluggable Module: [file_loader] 'Universal File Loader' (Order: 10)
[2026-08-12 09:10:53] [WARNING] [ARGUS_AI:plugin_manager.py:30] - Module 'db_connectors' is being re-registered.
[2026-08-12 09:10:53] [INFO] [ARGUS_AI:plugin_manager.py:34] - Registered Pluggable Module: [db_connectors] 'Database Connectors' (Order: 20)
[2026-08-12 09:10:53] [WARNING] [ARGUS_AI:plugin_manager.py:30] - Module 'ocr_engine' is being re-registered.
[2026-08-12 09:10:53] [INFO] [ARGUS_AI:plugin_manager.py:34] - Registered Pluggable Module: [ocr_engine] 'OCR & Document Extractor' (Order: 30)
[2026-08-12 09:10:53] [WARNING] [ARGUS_AI:plugin_manager.py:30] - Module 'data_cleaning' is being re-registered.
[2026-08-12 09:10:53] [INFO] [ARGUS_AI:plugin_manager.py:34] - Registered Pluggable Module: [data_cleaning] 'Data Cleaning Engine' (Order: 40)
[2026-08-12 09:10:53] [WARNING] [ARGUS_AI:plugin_manager.py:30] - Module 'data_profiling' is being re-registered.
[2026-08-12 09:10:53] [INFO] [ARGUS_AI:plugin_manager.py:34] - Registered Pluggable Module: [data_profiling] 'Data Profiling Engine' (Order: 50)
[2026-08-12 09:10:53] [WARNING] [ARGUS_AI:plugin_manager.py:30] - Module 'analytics_engine' is being re-registered.
[2026-08-12 09:10:53] [INFO] [ARGUS_AI:plugin_manager.py:34] - Registered Pluggable Module: [analytics_engine] 'Analytics & Forecasting' (Order: 60)
[2026-08-12 09:10:53] [WARNING] [ARGUS_AI:plugin_manager.py:30] - Module 'visualization_engine' is being re-registered.
[2026-08-12 09:10:53] [INFO] [ARGUS_AI:plugin_manager.py:34] - Registered Pluggable Module: [visualization_engine] 'Visualization Engine' (Order: 70)
[2026-08-12 09:10:53] [WARNING] [ARGUS_AI:plugin_manager.py:30] - Module 'settings' is being re-registered.
[2026-08-12 09:10:53] [INFO] [ARGUS_AI:plugin_manager.py:34] - Registered Pluggable Module: [settings] 'Platform Settings' (Order: 999)
[2026-08-12 09:13:56] [WARNING] [ARGUS_AI:plugin_manager.py:30] - Module 'home' is being re-registered.
[2026-08-12 09:13:56] [INFO] [ARGUS_AI:plugin_manager.py:34] - Registered Pluggable Module: [home] 'Home Dashboard' (Order: 1)
[2026-08-12 09:13:56] [WARNING] [ARGUS_AI:plugin_manager.py:30] - Module 'file_loader' is being re-registered.
[2026-08-12 09:13:56] [INFO] [ARGUS_AI:plugin_manager.py:34] - Registered Pluggable Module: [file_loader] 'Universal File Loader' (Order: 10)
[2026-08-12 09:13:56] [WARNING] [ARGUS_AI:plugin_manager.py:30] - Module 'db_connectors' is being re-registered.
[2026-08-12 09:13:56] [INFO] [ARGUS_AI:plugin_manager.py:34] - Registered Pluggable Module: [db_connectors] 'Database Connectors' (Order: 20)
[2026-08-12 09:13:56] [WARNING] [ARGUS_AI:plugin_manager.py:30] - Module 'ocr_engine' is being re-registered.
[2026-08-12 09:13:56] [INFO] [ARGUS_AI:plugin_manager.py:34] - Registered Pluggable Module: [ocr_engine] 'OCR & Document Extractor' (Order: 30)
[2026-08-12 09:13:56] [WARNING] [ARGUS_AI:plugin_manager.py:30] - Module 'data_cleaning' is being re-registered.
[2026-08-12 09:13:56] [INFO] [ARGUS_AI:plugin_manager.py:34] - Registered Pluggable Module: [data_cleaning] 'Data Cleaning Engine' (Order: 40)
[2026-08-12 09:13:56] [WARNING] [ARGUS_AI:plugin_manager.py:30] - Module 'data_profiling' is being re-registered.
[2026-08-12 09:13:56] [INFO] [ARGUS_AI:plugin_manager.py:34] - Registered Pluggable Module: [data_profiling] 'Data Profiling Engine' (Order: 50)
[2026-08-12 09:13:56] [WARNING] [ARGUS_AI:plugin_manager.py:30] - Module 'analytics_engine' is being re-registered.
[2026-08-12 09:13:56] [INFO] [ARGUS_AI:plugin_manager.py:34] - Registered Pluggable Module: [analytics_engine] 'Analytics & Forecasting' (Order: 60)
[2026-08-12 09:13:56] [WARNING] [ARGUS_AI:plugin_manager.py:30] - Module 'visualization_engine' is being re-registered.
[2026-08-12 09:13:56] [INFO] [ARGUS_AI:plugin_manager.py:34] - Registered Pluggable Module: [visualization_engine] 'Visualization Engine' (Order: 70)
[2026-08-12 09:13:56] [WARNING] [ARGUS_AI:plugin_manager.py:30] - Module 'settings' is being re-registered.
[2026-08-12 09:13:56] [INFO] [ARGUS_AI:plugin_manager.py:34] - Registered Pluggable Module: [settings] 'Platform Settings' (Order: 999)
[2026-08-12 09:34:17] [WARNING] [ARGUS_AI:plugin_manager.py:30] - Module 'home' is being re-registered.
[2026-08-12 09:34:17] [INFO] [ARGUS_AI:plugin_manager.py:34] - Registered Pluggable Module: [home] 'Home Dashboard' (Order: 1)
[2026-08-12 09:34:17] [WARNING] [ARGUS_AI:plugin_manager.py:30] - Module 'file_loader' is being re-registered.
[2026-08-12 09:34:17] [INFO] [ARGUS_AI:plugin_manager.py:34] - Registered Pluggable Module: [file_loader] 'Universal File Loader' (Order: 10)
[2026-08-12 09:34:17] [WARNING] [ARGUS_AI:plugin_manager.py:30] - Module 'db_connectors' is being re-registered.
[2026-08-12 09:34:17] [INFO] [ARGUS_AI:plugin_manager.py:34] - Registered Pluggable Module: [db_connectors] 'Database Connectors' (Order: 20)
[2026-08-12 09:34:17] [WARNING] [ARGUS_AI:plugin_manager.py:30] - Module 'ocr_engine' is being re-registered.
[2026-08-12 09:34:17] [INFO] [ARGUS_AI:plugin_manager.py:34] - Registered Pluggable Module: [ocr_engine] 'OCR & Document Extractor' (Order: 30)
[2026-08-12 09:34:17] [WARNING] [ARGUS_AI:plugin_manager.py:30] - Module 'data_cleaning' is being re-registered.
[2026-08-12 09:34:17] [INFO] [ARGUS_AI:plugin_manager.py:34] - Registered Pluggable Module: [data_cleaning] 'Data Cleaning Engine' (Order: 40)
[2026-08-12 09:34:17] [WARNING] [ARGUS_AI:plugin_manager.py:30] - Module 'data_profiling' is being re-registered.
[2026-08-12 09:34:17] [INFO] [ARGUS_AI:plugin_manager.py:34] - Registered Pluggable Module: [data_profiling] 'Data Profiling Engine' (Order: 50)
[2026-08-12 09:34:17] [WARNING] [ARGUS_AI:plugin_manager.py:30] - Module 'analytics_engine' is being re-registered.
[2026-08-12 09:34:17] [INFO] [ARGUS_AI:plugin_manager.py:34] - Registered Pluggable Module: [analytics_engine] 'Analytics & Forecasting' (Order: 60)
[2026-08-12 09:34:17] [WARNING] [ARGUS_AI:plugin_manager.py:30] - Module 'visualization_engine' is being re-registered.
[2026-08-12 09:34:17] [INFO] [ARGUS_AI:plugin_manager.py:34] - Registered Pluggable Module: [visualization_engine] 'Visualization Engine' (Order: 70)
[2026-08-12 09:34:17] [WARNING] [ARGUS_AI:plugin_manager.py:30] - Module 'settings' is being re-registered.
[2026-08-12 09:34:17] [INFO] [ARGUS_AI:plugin_manager.py:34] - Registered Pluggable Module: [settings] 'Platform Settings' (Order: 999)
[2026-08-12 09:37:34] [WARNING] [ARGUS_AI:plugin_manager.py:30] - Module 'home' is being re-registered.
[2026-08-12 09:37:34] [INFO] [ARGUS_AI:plugin_manager.py:34] - Registered Pluggable Module: [home] 'Home Dashboard' (Order: 1)
[2026-08-12 09:37:34] [WARNING] [ARGUS_AI:plugin_manager.py:30] - Module 'file_loader' is being re-registered.
[2026-08-12 09:37:34] [INFO] [ARGUS_AI:plugin_manager.py:34] - Registered Pluggable Module: [file_loader] 'Universal File Loader' (Order: 10)
[2026-08-12 09:37:34] [WARNING] [ARGUS_AI:plugin_manager.py:30] - Module 'db_connectors' is being re-registered.
[2026-08-12 09:37:34] [INFO] [ARGUS_AI:plugin_manager.py:34] - Registered Pluggable Module: [db_connectors] 'Database Connectors' (Order: 20)
[2026-08-12 09:37:34] [WARNING] [ARGUS_AI:plugin_manager.py:30] - Module 'ocr_engine' is being re-registered.
[2026-08-12 09:37:34] [INFO] [ARGUS_AI:plugin_manager.py:34] - Registered Pluggable Module: [ocr_engine] 'OCR & Document Extractor' (Order: 30)
[2026-08-12 09:37:34] [WARNING] [ARGUS_AI:plugin_manager.py:30] - Module 'data_cleaning' is being re-registered.
[2026-08-12 09:37:34] [INFO] [ARGUS_AI:plugin_manager.py:34] - Registered Pluggable Module: [data_cleaning] 'Data Cleaning Engine' (Order: 40)
[2026-08-12 09:37:34] [WARNING] [ARGUS_AI:plugin_manager.py:30] - Module 'data_profiling' is being re-registered.
[2026-08-12 09:37:34] [INFO] [ARGUS_AI:plugin_manager.py:34] - Registered Pluggable Module: [data_profiling] 'Data Profiling Engine' (Order: 50)
[2026-08-12 09:37:34] [WARNING] [ARGUS_AI:plugin_manager.py:30] - Module 'analytics_engine' is being re-registered.
[2026-08-12 09:37:34] [INFO] [ARGUS_AI:plugin_manager.py:34] - Registered Pluggable Module: [analytics_engine] 'Analytics & Forecasting' (Order: 60)
[2026-08-12 09:37:34] [WARNING] [ARGUS_AI:plugin_manager.py:30] - Module 'visualization_engine' is being re-registered.
[2026-08-12 09:37:34] [INFO] [ARGUS_AI:plugin_manager.py:34] - Registered Pluggable Module: [visualization_engine] 'Visualization Engine' (Order: 70)
[2026-08-12 09:37:34] [WARNING] [ARGUS_AI:plugin_manager.py:30] - Module 'settings' is being re-registered.
[2026-08-12 09:37:34] [INFO] [ARGUS_AI:plugin_manager.py:34] - Registered Pluggable Module: [settings] 'Platform Settings' (Order: 999)
[2026-08-12 09:37:34] [WARNING] [ARGUS_AI:plugin_manager.py:30] - Module 'home' is being re-registered.
[2026-08-12 09:37:34] [INFO] [ARGUS_AI:plugin_manager.py:34] - Registered Pluggable Module: [home] 'Home Dashboard' (Order: 1)
[2026-08-12 09:37:34] [WARNING] [ARGUS_AI:plugin_manager.py:30] - Module 'file_loader' is being re-registered.
[2026-08-12 09:37:34] [INFO] [ARGUS_AI:plugin_manager.py:34] - Registered Pluggable Module: [file_loader] 'Universal File Loader' (Order: 10)
[2026-08-12 09:37:34] [WARNING] [ARGUS_AI:plugin_manager.py:30] - Module 'db_connectors' is being re-registered.
[2026-08-12 09:37:34] [INFO] [ARGUS_AI:plugin_manager.py:34] - Registered Pluggable Module: [db_connectors] 'Database Connectors' (Order: 20)
[2026-08-12 09:37:34] [WARNING] [ARGUS_AI:plugin_manager.py:30] - Module 'ocr_engine' is being re-registered.
[2026-08-12 09:37:34] [INFO] [ARGUS_AI:plugin_manager.py:34] - Registered Pluggable Module: [ocr_engine] 'OCR & Document Extractor' (Order: 30)
[2026-08-12 09:37:34] [WARNING] [ARGUS_AI:plugin_manager.py:30] - Module 'data_cleaning' is being re-registered.
[2026-08-12 09:37:34] [INFO] [ARGUS_AI:plugin_manager.py:34] - Registered Pluggable Module: [data_cleaning] 'Data Cleaning Engine' (Order: 40)
[2026-08-12 09:37:34] [WARNING] [ARGUS_AI:plugin_manager.py:30] - Module 'data_profiling' is being re-registered.
[2026-08-12 09:37:34] [INFO] [ARGUS_AI:plugin_manager.py:34] - Registered Pluggable Module: [data_profiling] 'Data Profiling Engine' (Order: 50)
[2026-08-12 09:37:34] [WARNING] [ARGUS_AI:plugin_manager.py:30] - Module 'analytics_engine' is being re-registered.
[2026-08-12 09:37:34] [INFO] [ARGUS_AI:plugin_manager.py:34] - Registered Pluggable Module: [analytics_engine] 'Analytics & Forecasting' (Order: 60)
[2026-08-12 09:37:34] [WARNING] [ARGUS_AI:plugin_manager.py:30] - Module 'visualization_engine' is being re-registered.
[2026-08-12 09:37:34] [INFO] [ARGUS_AI:plugin_manager.py:34] - Registered Pluggable Module: [visualization_engine] 'Visualization Engine' (Order: 70)
[2026-08-12 09:37:34] [WARNING] [ARGUS_AI:plugin_manager.py:30] - Module 'settings' is being re-registered.
[2026-08-12 09:37:34] [INFO] [ARGUS_AI:plugin_manager.py:34] - Registered Pluggable Module: [settings] 'Platform Settings' (Order: 999)
[2026-08-12 09:38:54] [WARNING] [ARGUS_AI:plugin_manager.py:30] - Module 'home' is being re-registered.
[2026-08-12 09:38:54] [INFO] [ARGUS_AI:plugin_manager.py:34] - Registered Pluggable Module: [home] 'Home Dashboard' (Order: 1)
[2026-08-12 09:38:54] [WARNING] [ARGUS_AI:plugin_manager.py:30] - Module 'file_loader' is being re-registered.
[2026-08-12 09:38:54] [INFO] [ARGUS_AI:plugin_manager.py:34] - Registered Pluggable Module: [file_loader] 'Universal File Loader' (Order: 10)
[2026-08-12 09:38:54] [WARNING] [ARGUS_AI:plugin_manager.py:30] - Module 'db_connectors' is being re-registered.
[2026-08-12 09:38:54] [INFO] [ARGUS_AI:plugin_manager.py:34] - Registered Pluggable Module: [db_connectors] 'Database Connectors' (Order: 20)
[2026-08-12 09:38:54] [WARNING] [ARGUS_AI:plugin_manager.py:30] - Module 'ocr_engine' is being re-registered.
[2026-08-12 09:38:54] [INFO] [ARGUS_AI:plugin_manager.py:34] - Registered Pluggable Module: [ocr_engine] 'OCR & Document Extractor' (Order: 30)
[2026-08-12 09:38:54] [WARNING] [ARGUS_AI:plugin_manager.py:30] - Module 'data_cleaning' is being re-registered.
[2026-08-12 09:38:54] [INFO] [ARGUS_AI:plugin_manager.py:34] - Registered Pluggable Module: [data_cleaning] 'Data Cleaning Engine' (Order: 40)
[2026-08-12 09:38:54] [WARNING] [ARGUS_AI:plugin_manager.py:30] - Module 'data_profiling' is being re-registered.
[2026-08-12 09:38:54] [INFO] [ARGUS_AI:plugin_manager.py:34] - Registered Pluggable Module: [data_profiling] 'Data Profiling Engine' (Order: 50)
[2026-08-12 09:38:54] [WARNING] [ARGUS_AI:plugin_manager.py:30] - Module 'analytics_engine' is being re-registered.
[2026-08-12 09:38:54] [INFO] [ARGUS_AI:plugin_manager.py:34] - Registered Pluggable Module: [analytics_engine] 'Analytics & Forecasting' (Order: 60)
[2026-08-12 09:38:54] [WARNING] [ARGUS_AI:plugin_manager.py:30] - Module 'visualization_engine' is being re-registered.
[2026-08-12 09:38:54] [INFO] [ARGUS_AI:plugin_manager.py:34] - Registered Pluggable Module: [visualization_engine] 'Visualization Engine' (Order: 70)
[2026-08-12 09:38:54] [WARNING] [ARGUS_AI:plugin_manager.py:30] - Module 'settings' is being re-registered.
[2026-08-12 09:38:54] [INFO] [ARGUS_AI:plugin_manager.py:34] - Registered Pluggable Module: [settings] 'Platform Settings' (Order: 999)
[2026-08-12 09:38:54] [WARNING] [ARGUS_AI:plugin_manager.py:30] - Module 'home' is being re-registered.
[2026-08-12 09:38:54] [INFO] [ARGUS_AI:plugin_manager.py:34] - Registered Pluggable Module: [home] 'Home Dashboard' (Order: 1)
[2026-08-12 09:38:54] [WARNING] [ARGUS_AI:plugin_manager.py:30] - Module 'file_loader' is being re-registered.
[2026-08-12 09:38:54] [INFO] [ARGUS_AI:plugin_manager.py:34] - Registered Pluggable Module: [file_loader] 'Universal File Loader' (Order: 10)
[2026-08-12 09:38:54] [WARNING] [ARGUS_AI:plugin_manager.py:30] - Module 'db_connectors' is being re-registered.
[2026-08-12 09:38:54] [INFO] [ARGUS_AI:plugin_manager.py:34] - Registered Pluggable Module: [db_connectors] 'Database Connectors' (Order: 20)
[2026-08-12 09:38:54] [WARNING] [ARGUS_AI:plugin_manager.py:30] - Module 'ocr_engine' is being re-registered.
[2026-08-12 09:38:54] [INFO] [ARGUS_AI:plugin_manager.py:34] - Registered Pluggable Module: [ocr_engine] 'OCR & Document Extractor' (Order: 30)
[2026-08-12 09:38:54] [WARNING] [ARGUS_AI:plugin_manager.py:30] - Module 'data_cleaning' is being re-registered.
[2026-08-12 09:38:54] [INFO] [ARGUS_AI:plugin_manager.py:34] - Registered Pluggable Module: [data_cleaning] 'Data Cleaning Engine' (Order: 40)
[2026-08-12 09:38:54] [WARNING] [ARGUS_AI:plugin_manager.py:30] - Module 'data_profiling' is being re-registered.
[2026-08-12 09:38:54] [INFO] [ARGUS_AI:plugin_manager.py:34] - Registered Pluggable Module: [data_profiling] 'Data Profiling Engine' (Order: 50)
[2026-08-12 09:38:54] [WARNING] [ARGUS_AI:plugin_manager.py:30] - Module 'analytics_engine' is being re-registered.
[2026-08-12 09:38:54] [INFO] [ARGUS_AI:plugin_manager.py:34] - Registered Pluggable Module: [analytics_engine] 'Analytics & Forecasting' (Order: 60)
[2026-08-12 09:38:54] [WARNING] [ARGUS_AI:plugin_manager.py:30] - Module 'visualization_engine' is being re-registered.
[2026-08-12 09:38:54] [INFO] [ARGUS_AI:plugin_manager.py:34] - Registered Pluggable Module: [visualization_engine] 'Visualization Engine' (Order: 70)
[2026-08-12 09:38:54] [WARNING] [ARGUS_AI:plugin_manager.py:30] - Module 'settings' is being re-registered.
[2026-08-12 09:38:54] [INFO] [ARGUS_AI:plugin_manager.py:34] - Registered Pluggable Module: [settings] 'Platform Settings' (Order: 999)
[2026-08-12 09:39:00] [WARNING] [ARGUS_AI:plugin_manager.py:30] - Module 'home' is being re-registered.
[2026-08-12 09:39:00] [INFO] [ARGUS_AI:plugin_manager.py:34] - Registered Pluggable Module: [home] 'Home Dashboard' (Order: 1)
[2026-08-12 09:39:00] [WARNING] [ARGUS_AI:plugin_manager.py:30] - Module 'file_loader' is being re-registered.
[2026-08-12 09:39:00] [INFO] [ARGUS_AI:plugin_manager.py:34] - Registered Pluggable Module: [file_loader] 'Universal File Loader' (Order: 10)
[2026-08-12 09:39:00] [WARNING] [ARGUS_AI:plugin_manager.py:30] - Module 'db_connectors' is being re-registered.
[2026-08-12 09:39:00] [INFO] [ARGUS_AI:plugin_manager.py:34] - Registered Pluggable Module: [db_connectors] 'Database Connectors' (Order: 20)
[2026-08-12 09:39:00] [WARNING] [ARGUS_AI:plugin_manager.py:30] - Module 'ocr_engine' is being re-registered.
[2026-08-12 09:39:00] [INFO] [ARGUS_AI:plugin_manager.py:34] - Registered Pluggable Module: [ocr_engine] 'OCR & Document Extractor' (Order: 30)
[2026-08-12 09:39:00] [WARNING] [ARGUS_AI:plugin_manager.py:30] - Module 'data_cleaning' is being re-registered.
[2026-08-12 09:39:00] [INFO] [ARGUS_AI:plugin_manager.py:34] - Registered Pluggable Module: [data_cleaning] 'Data Cleaning Engine' (Order: 40)
[2026-08-12 09:39:00] [WARNING] [ARGUS_AI:plugin_manager.py:30] - Module 'data_profiling' is being re-registered.
[2026-08-12 09:39:00] [INFO] [ARGUS_AI:plugin_manager.py:34] - Registered Pluggable Module: [data_profiling] 'Data Profiling Engine' (Order: 50)
[2026-08-12 09:39:00] [WARNING] [ARGUS_AI:plugin_manager.py:30] - Module 'analytics_engine' is being re-registered.
[2026-08-12 09:39:00] [INFO] [ARGUS_AI:plugin_manager.py:34] - Registered Pluggable Module: [analytics_engine] 'Analytics & Forecasting' (Order: 60)
[2026-08-12 09:39:00] [WARNING] [ARGUS_AI:plugin_manager.py:30] - Module 'visualization_engine' is being re-registered.
[2026-08-12 09:39:00] [INFO] [ARGUS_AI:plugin_manager.py:34] - Registered Pluggable Module: [visualization_engine] 'Visualization Engine' (Order: 70)
[2026-08-12 09:39:00] [WARNING] [ARGUS_AI:plugin_manager.py:30] - Module 'settings' is being re-registered.
[2026-08-12 09:39:00] [INFO] [ARGUS_AI:plugin_manager.py:34] - Registered Pluggable Module: [settings] 'Platform Settings' (Order: 999)
[2026-08-12 09:39:02] [WARNING] [ARGUS_AI:plugin_manager.py:30] - Module 'home' is being re-registered.
[2026-08-12 09:39:02] [INFO] [ARGUS_AI:plugin_manager.py:34] - Registered Pluggable Module: [home] 'Home Dashboard' (Order: 1)
[2026-08-12 09:39:02] [WARNING] [ARGUS_AI:plugin_manager.py:30] - Module 'file_loader' is being re-registered.
[2026-08-12 09:39:02] [INFO] [ARGUS_AI:plugin_manager.py:34] - Registered Pluggable Module: [file_loader] 'Universal File Loader' (Order: 10)
[2026-08-12 09:39:02] [WARNING] [ARGUS_AI:plugin_manager.py:30] - Module 'db_connectors' is being re-registered.
[2026-08-12 09:39:02] [INFO] [ARGUS_AI:plugin_manager.py:34] - Registered Pluggable Module: [db_connectors] 'Database Connectors' (Order: 20)
[2026-08-12 09:39:02] [WARNING] [ARGUS_AI:plugin_manager.py:30] - Module 'ocr_engine' is being re-registered.
[2026-08-12 09:39:02] [INFO] [ARGUS_AI:plugin_manager.py:34] - Registered Pluggable Module: [ocr_engine] 'OCR & Document Extractor' (Order: 30)
[2026-08-12 09:39:02] [WARNING] [ARGUS_AI:plugin_manager.py:30] - Module 'data_cleaning' is being re-registered.
[2026-08-12 09:39:02] [INFO] [ARGUS_AI:plugin_manager.py:34] - Registered Pluggable Module: [data_cleaning] 'Data Cleaning Engine' (Order: 40)
[2026-08-12 09:39:02] [WARNING] [ARGUS_AI:plugin_manager.py:30] - Module 'data_profiling' is being re-registered.
[2026-08-12 09:39:02] [INFO] [ARGUS_AI:plugin_manager.py:34] - Registered Pluggable Module: [data_profiling] 'Data Profiling Engine' (Order: 50)
[2026-08-12 09:39:02] [WARNING] [ARGUS_AI:plugin_manager.py:30] - Module 'analytics_engine' is being re-registered.
[2026-08-12 09:39:02] [INFO] [ARGUS_AI:plugin_manager.py:34] - Registered Pluggable Module: [analytics_engine] 'Analytics & Forecasting' (Order: 60)
[2026-08-12 09:39:02] [WARNING] [ARGUS_AI:plugin_manager.py:30] - Module 'visualization_engine' is being re-registered.
[2026-08-12 09:39:02] [INFO] [ARGUS_AI:plugin_manager.py:34] - Registered Pluggable Module: [visualization_engine] 'Visualization Engine' (Order: 70)
[2026-08-12 09:39:02] [WARNING] [ARGUS_AI:plugin_manager.py:30] - Module 'settings' is being re-registered.
[2026-08-12 09:39:02] [INFO] [ARGUS_AI:plugin_manager.py:34] - Registered Pluggable Module: [settings] 'Platform Settings' (Order: 999)
[2026-08-12 09:39:02] [INFO] [ARGUS_AI:file_service.py:46] - Ingesting file 'Inzone_-_July_2026__3_.xlsx' (830046 bytes, type 'xlsx')
[2026-08-12 09:39:15] [WARNING] [ARGUS_AI:plugin_manager.py:30] - Module 'home' is being re-registered.
[2026-08-12 09:39:15] [INFO] [ARGUS_AI:plugin_manager.py:34] - Registered Pluggable Module: [home] 'Home Dashboard' (Order: 1)
[2026-08-12 09:39:15] [WARNING] [ARGUS_AI:plugin_manager.py:30] - Module 'file_loader' is being re-registered.
[2026-08-12 09:39:15] [INFO] [ARGUS_AI:plugin_manager.py:34] - Registered Pluggable Module: [file_loader] 'Universal File Loader' (Order: 10)
[2026-08-12 09:39:15] [WARNING] [ARGUS_AI:plugin_manager.py:30] - Module 'db_connectors' is being re-registered.
[2026-08-12 09:39:15] [INFO] [ARGUS_AI:plugin_manager.py:34] - Registered Pluggable Module: [db_connectors] 'Database Connectors' (Order: 20)
[2026-08-12 09:39:15] [WARNING] [ARGUS_AI:plugin_manager.py:30] - Module 'ocr_engine' is being re-registered.
[2026-08-12 09:39:15] [INFO] [ARGUS_AI:plugin_manager.py:34] - Registered Pluggable Module: [ocr_engine] 'OCR & Document Extractor' (Order: 30)
[2026-08-12 09:39:15] [WARNING] [ARGUS_AI:plugin_manager.py:30] - Module 'data_cleaning' is being re-registered.
[2026-08-12 09:39:15] [INFO] [ARGUS_AI:plugin_manager.py:34] - Registered Pluggable Module: [data_cleaning] 'Data Cleaning Engine' (Order: 40)
[2026-08-12 09:39:15] [WARNING] [ARGUS_AI:plugin_manager.py:30] - Module 'data_profiling' is being re-registered.
[2026-08-12 09:39:15] [INFO] [ARGUS_AI:plugin_manager.py:34] - Registered Pluggable Module: [data_profiling] 'Data Profiling Engine' (Order: 50)
[2026-08-12 09:39:15] [WARNING] [ARGUS_AI:plugin_manager.py:30] - Module 'analytics_engine' is being re-registered.
[2026-08-12 09:39:15] [INFO] [ARGUS_AI:plugin_manager.py:34] - Registered Pluggable Module: [analytics_engine] 'Analytics & Forecasting' (Order: 60)
[2026-08-12 09:39:15] [WARNING] [ARGUS_AI:plugin_manager.py:30] - Module 'visualization_engine' is being re-registered.
[2026-08-12 09:39:15] [INFO] [ARGUS_AI:plugin_manager.py:34] - Registered Pluggable Module: [visualization_engine] 'Visualization Engine' (Order: 70)
[2026-08-12 09:39:15] [WARNING] [ARGUS_AI:plugin_manager.py:30] - Module 'settings' is being re-registered.
[2026-08-12 09:39:15] [INFO] [ARGUS_AI:plugin_manager.py:34] - Registered Pluggable Module: [settings] 'Platform Settings' (Order: 999)
[2026-08-12 09:39:15] [WARNING] [ARGUS_AI:plugin_manager.py:30] - Module 'home' is being re-registered.
[2026-08-12 09:39:15] [INFO] [ARGUS_AI:plugin_manager.py:34] - Registered Pluggable Module: [home] 'Home Dashboard' (Order: 1)
[2026-08-12 09:39:15] [WARNING] [ARGUS_AI:plugin_manager.py:30] - Module 'file_loader' is being re-registered.
[2026-08-12 09:39:15] [INFO] [ARGUS_AI:plugin_manager.py:34] - Registered Pluggable Module: [file_loader] 'Universal File Loader' (Order: 10)
[2026-08-12 09:39:15] [WARNING] [ARGUS_AI:plugin_manager.py:30] - Module 'db_connectors' is being re-registered.
[2026-08-12 09:39:15] [INFO] [ARGUS_AI:plugin_manager.py:34] - Registered Pluggable Module: [db_connectors] 'Database Connectors' (Order: 20)
[2026-08-12 09:39:15] [WARNING] [ARGUS_AI:plugin_manager.py:30] - Module 'ocr_engine' is being re-registered.
[2026-08-12 09:39:15] [INFO] [ARGUS_AI:plugin_manager.py:34] - Registered Pluggable Module: [ocr_engine] 'OCR & Document Extractor' (Order: 30)
[2026-08-12 09:39:15] [WARNING] [ARGUS_AI:plugin_manager.py:30] - Module 'data_cleaning' is being re-registered.
[2026-08-12 09:39:15] [INFO] [ARGUS_AI:plugin_manager.py:34] - Registered Pluggable Module: [data_cleaning] 'Data Cleaning Engine' (Order: 40)
[2026-08-12 09:39:15] [WARNING] [ARGUS_AI:plugin_manager.py:30] - Module 'data_profiling' is being re-registered.
[2026-08-12 09:39:15] [INFO] [ARGUS_AI:plugin_manager.py:34] - Registered Pluggable Module: [data_profiling] 'Data Profiling Engine' (Order: 50)
[2026-08-12 09:39:15] [WARNING] [ARGUS_AI:plugin_manager.py:30] - Module 'analytics_engine' is being re-registered.
[2026-08-12 09:39:15] [INFO] [ARGUS_AI:plugin_manager.py:34] - Registered Pluggable Module: [analytics_engine] 'Analytics & Forecasting' (Order: 60)
[2026-08-12 09:39:15] [WARNING] [ARGUS_AI:plugin_manager.py:30] - Module 'visualization_engine' is being re-registered.
[2026-08-12 09:39:15] [INFO] [ARGUS_AI:plugin_manager.py:34] - Registered Pluggable Module: [visualization_engine] 'Visualization Engine' (Order: 70)
[2026-08-12 09:39:15] [WARNING] [ARGUS_AI:plugin_manager.py:30] - Module 'settings' is being re-registered.
[2026-08-12 09:39:15] [INFO] [ARGUS_AI:plugin_manager.py:34] - Registered Pluggable Module: [settings] 'Platform Settings' (Order: 999)
[2026-08-12 09:39:43] [WARNING] [ARGUS_AI:plugin_manager.py:30] - Module 'home' is being re-registered.
[2026-08-12 09:39:43] [INFO] [ARGUS_AI:plugin_manager.py:34] - Registered Pluggable Module: [home] 'Home Dashboard' (Order: 1)
[2026-08-12 09:39:43] [WARNING] [ARGUS_AI:plugin_manager.py:30] - Module 'file_loader' is being re-registered.
[2026-08-12 09:39:43] [INFO] [ARGUS_AI:plugin_manager.py:34] - Registered Pluggable Module: [file_loader] 'Universal File Loader' (Order: 10)
[2026-08-12 09:39:43] [WARNING] [ARGUS_AI:plugin_manager.py:30] - Module 'db_connectors' is being re-registered.
[2026-08-12 09:39:43] [INFO] [ARGUS_AI:plugin_manager.py:34] - Registered Pluggable Module: [db_connectors] 'Database Connectors' (Order: 20)
[2026-08-12 09:39:43] [WARNING] [ARGUS_AI:plugin_manager.py:30] - Module 'ocr_engine' is being re-registered.
[2026-08-12 09:39:43] [INFO] [ARGUS_AI:plugin_manager.py:34] - Registered Pluggable Module: [ocr_engine] 'OCR & Document Extractor' (Order: 30)
[2026-08-12 09:39:43] [WARNING] [ARGUS_AI:plugin_manager.py:30] - Module 'data_cleaning' is being re-registered.
[2026-08-12 09:39:43] [INFO] [ARGUS_AI:plugin_manager.py:34] - Registered Pluggable Module: [data_cleaning] 'Data Cleaning Engine' (Order: 40)
[2026-08-12 09:39:43] [WARNING] [ARGUS_AI:plugin_manager.py:30] - Module 'data_profiling' is being re-registered.
[2026-08-12 09:39:43] [INFO] [ARGUS_AI:plugin_manager.py:34] - Registered Pluggable Module: [data_profiling] 'Data Profiling Engine' (Order: 50)
[2026-08-12 09:39:43] [WARNING] [ARGUS_AI:plugin_manager.py:30] - Module 'analytics_engine' is being re-registered.
[2026-08-12 09:39:43] [INFO] [ARGUS_AI:plugin_manager.py:34] - Registered Pluggable Module: [analytics_engine] 'Analytics & Forecasting' (Order: 60)
[2026-08-12 09:39:43] [WARNING] [ARGUS_AI:plugin_manager.py:30] - Module 'visualization_engine' is being re-registered.
[2026-08-12 09:39:43] [INFO] [ARGUS_AI:plugin_manager.py:34] - Registered Pluggable Module: [visualization_engine] 'Visualization Engine' (Order: 70)
[2026-08-12 09:39:43] [WARNING] [ARGUS_AI:plugin_manager.py:30] - Module 'settings' is being re-registered.
[2026-08-12 09:39:43] [INFO] [ARGUS_AI:plugin_manager.py:34] - Registered Pluggable Module: [settings] 'Platform Settings' (Order: 999)
[2026-08-12 09:39:43] [WARNING] [ARGUS_AI:plugin_manager.py:30] - Module 'home' is being re-registered.
[2026-08-12 09:39:43] [INFO] [ARGUS_AI:plugin_manager.py:34] - Registered Pluggable Module: [home] 'Home Dashboard' (Order: 1)
[2026-08-12 09:39:43] [WARNING] [ARGUS_AI:plugin_manager.py:30] - Module 'file_loader' is being re-registered.
[2026-08-12 09:39:43] [INFO] [ARGUS_AI:plugin_manager.py:34] - Registered Pluggable Module: [file_loader] 'Universal File Loader' (Order: 10)
[2026-08-12 09:39:43] [WARNING] [ARGUS_AI:plugin_manager.py:30] - Module 'db_connectors' is being re-registered.
[2026-08-12 09:39:43] [INFO] [ARGUS_AI:plugin_manager.py:34] - Registered Pluggable Module: [db_connectors] 'Database Connectors' (Order: 20)
[2026-08-12 09:39:43] [WARNING] [ARGUS_AI:plugin_manager.py:30] - Module 'ocr_engine' is being re-registered.
[2026-08-12 09:39:43] [INFO] [ARGUS_AI:plugin_manager.py:34] - Registered Pluggable Module: [ocr_engine] 'OCR & Document Extractor' (Order: 30)
[2026-08-12 09:39:43] [WARNING] [ARGUS_AI:plugin_manager.py:30] - Module 'data_cleaning' is being re-registered.
[2026-08-12 09:39:43] [INFO] [ARGUS_AI:plugin_manager.py:34] - Registered Pluggable Module: [data_cleaning] 'Data Cleaning Engine' (Order: 40)
[2026-08-12 09:39:43] [WARNING] [ARGUS_AI:plugin_manager.py:30] - Module 'data_profiling' is being re-registered.
[2026-08-12 09:39:43] [INFO] [ARGUS_AI:plugin_manager.py:34] - Registered Pluggable Module: [data_profiling] 'Data Profiling Engine' (Order: 50)
[2026-08-12 09:39:43] [WARNING] [ARGUS_AI:plugin_manager.py:30] - Module 'analytics_engine' is being re-registered.
[2026-08-12 09:39:43] [INFO] [ARGUS_AI:plugin_manager.py:34] - Registered Pluggable Module: [analytics_engine] 'Analytics & Forecasting' (Order: 60)
[2026-08-12 09:39:43] [WARNING] [ARGUS_AI:plugin_manager.py:30] - Module 'visualization_engine' is being re-registered.
[2026-08-12 09:39:43] [INFO] [ARGUS_AI:plugin_manager.py:34] - Registered Pluggable Module: [visualization_engine] 'Visualization Engine' (Order: 70)
[2026-08-12 09:39:43] [WARNING] [ARGUS_AI:plugin_manager.py:30] - Module 'settings' is being re-registered.
[2026-08-12 09:39:43] [INFO] [ARGUS_AI:plugin_manager.py:34] - Registered Pluggable Module: [settings] 'Platform Settings' (Order: 999)
[2026-08-12 09:39:51] [WARNING] [ARGUS_AI:plugin_manager.py:30] - Module 'home' is being re-registered.
[2026-08-12 09:39:51] [INFO] [ARGUS_AI:plugin_manager.py:34] - Registered Pluggable Module: [home] 'Home Dashboard' (Order: 1)
[2026-08-12 09:39:51] [WARNING] [ARGUS_AI:plugin_manager.py:30] - Module 'file_loader' is being re-registered.
[2026-08-12 09:39:51] [INFO] [ARGUS_AI:plugin_manager.py:34] - Registered Pluggable Module: [file_loader] 'Universal File Loader' (Order: 10)
[2026-08-12 09:39:51] [WARNING] [ARGUS_AI:plugin_manager.py:30] - Module 'db_connectors' is being re-registered.
[2026-08-12 09:39:51] [INFO] [ARGUS_AI:plugin_manager.py:34] - Registered Pluggable Module: [db_connectors] 'Database Connectors' (Order: 20)
[2026-08-12 09:39:51] [WARNING] [ARGUS_AI:plugin_manager.py:30] - Module 'ocr_engine' is being re-registered.
[2026-08-12 09:39:51] [INFO] [ARGUS_AI:plugin_manager.py:34] - Registered Pluggable Module: [ocr_engine] 'OCR & Document Extractor' (Order: 30)
[2026-08-12 09:39:51] [WARNING] [ARGUS_AI:plugin_manager.py:30] - Module 'data_cleaning' is being re-registered.
[2026-08-12 09:39:51] [INFO] [ARGUS_AI:plugin_manager.py:34] - Registered Pluggable Module: [data_cleaning] 'Data Cleaning Engine' (Order: 40)
[2026-08-12 09:39:51] [WARNING] [ARGUS_AI:plugin_manager.py:30] - Module 'data_profiling' is being re-registered.
[2026-08-12 09:39:51] [INFO] [ARGUS_AI:plugin_manager.py:34] - Registered Pluggable Module: [data_profiling] 'Data Profiling Engine' (Order: 50)
[2026-08-12 09:39:51] [WARNING] [ARGUS_AI:plugin_manager.py:30] - Module 'analytics_engine' is being re-registered.
[2026-08-12 09:39:51] [INFO] [ARGUS_AI:plugin_manager.py:34] - Registered Pluggable Module: [analytics_engine] 'Analytics & Forecasting' (Order: 60)
[2026-08-12 09:39:51] [WARNING] [ARGUS_AI:plugin_manager.py:30] - Module 'visualization_engine' is being re-registered.
[2026-08-12 09:39:51] [INFO] [ARGUS_AI:plugin_manager.py:34] - Registered Pluggable Module: [visualization_engine] 'Visualization Engine' (Order: 70)
[2026-08-12 09:39:51] [WARNING] [ARGUS_AI:plugin_manager.py:30] - Module 'settings' is being re-registered.
[2026-08-12 09:39:51] [INFO] [ARGUS_AI:plugin_manager.py:34] - Registered Pluggable Module: [settings] 'Platform Settings' (Order: 999)
[2026-08-12 09:39:52] [WARNING] [ARGUS_AI:plugin_manager.py:30] - Module 'home' is being re-registered.
[2026-08-12 09:39:52] [INFO] [ARGUS_AI:plugin_manager.py:34] - Registered Pluggable Module: [home] 'Home Dashboard' (Order: 1)
[2026-08-12 09:39:52] [WARNING] [ARGUS_AI:plugin_manager.py:30] - Module 'file_loader' is being re-registered.
[2026-08-12 09:39:52] [INFO] [ARGUS_AI:plugin_manager.py:34] - Registered Pluggable Module: [file_loader] 'Universal File Loader' (Order: 10)
[2026-08-12 09:39:52] [WARNING] [ARGUS_AI:plugin_manager.py:30] - Module 'db_connectors' is being re-registered.
[2026-08-12 09:39:52] [INFO] [ARGUS_AI:plugin_manager.py:34] - Registered Pluggable Module: [db_connectors] 'Database Connectors' (Order: 20)
[2026-08-12 09:39:52] [WARNING] [ARGUS_AI:plugin_manager.py:30] - Module 'ocr_engine' is being re-registered.
[2026-08-12 09:39:52] [INFO] [ARGUS_AI:plugin_manager.py:34] - Registered Pluggable Module: [ocr_engine] 'OCR & Document Extractor' (Order: 30)
[2026-08-12 09:39:52] [WARNING] [ARGUS_AI:plugin_manager.py:30] - Module 'data_cleaning' is being re-registered.
[2026-08-12 09:39:52] [INFO] [ARGUS_AI:plugin_manager.py:34] - Registered Pluggable Module: [data_cleaning] 'Data Cleaning Engine' (Order: 40)
[2026-08-12 09:39:52] [WARNING] [ARGUS_AI:plugin_manager.py:30] - Module 'data_profiling' is being re-registered.
[2026-08-12 09:39:52] [INFO] [ARGUS_AI:plugin_manager.py:34] - Registered Pluggable Module: [data_profiling] 'Data Profiling Engine' (Order: 50)
[2026-08-12 09:39:52] [WARNING] [ARGUS_AI:plugin_manager.py:30] - Module 'analytics_engine' is being re-registered.
[2026-08-12 09:39:52] [INFO] [ARGUS_AI:plugin_manager.py:34] - Registered Pluggable Module: [analytics_engine] 'Analytics & Forecasting' (Order: 60)
[2026-08-12 09:39:52] [WARNING] [ARGUS_AI:plugin_manager.py:30] - Module 'visualization_engine' is being re-registered.
[2026-08-12 09:39:52] [INFO] [ARGUS_AI:plugin_manager.py:34] - Registered Pluggable Module: [visualization_engine] 'Visualization Engine' (Order: 70)
[2026-08-12 09:39:52] [WARNING] [ARGUS_AI:plugin_manager.py:30] - Module 'settings' is being re-registered.
[2026-08-12 09:39:52] [INFO] [ARGUS_AI:plugin_manager.py:34] - Registered Pluggable Module: [settings] 'Platform Settings' (Order: 999)
[2026-08-12 09:40:38] [WARNING] [ARGUS_AI:plugin_manager.py:30] - Module 'home' is being re-registered.
[2026-08-12 09:40:38] [INFO] [ARGUS_AI:plugin_manager.py:34] - Registered Pluggable Module: [home] 'Home Dashboard' (Order: 1)
[2026-08-12 09:40:38] [WARNING] [ARGUS_AI:plugin_manager.py:30] - Module 'file_loader' is being re-registered.
[2026-08-12 09:40:38] [INFO] [ARGUS_AI:plugin_manager.py:34] - Registered Pluggable Module: [file_loader] 'Universal File Loader' (Order: 10)
[2026-08-12 09:40:38] [WARNING] [ARGUS_AI:plugin_manager.py:30] - Module 'db_connectors' is being re-registered.
[2026-08-12 09:40:38] [INFO] [ARGUS_AI:plugin_manager.py:34] - Registered Pluggable Module: [db_connectors] 'Database Connectors' (Order: 20)
[2026-08-12 09:40:38] [WARNING] [ARGUS_AI:plugin_manager.py:30] - Module 'ocr_engine' is being re-registered.
[2026-08-12 09:40:38] [INFO] [ARGUS_AI:plugin_manager.py:34] - Registered Pluggable Module: [ocr_engine] 'OCR & Document Extractor' (Order: 30)
[2026-08-12 09:40:38] [WARNING] [ARGUS_AI:plugin_manager.py:30] - Module 'data_cleaning' is being re-registered.
[2026-08-12 09:40:38] [INFO] [ARGUS_AI:plugin_manager.py:34] - Registered Pluggable Module: [data_cleaning] 'Data Cleaning Engine' (Order: 40)
[2026-08-12 09:40:38] [WARNING] [ARGUS_AI:plugin_manager.py:30] - Module 'data_profiling' is being re-registered.
[2026-08-12 09:40:38] [INFO] [ARGUS_AI:plugin_manager.py:34] - Registered Pluggable Module: [data_profiling] 'Data Profiling Engine' (Order: 50)
[2026-08-12 09:40:38] [WARNING] [ARGUS_AI:plugin_manager.py:30] - Module 'analytics_engine' is being re-registered.
[2026-08-12 09:40:38] [INFO] [ARGUS_AI:plugin_manager.py:34] - Registered Pluggable Module: [analytics_engine] 'Analytics & Forecasting' (Order: 60)
[2026-08-12 09:40:38] [WARNING] [ARGUS_AI:plugin_manager.py:30] - Module 'visualization_engine' is being re-registered.
[2026-08-12 09:40:38] [INFO] [ARGUS_AI:plugin_manager.py:34] - Registered Pluggable Module: [visualization_engine] 'Visualization Engine' (Order: 70)
[2026-08-12 09:40:38] [WARNING] [ARGUS_AI:plugin_manager.py:30] - Module 'settings' is being re-registered.
[2026-08-12 09:40:38] [INFO] [ARGUS_AI:plugin_manager.py:34] - Registered Pluggable Module: [settings] 'Platform Settings' (Order: 999)
[2026-08-12 09:40:39] [WARNING] [ARGUS_AI:plugin_manager.py:30] - Module 'home' is being re-registered.
[2026-08-12 09:40:39] [INFO] [ARGUS_AI:plugin_manager.py:34] - Registered Pluggable Module: [home] 'Home Dashboard' (Order: 1)
[2026-08-12 09:40:39] [WARNING] [ARGUS_AI:plugin_manager.py:30] - Module 'file_loader' is being re-registered.
[2026-08-12 09:40:39] [INFO] [ARGUS_AI:plugin_manager.py:34] - Registered Pluggable Module: [file_loader] 'Universal File Loader' (Order: 10)
[2026-08-12 09:40:39] [WARNING] [ARGUS_AI:plugin_manager.py:30] - Module 'db_connectors' is being re-registered.
[2026-08-12 09:40:39] [INFO] [ARGUS_AI:plugin_manager.py:34] - Registered Pluggable Module: [db_connectors] 'Database Connectors' (Order: 20)
[2026-08-12 09:40:39] [WARNING] [ARGUS_AI:plugin_manager.py:30] - Module 'ocr_engine' is being re-registered.
[2026-08-12 09:40:39] [INFO] [ARGUS_AI:plugin_manager.py:34] - Registered Pluggable Module: [ocr_engine] 'OCR & Document Extractor' (Order: 30)
[2026-08-12 09:40:39] [WARNING] [ARGUS_AI:plugin_manager.py:30] - Module 'data_cleaning' is being re-registered.
[2026-08-12 09:40:39] [INFO] [ARGUS_AI:plugin_manager.py:34] - Registered Pluggable Module: [data_cleaning] 'Data Cleaning Engine' (Order: 40)
[2026-08-12 09:40:39] [WARNING] [ARGUS_AI:plugin_manager.py:30] - Module 'data_profiling' is being re-registered.
[2026-08-12 09:40:39] [INFO] [ARGUS_AI:plugin_manager.py:34] - Registered Pluggable Module: [data_profiling] 'Data Profiling Engine' (Order: 50)
[2026-08-12 09:40:39] [WARNING] [ARGUS_AI:plugin_manager.py:30] - Module 'analytics_engine' is being re-registered.
[2026-08-12 09:40:39] [INFO] [ARGUS_AI:plugin_manager.py:34] - Registered Pluggable Module: [analytics_engine] 'Analytics & Forecasting' (Order: 60)
[2026-08-12 09:40:39] [WARNING] [ARGUS_AI:plugin_manager.py:30] - Module 'visualization_engine' is being re-registered.
[2026-08-12 09:40:39] [INFO] [ARGUS_AI:plugin_manager.py:34] - Registered Pluggable Module: [visualization_engine] 'Visualization Engine' (Order: 70)
[2026-08-12 09:40:39] [WARNING] [ARGUS_AI:plugin_manager.py:30] - Module 'settings' is being re-registered.
[2026-08-12 09:40:39] [INFO] [ARGUS_AI:plugin_manager.py:34] - Registered Pluggable Module: [settings] 'Platform Settings' (Order: 999)
[2026-08-12 09:40:56] [WARNING] [ARGUS_AI:plugin_manager.py:30] - Module 'home' is being re-registered.
[2026-08-12 09:40:56] [INFO] [ARGUS_AI:plugin_manager.py:34] - Registered Pluggable Module: [home] 'Home Dashboard' (Order: 1)
[2026-08-12 09:40:56] [WARNING] [ARGUS_AI:plugin_manager.py:30] - Module 'file_loader' is being re-registered.
[2026-08-12 09:40:56] [INFO] [ARGUS_AI:plugin_manager.py:34] - Registered Pluggable Module: [file_loader] 'Universal File Loader' (Order: 10)
[2026-08-12 09:40:56] [WARNING] [ARGUS_AI:plugin_manager.py:30] - Module 'db_connectors' is being re-registered.
[2026-08-12 09:40:56] [INFO] [ARGUS_AI:plugin_manager.py:34] - Registered Pluggable Module: [db_connectors] 'Database Connectors' (Order: 20)
[2026-08-12 09:40:56] [WARNING] [ARGUS_AI:plugin_manager.py:30] - Module 'ocr_engine' is being re-registered.
[2026-08-12 09:40:56] [INFO] [ARGUS_AI:plugin_manager.py:34] - Registered Pluggable Module: [ocr_engine] 'OCR & Document Extractor' (Order: 30)
[2026-08-12 09:40:56] [WARNING] [ARGUS_AI:plugin_manager.py:30] - Module 'data_cleaning' is being re-registered.
[2026-08-12 09:40:56] [INFO] [ARGUS_AI:plugin_manager.py:34] - Registered Pluggable Module: [data_cleaning] 'Data Cleaning Engine' (Order: 40)
[2026-08-12 09:40:56] [WARNING] [ARGUS_AI:plugin_manager.py:30] - Module 'data_profiling' is being re-registered.
[2026-08-12 09:40:56] [INFO] [ARGUS_AI:plugin_manager.py:34] - Registered Pluggable Module: [data_profiling] 'Data Profiling Engine' (Order: 50)
[2026-08-12 09:40:56] [WARNING] [ARGUS_AI:plugin_manager.py:30] - Module 'analytics_engine' is being re-registered.
[2026-08-12 09:40:56] [INFO] [ARGUS_AI:plugin_manager.py:34] - Registered Pluggable Module: [analytics_engine] 'Analytics & Forecasting' (Order: 60)
[2026-08-12 09:40:56] [WARNING] [ARGUS_AI:plugin_manager.py:30] - Module 'visualization_engine' is being re-registered.
[2026-08-12 09:40:56] [INFO] [ARGUS_AI:plugin_manager.py:34] - Registered Pluggable Module: [visualization_engine] 'Visualization Engine' (Order: 70)
[2026-08-12 09:40:56] [WARNING] [ARGUS_AI:plugin_manager.py:30] - Module 'settings' is being re-registered.
[2026-08-12 09:40:56] [INFO] [ARGUS_AI:plugin_manager.py:34] - Registered Pluggable Module: [settings] 'Platform Settings' (Order: 999)
[2026-08-12 09:40:57] [WARNING] [ARGUS_AI:plugin_manager.py:30] - Module 'home' is being re-registered.
[2026-08-12 09:40:57] [INFO] [ARGUS_AI:plugin_manager.py:34] - Registered Pluggable Module: [home] 'Home Dashboard' (Order: 1)
[2026-08-12 09:40:57] [WARNING] [ARGUS_AI:plugin_manager.py:30] - Module 'file_loader' is being re-registered.
[2026-08-12 09:40:57] [INFO] [ARGUS_AI:plugin_manager.py:34] - Registered Pluggable Module: [file_loader] 'Universal File Loader' (Order: 10)
[2026-08-12 09:40:57] [WARNING] [ARGUS_AI:plugin_manager.py:30] - Module 'db_connectors' is being re-registered.
[2026-08-12 09:40:57] [INFO] [ARGUS_AI:plugin_manager.py:34] - Registered Pluggable Module: [db_connectors] 'Database Connectors' (Order: 20)
[2026-08-12 09:40:57] [WARNING] [ARGUS_AI:plugin_manager.py:30] - Module 'ocr_engine' is being re-registered.
[2026-08-12 09:40:57] [INFO] [ARGUS_AI:plugin_manager.py:34] - Registered Pluggable Module: [ocr_engine] 'OCR & Document Extractor' (Order: 30)
[2026-08-12 09:40:57] [WARNING] [ARGUS_AI:plugin_manager.py:30] - Module 'data_cleaning' is being re-registered.
[2026-08-12 09:40:57] [INFO] [ARGUS_AI:plugin_manager.py:34] - Registered Pluggable Module: [data_cleaning] 'Data Cleaning Engine' (Order: 40)
[2026-08-12 09:40:57] [WARNING] [ARGUS_AI:plugin_manager.py:30] - Module 'data_profiling' is being re-registered.
[2026-08-12 09:40:57] [INFO] [ARGUS_AI:plugin_manager.py:34] - Registered Pluggable Module: [data_profiling] 'Data Profiling Engine' (Order: 50)
[2026-08-12 09:40:57] [WARNING] [ARGUS_AI:plugin_manager.py:30] - Module 'analytics_engine' is being re-registered.
[2026-08-12 09:40:57] [INFO] [ARGUS_AI:plugin_manager.py:34] - Registered Pluggable Module: [analytics_engine] 'Analytics & Forecasting' (Order: 60)
[2026-08-12 09:40:57] [WARNING] [ARGUS_AI:plugin_manager.py:30] - Module 'visualization_engine' is being re-registered.
[2026-08-12 09:40:57] [INFO] [ARGUS_AI:plugin_manager.py:34] - Registered Pluggable Module: [visualization_engine] 'Visualization Engine' (Order: 70)
[2026-08-12 09:40:57] [WARNING] [ARGUS_AI:plugin_manager.py:30] - Module 'settings' is being re-registered.
[2026-08-12 09:40:57] [INFO] [ARGUS_AI:plugin_manager.py:34] - Registered Pluggable Module: [settings] 'Platform Settings' (Order: 999)
[2026-08-12 09:41:01] [WARNING] [ARGUS_AI:plugin_manager.py:30] - Module 'home' is being re-registered.
[2026-08-12 09:41:01] [INFO] [ARGUS_AI:plugin_manager.py:34] - Registered Pluggable Module: [home] 'Home Dashboard' (Order: 1)
[2026-08-12 09:41:01] [WARNING] [ARGUS_AI:plugin_manager.py:30] - Module 'file_loader' is being re-registered.
[2026-08-12 09:41:01] [INFO] [ARGUS_AI:plugin_manager.py:34] - Registered Pluggable Module: [file_loader] 'Universal File Loader' (Order: 10)
[2026-08-12 09:41:01] [WARNING] [ARGUS_AI:plugin_manager.py:30] - Module 'db_connectors' is being re-registered.
[2026-08-12 09:41:01] [INFO] [ARGUS_AI:plugin_manager.py:34] - Registered Pluggable Module: [db_connectors] 'Database Connectors' (Order: 20)
[2026-08-12 09:41:01] [WARNING] [ARGUS_AI:plugin_manager.py:30] - Module 'ocr_engine' is being re-registered.
[2026-08-12 09:41:01] [INFO] [ARGUS_AI:plugin_manager.py:34] - Registered Pluggable Module: [ocr_engine] 'OCR & Document Extractor' (Order: 30)
[2026-08-12 09:41:01] [WARNING] [ARGUS_AI:plugin_manager.py:30] - Module 'data_cleaning' is being re-registered.
[2026-08-12 09:41:01] [INFO] [ARGUS_AI:plugin_manager.py:34] - Registered Pluggable Module: [data_cleaning] 'Data Cleaning Engine' (Order: 40)
[2026-08-12 09:41:01] [WARNING] [ARGUS_AI:plugin_manager.py:30] - Module 'data_profiling' is being re-registered.
[2026-08-12 09:41:01] [INFO] [ARGUS_AI:plugin_manager.py:34] - Registered Pluggable Module: [data_profiling] 'Data Profiling Engine' (Order: 50)
[2026-08-12 09:41:01] [WARNING] [ARGUS_AI:plugin_manager.py:30] - Module 'analytics_engine' is being re-registered.
[2026-08-12 09:41:01] [INFO] [ARGUS_AI:plugin_manager.py:34] - Registered Pluggable Module: [analytics_engine] 'Analytics & Forecasting' (Order: 60)
[2026-08-12 09:41:01] [WARNING] [ARGUS_AI:plugin_manager.py:30] - Module 'visualization_engine' is being re-registered.
[2026-08-12 09:41:01] [INFO] [ARGUS_AI:plugin_manager.py:34] - Registered Pluggable Module: [visualization_engine] 'Visualization Engine' (Order: 70)
[2026-08-12 09:41:01] [WARNING] [ARGUS_AI:plugin_manager.py:30] - Module 'settings' is being re-registered.
[2026-08-12 09:41:01] [INFO] [ARGUS_AI:plugin_manager.py:34] - Registered Pluggable Module: [settings] 'Platform Settings' (Order: 999)
[2026-08-12 09:41:01] [WARNING] [ARGUS_AI:plugin_manager.py:30] - Module 'home' is being re-registered.
[2026-08-12 09:41:01] [INFO] [ARGUS_AI:plugin_manager.py:34] - Registered Pluggable Module: [home] 'Home Dashboard' (Order: 1)
[2026-08-12 09:41:01] [WARNING] [ARGUS_AI:plugin_manager.py:30] - Module 'file_loader' is being re-registered.
[2026-08-12 09:41:01] [INFO] [ARGUS_AI:plugin_manager.py:34] - Registered Pluggable Module: [file_loader] 'Universal File Loader' (Order: 10)
[2026-08-12 09:41:01] [WARNING] [ARGUS_AI:plugin_manager.py:30] - Module 'db_connectors' is being re-registered.
[2026-08-12 09:41:01] [INFO] [ARGUS_AI:plugin_manager.py:34] - Registered Pluggable Module: [db_connectors] 'Database Connectors' (Order: 20)
[2026-08-12 09:41:01] [WARNING] [ARGUS_AI:plugin_manager.py:30] - Module 'ocr_engine' is being re-registered.
[2026-08-12 09:41:01] [INFO] [ARGUS_AI:plugin_manager.py:34] - Registered Pluggable Module: [ocr_engine] 'OCR & Document Extractor' (Order: 30)
[2026-08-12 09:41:01] [WARNING] [ARGUS_AI:plugin_manager.py:30] - Module 'data_cleaning' is being re-registered.
[2026-08-12 09:41:01] [INFO] [ARGUS_AI:plugin_manager.py:34] - Registered Pluggable Module: [data_cleaning] 'Data Cleaning Engine' (Order: 40)
[2026-08-12 09:41:01] [WARNING] [ARGUS_AI:plugin_manager.py:30] - Module 'data_profiling' is being re-registered.
[2026-08-12 09:41:01] [INFO] [ARGUS_AI:plugin_manager.py:34] - Registered Pluggable Module: [data_profiling] 'Data Profiling Engine' (Order: 50)
[2026-08-12 09:41:01] [WARNING] [ARGUS_AI:plugin_manager.py:30] - Module 'analytics_engine' is being re-registered.
[2026-08-12 09:41:01] [INFO] [ARGUS_AI:plugin_manager.py:34] - Registered Pluggable Module: [analytics_engine] 'Analytics & Forecasting' (Order: 60)
[2026-08-12 09:41:01] [WARNING] [ARGUS_AI:plugin_manager.py:30] - Module 'visualization_engine' is being re-registered.
[2026-08-12 09:41:01] [INFO] [ARGUS_AI:plugin_manager.py:34] - Registered Pluggable Module: [visualization_engine] 'Visualization Engine' (Order: 70)
[2026-08-12 09:41:01] [WARNING] [ARGUS_AI:plugin_manager.py:30] - Module 'settings' is being re-registered.
[2026-08-12 09:41:01] [INFO] [ARGUS_AI:plugin_manager.py:34] - Registered Pluggable Module: [settings] 'Platform Settings' (Order: 999)
[2026-08-12 09:44:19] [WARNING] [ARGUS_AI:plugin_manager.py:30] - Module 'home' is being re-registered.
[2026-08-12 09:44:19] [INFO] [ARGUS_AI:plugin_manager.py:34] - Registered Pluggable Module: [home] 'Home Dashboard' (Order: 1)
[2026-08-12 09:44:19] [WARNING] [ARGUS_AI:plugin_manager.py:30] - Module 'file_loader' is being re-registered.
[2026-08-12 09:44:19] [INFO] [ARGUS_AI:plugin_manager.py:34] - Registered Pluggable Module: [file_loader] 'Universal File Loader' (Order: 10)
[2026-08-12 09:44:19] [WARNING] [ARGUS_AI:plugin_manager.py:30] - Module 'db_connectors' is being re-registered.
[2026-08-12 09:44:19] [INFO] [ARGUS_AI:plugin_manager.py:34] - Registered Pluggable Module: [db_connectors] 'Database Connectors' (Order: 20)
[2026-08-12 09:44:19] [WARNING] [ARGUS_AI:plugin_manager.py:30] - Module 'ocr_engine' is being re-registered.
[2026-08-12 09:44:19] [INFO] [ARGUS_AI:plugin_manager.py:34] - Registered Pluggable Module: [ocr_engine] 'OCR & Document Extractor' (Order: 30)
[2026-08-12 09:44:19] [WARNING] [ARGUS_AI:plugin_manager.py:30] - Module 'data_cleaning' is being re-registered.
[2026-08-12 09:44:19] [INFO] [ARGUS_AI:plugin_manager.py:34] - Registered Pluggable Module: [data_cleaning] 'Data Cleaning Engine' (Order: 40)
[2026-08-12 09:44:19] [WARNING] [ARGUS_AI:plugin_manager.py:30] - Module 'data_profiling' is being re-registered.
[2026-08-12 09:44:19] [INFO] [ARGUS_AI:plugin_manager.py:34] - Registered Pluggable Module: [data_profiling] 'Data Profiling Engine' (Order: 50)
[2026-08-12 09:44:19] [WARNING] [ARGUS_AI:plugin_manager.py:30] - Module 'analytics_engine' is being re-registered.
[2026-08-12 09:44:19] [INFO] [ARGUS_AI:plugin_manager.py:34] - Registered Pluggable Module: [analytics_engine] 'Analytics & Forecasting' (Order: 60)
[2026-08-12 09:44:19] [WARNING] [ARGUS_AI:plugin_manager.py:30] - Module 'visualization_engine' is being re-registered.
[2026-08-12 09:44:19] [INFO] [ARGUS_AI:plugin_manager.py:34] - Registered Pluggable Module: [visualization_engine] 'Visualization Engine' (Order: 70)
[2026-08-12 09:44:19] [WARNING] [ARGUS_AI:plugin_manager.py:30] - Module 'settings' is being re-registered.
[2026-08-12 09:44:19] [INFO] [ARGUS_AI:plugin_manager.py:34] - Registered Pluggable Module: [settings] 'Platform Settings' (Order: 999)
[2026-08-12 09:44:19] [WARNING] [ARGUS_AI:plugin_manager.py:30] - Module 'home' is being re-registered.
[2026-08-12 09:44:19] [INFO] [ARGUS_AI:plugin_manager.py:34] - Registered Pluggable Module: [home] 'Home Dashboard' (Order: 1)
[2026-08-12 09:44:19] [WARNING] [ARGUS_AI:plugin_manager.py:30] - Module 'file_loader' is being re-registered.
[2026-08-12 09:44:19] [INFO] [ARGUS_AI:plugin_manager.py:34] - Registered Pluggable Module: [file_loader] 'Universal File Loader' (Order: 10)
[2026-08-12 09:44:19] [WARNING] [ARGUS_AI:plugin_manager.py:30] - Module 'db_connectors' is being re-registered.
[2026-08-12 09:44:19] [INFO] [ARGUS_AI:plugin_manager.py:34] - Registered Pluggable Module: [db_connectors] 'Database Connectors' (Order: 20)
[2026-08-12 09:44:19] [WARNING] [ARGUS_AI:plugin_manager.py:30] - Module 'ocr_engine' is being re-registered.
[2026-08-12 09:44:19] [INFO] [ARGUS_AI:plugin_manager.py:34] - Registered Pluggable Module: [ocr_engine] 'OCR & Document Extractor' (Order: 30)
[2026-08-12 09:44:19] [WARNING] [ARGUS_AI:plugin_manager.py:30] - Module 'data_cleaning' is being re-registered.
[2026-08-12 09:44:19] [INFO] [ARGUS_AI:plugin_manager.py:34] - Registered Pluggable Module: [data_cleaning] 'Data Cleaning Engine' (Order: 40)
[2026-08-12 09:44:19] [WARNING] [ARGUS_AI:plugin_manager.py:30] - Module 'data_profiling' is being re-registered.
[2026-08-12 09:44:19] [INFO] [ARGUS_AI:plugin_manager.py:34] - Registered Pluggable Module: [data_profiling] 'Data Profiling Engine' (Order: 50)
[2026-08-12 09:44:19] [WARNING] [ARGUS_AI:plugin_manager.py:30] - Module 'analytics_engine' is being re-registered.
[2026-08-12 09:44:19] [INFO] [ARGUS_AI:plugin_manager.py:34] - Registered Pluggable Module: [analytics_engine] 'Analytics & Forecasting' (Order: 60)
[2026-08-12 09:44:19] [WARNING] [ARGUS_AI:plugin_manager.py:30] - Module 'visualization_engine' is being re-registered.
[2026-08-12 09:44:19] [INFO] [ARGUS_AI:plugin_manager.py:34] - Registered Pluggable Module: [visualization_engine] 'Visualization Engine' (Order: 70)
[2026-08-12 09:44:19] [WARNING] [ARGUS_AI:plugin_manager.py:30] - Module 'settings' is being re-registered.
[2026-08-12 09:44:19] [INFO] [ARGUS_AI:plugin_manager.py:34] - Registered Pluggable Module: [settings] 'Platform Settings' (Order: 999)
[2026-08-12 09:44:24] [WARNING] [ARGUS_AI:plugin_manager.py:30] - Module 'home' is being re-registered.
[2026-08-12 09:44:24] [INFO] [ARGUS_AI:plugin_manager.py:34] - Registered Pluggable Module: [home] 'Home Dashboard' (Order: 1)
[2026-08-12 09:44:24] [WARNING] [ARGUS_AI:plugin_manager.py:30] - Module 'file_loader' is being re-registered.
[2026-08-12 09:44:24] [INFO] [ARGUS_AI:plugin_manager.py:34] - Registered Pluggable Module: [file_loader] 'Universal File Loader' (Order: 10)
[2026-08-12 09:44:24] [WARNING] [ARGUS_AI:plugin_manager.py:30] - Module 'db_connectors' is being re-registered.
[2026-08-12 09:44:24] [INFO] [ARGUS_AI:plugin_manager.py:34] - Registered Pluggable Module: [db_connectors] 'Database Connectors' (Order: 20)
[2026-08-12 09:44:24] [WARNING] [ARGUS_AI:plugin_manager.py:30] - Module 'ocr_engine' is being re-registered.
[2026-08-12 09:44:24] [INFO] [ARGUS_AI:plugin_manager.py:34] - Registered Pluggable Module: [ocr_engine] 'OCR & Document Extractor' (Order: 30)
[2026-08-12 09:44:24] [WARNING] [ARGUS_AI:plugin_manager.py:30] - Module 'data_cleaning' is being re-registered.
[2026-08-12 09:44:24] [INFO] [ARGUS_AI:plugin_manager.py:34] - Registered Pluggable Module: [data_cleaning] 'Data Cleaning Engine' (Order: 40)
[2026-08-12 09:44:24] [WARNING] [ARGUS_AI:plugin_manager.py:30] - Module 'data_profiling' is being re-registered.
[2026-08-12 09:44:24] [INFO] [ARGUS_AI:plugin_manager.py:34] - Registered Pluggable Module: [data_profiling] 'Data Profiling Engine' (Order: 50)
[2026-08-12 09:44:24] [WARNING] [ARGUS_AI:plugin_manager.py:30] - Module 'analytics_engine' is being re-registered.
[2026-08-12 09:44:24] [INFO] [ARGUS_AI:plugin_manager.py:34] - Registered Pluggable Module: [analytics_engine] 'Analytics & Forecasting' (Order: 60)
[2026-08-12 09:44:24] [WARNING] [ARGUS_AI:plugin_manager.py:30] - Module 'visualization_engine' is being re-registered.
[2026-08-12 09:44:24] [INFO] [ARGUS_AI:plugin_manager.py:34] - Registered Pluggable Module: [visualization_engine] 'Visualization Engine' (Order: 70)
[2026-08-12 09:44:24] [WARNING] [ARGUS_AI:plugin_manager.py:30] - Module 'settings' is being re-registered.
[2026-08-12 09:44:24] [INFO] [ARGUS_AI:plugin_manager.py:34] - Registered Pluggable Module: [settings] 'Platform Settings' (Order: 999)
[2026-08-12 09:44:24] [WARNING] [ARGUS_AI:plugin_manager.py:30] - Module 'home' is being re-registered.
[2026-08-12 09:44:24] [INFO] [ARGUS_AI:plugin_manager.py:34] - Registered Pluggable Module: [home] 'Home Dashboard' (Order: 1)
[2026-08-12 09:44:24] [WARNING] [ARGUS_AI:plugin_manager.py:30] - Module 'file_loader' is being re-registered.
[2026-08-12 09:44:24] [INFO] [ARGUS_AI:plugin_manager.py:34] - Registered Pluggable Module: [file_loader] 'Universal File Loader' (Order: 10)
[2026-08-12 09:44:24] [WARNING] [ARGUS_AI:plugin_manager.py:30] - Module 'db_connectors' is being re-registered.
[2026-08-12 09:44:24] [INFO] [ARGUS_AI:plugin_manager.py:34] - Registered Pluggable Module: [db_connectors] 'Database Connectors' (Order: 20)
[2026-08-12 09:44:24] [WARNING] [ARGUS_AI:plugin_manager.py:30] - Module 'ocr_engine' is being re-registered.
[2026-08-12 09:44:24] [INFO] [ARGUS_AI:plugin_manager.py:34] - Registered Pluggable Module: [ocr_engine] 'OCR & Document Extractor' (Order: 30)
[2026-08-12 09:44:24] [WARNING] [ARGUS_AI:plugin_manager.py:30] - Module 'data_cleaning' is being re-registered.
[2026-08-12 09:44:24] [INFO] [ARGUS_AI:plugin_manager.py:34] - Registered Pluggable Module: [data_cleaning] 'Data Cleaning Engine' (Order: 40)
[2026-08-12 09:44:24] [WARNING] [ARGUS_AI:plugin_manager.py:30] - Module 'data_profiling' is being re-registered.
[2026-08-12 09:44:24] [INFO] [ARGUS_AI:plugin_manager.py:34] - Registered Pluggable Module: [data_profiling] 'Data Profiling Engine' (Order: 50)
[2026-08-12 09:44:24] [WARNING] [ARGUS_AI:plugin_manager.py:30] - Module 'analytics_engine' is being re-registered.
[2026-08-12 09:44:24] [INFO] [ARGUS_AI:plugin_manager.py:34] - Registered Pluggable Module: [analytics_engine] 'Analytics & Forecasting' (Order: 60)
[2026-08-12 09:44:24] [WARNING] [ARGUS_AI:plugin_manager.py:30] - Module 'visualization_engine' is being re-registered.
[2026-08-12 09:44:24] [INFO] [ARGUS_AI:plugin_manager.py:34] - Registered Pluggable Module: [visualization_engine] 'Visualization Engine' (Order: 70)
[2026-08-12 09:44:24] [WARNING] [ARGUS_AI:plugin_manager.py:30] - Module 'settings' is being re-registered.
[2026-08-12 09:44:24] [INFO] [ARGUS_AI:plugin_manager.py:34] - Registered Pluggable Module: [settings] 'Platform Settings' (Order: 999)
[2026-08-12 09:44:28] [WARNING] [ARGUS_AI:plugin_manager.py:30] - Module 'home' is being re-registered.
[2026-08-12 09:44:28] [INFO] [ARGUS_AI:plugin_manager.py:34] - Registered Pluggable Module: [home] 'Home Dashboard' (Order: 1)
[2026-08-12 09:44:28] [WARNING] [ARGUS_AI:plugin_manager.py:30] - Module 'file_loader' is being re-registered.
[2026-08-12 09:44:28] [INFO] [ARGUS_AI:plugin_manager.py:34] - Registered Pluggable Module: [file_loader] 'Universal File Loader' (Order: 10)
[2026-08-12 09:44:28] [WARNING] [ARGUS_AI:plugin_manager.py:30] - Module 'db_connectors' is being re-registered.
[2026-08-12 09:44:28] [INFO] [ARGUS_AI:plugin_manager.py:34] - Registered Pluggable Module: [db_connectors] 'Database Connectors' (Order: 20)
[2026-08-12 09:44:28] [WARNING] [ARGUS_AI:plugin_manager.py:30] - Module 'ocr_engine' is being re-registered.
[2026-08-12 09:44:28] [INFO] [ARGUS_AI:plugin_manager.py:34] - Registered Pluggable Module: [ocr_engine] 'OCR & Document Extractor' (Order: 30)
[2026-08-12 09:44:28] [WARNING] [ARGUS_AI:plugin_manager.py:30] - Module 'data_cleaning' is being re-registered.
[2026-08-12 09:44:28] [INFO] [ARGUS_AI:plugin_manager.py:34] - Registered Pluggable Module: [data_cleaning] 'Data Cleaning Engine' (Order: 40)
[2026-08-12 09:44:28] [WARNING] [ARGUS_AI:plugin_manager.py:30] - Module 'data_profiling' is being re-registered.
[2026-08-12 09:44:28] [INFO] [ARGUS_AI:plugin_manager.py:34] - Registered Pluggable Module: [data_profiling] 'Data Profiling Engine' (Order: 50)
[2026-08-12 09:44:28] [WARNING] [ARGUS_AI:plugin_manager.py:30] - Module 'analytics_engine' is being re-registered.
[2026-08-12 09:44:28] [INFO] [ARGUS_AI:plugin_manager.py:34] - Registered Pluggable Module: [analytics_engine] 'Analytics & Forecasting' (Order: 60)
[2026-08-12 09:44:28] [WARNING] [ARGUS_AI:plugin_manager.py:30] - Module 'visualization_engine' is being re-registered.
[2026-08-12 09:44:28] [INFO] [ARGUS_AI:plugin_manager.py:34] - Registered Pluggable Module: [visualization_engine] 'Visualization Engine' (Order: 70)
[2026-08-12 09:44:28] [WARNING] [ARGUS_AI:plugin_manager.py:30] - Module 'settings' is being re-registered.
[2026-08-12 09:44:28] [INFO] [ARGUS_AI:plugin_manager.py:34] - Registered Pluggable Module: [settings] 'Platform Settings' (Order: 999)
[2026-08-12 09:44:34] [WARNING] [ARGUS_AI:plugin_manager.py:30] - Module 'home' is being re-registered.
[2026-08-12 09:44:34] [INFO] [ARGUS_AI:plugin_manager.py:34] - Registered Pluggable Module: [home] 'Home Dashboard' (Order: 1)
[2026-08-12 09:44:34] [WARNING] [ARGUS_AI:plugin_manager.py:30] - Module 'file_loader' is being re-registered.
[2026-08-12 09:44:34] [INFO] [ARGUS_AI:plugin_manager.py:34] - Registered Pluggable Module: [file_loader] 'Universal File Loader' (Order: 10)
[2026-08-12 09:44:34] [WARNING] [ARGUS_AI:plugin_manager.py:30] - Module 'db_connectors' is being re-registered.
[2026-08-12 09:44:34] [INFO] [ARGUS_AI:plugin_manager.py:34] - Registered Pluggable Module: [db_connectors] 'Database Connectors' (Order: 20)
[2026-08-12 09:44:34] [WARNING] [ARGUS_AI:plugin_manager.py:30] - Module 'ocr_engine' is being re-registered.
[2026-08-12 09:44:34] [INFO] [ARGUS_AI:plugin_manager.py:34] - Registered Pluggable Module: [ocr_engine] 'OCR & Document Extractor' (Order: 30)
[2026-08-12 09:44:34] [WARNING] [ARGUS_AI:plugin_manager.py:30] - Module 'data_cleaning' is being re-registered.
[2026-08-12 09:44:34] [INFO] [ARGUS_AI:plugin_manager.py:34] - Registered Pluggable Module: [data_cleaning] 'Data Cleaning Engine' (Order: 40)
[2026-08-12 09:44:34] [WARNING] [ARGUS_AI:plugin_manager.py:30] - Module 'data_profiling' is being re-registered.
[2026-08-12 09:44:34] [INFO] [ARGUS_AI:plugin_manager.py:34] - Registered Pluggable Module: [data_profiling] 'Data Profiling Engine' (Order: 50)
[2026-08-12 09:44:34] [WARNING] [ARGUS_AI:plugin_manager.py:30] - Module 'analytics_engine' is being re-registered.
[2026-08-12 09:44:34] [INFO] [ARGUS_AI:plugin_manager.py:34] - Registered Pluggable Module: [analytics_engine] 'Analytics & Forecasting' (Order: 60)
[2026-08-12 09:44:34] [WARNING] [ARGUS_AI:plugin_manager.py:30] - Module 'visualization_engine' is being re-registered.
[2026-08-12 09:44:34] [INFO] [ARGUS_AI:plugin_manager.py:34] - Registered Pluggable Module: [visualization_engine] 'Visualization Engine' (Order: 70)
[2026-08-12 09:44:34] [WARNING] [ARGUS_AI:plugin_manager.py:30] - Module 'settings' is being re-registered.
[2026-08-12 09:44:34] [INFO] [ARGUS_AI:plugin_manager.py:34] - Registered Pluggable Module: [settings] 'Platform Settings' (Order: 999)
[2026-08-12 09:44:47] [WARNING] [ARGUS_AI:plugin_manager.py:30] - Module 'home' is being re-registered.
[2026-08-12 09:44:47] [INFO] [ARGUS_AI:plugin_manager.py:34] - Registered Pluggable Module: [home] 'Home Dashboard' (Order: 1)
[2026-08-12 09:44:47] [WARNING] [ARGUS_AI:plugin_manager.py:30] - Module 'file_loader' is being re-registered.
[2026-08-12 09:44:47] [INFO] [ARGUS_AI:plugin_manager.py:34] - Registered Pluggable Module: [file_loader] 'Universal File Loader' (Order: 10)
[2026-08-12 09:44:47] [WARNING] [ARGUS_AI:plugin_manager.py:30] - Module 'db_connectors' is being re-registered.
[2026-08-12 09:44:47] [INFO] [ARGUS_AI:plugin_manager.py:34] - Registered Pluggable Module: [db_connectors] 'Database Connectors' (Order: 20)
[2026-08-12 09:44:47] [WARNING] [ARGUS_AI:plugin_manager.py:30] - Module 'ocr_engine' is being re-registered.
[2026-08-12 09:44:47] [INFO] [ARGUS_AI:plugin_manager.py:34] - Registered Pluggable Module: [ocr_engine] 'OCR & Document Extractor' (Order: 30)
[2026-08-12 09:44:47] [WARNING] [ARGUS_AI:plugin_manager.py:30] - Module 'data_cleaning' is being re-registered.
[2026-08-12 09:44:47] [INFO] [ARGUS_AI:plugin_manager.py:34] - Registered Pluggable Module: [data_cleaning] 'Data Cleaning Engine' (Order: 40)
[2026-08-12 09:44:47] [WARNING] [ARGUS_AI:plugin_manager.py:30] - Module 'data_profiling' is being re-registered.
[2026-08-12 09:44:47] [INFO] [ARGUS_AI:plugin_manager.py:34] - Registered Pluggable Module: [data_profiling] 'Data Profiling Engine' (Order: 50)
[2026-08-12 09:44:47] [WARNING] [ARGUS_AI:plugin_manager.py:30] - Module 'analytics_engine' is being re-registered.
[2026-08-12 09:44:47] [INFO] [ARGUS_AI:plugin_manager.py:34] - Registered Pluggable Module: [analytics_engine] 'Analytics & Forecasting' (Order: 60)
[2026-08-12 09:44:47] [WARNING] [ARGUS_AI:plugin_manager.py:30] - Module 'visualization_engine' is being re-registered.
[2026-08-12 09:44:47] [INFO] [ARGUS_AI:plugin_manager.py:34] - Registered Pluggable Module: [visualization_engine] 'Visualization Engine' (Order: 70)
[2026-08-12 09:44:47] [WARNING] [ARGUS_AI:plugin_manager.py:30] - Module 'settings' is being re-registered.
[2026-08-12 09:44:47] [INFO] [ARGUS_AI:plugin_manager.py:34] - Registered Pluggable Module: [settings] 'Platform Settings' (Order: 999)
[2026-08-12 09:44:47] [WARNING] [ARGUS_AI:plugin_manager.py:30] - Module 'home' is being re-registered.
[2026-08-12 09:44:47] [INFO] [ARGUS_AI:plugin_manager.py:34] - Registered Pluggable Module: [home] 'Home Dashboard' (Order: 1)
[2026-08-12 09:44:47] [WARNING] [ARGUS_AI:plugin_manager.py:30] - Module 'file_loader' is being re-registered.
[2026-08-12 09:44:47] [INFO] [ARGUS_AI:plugin_manager.py:34] - Registered Pluggable Module: [file_loader] 'Universal File Loader' (Order: 10)
[2026-08-12 09:44:47] [WARNING] [ARGUS_AI:plugin_manager.py:30] - Module 'db_connectors' is being re-registered.
[2026-08-12 09:44:47] [INFO] [ARGUS_AI:plugin_manager.py:34] - Registered Pluggable Module: [db_connectors] 'Database Connectors' (Order: 20)
[2026-08-12 09:44:47] [WARNING] [ARGUS_AI:plugin_manager.py:30] - Module 'ocr_engine' is being re-registered.
[2026-08-12 09:44:47] [INFO] [ARGUS_AI:plugin_manager.py:34] - Registered Pluggable Module: [ocr_engine] 'OCR & Document Extractor' (Order: 30)
[2026-08-12 09:44:47] [WARNING] [ARGUS_AI:plugin_manager.py:30] - Module 'data_cleaning' is being re-registered.
[2026-08-12 09:44:47] [INFO] [ARGUS_AI:plugin_manager.py:34] - Registered Pluggable Module: [data_cleaning] 'Data Cleaning Engine' (Order: 40)
[2026-08-12 09:44:47] [WARNING] [ARGUS_AI:plugin_manager.py:30] - Module 'data_profiling' is being re-registered.
[2026-08-12 09:44:47] [INFO] [ARGUS_AI:plugin_manager.py:34] - Registered Pluggable Module: [data_profiling] 'Data Profiling Engine' (Order: 50)
[2026-08-12 09:44:47] [WARNING] [ARGUS_AI:plugin_manager.py:30] - Module 'analytics_engine' is being re-registered.
[2026-08-12 09:44:47] [INFO] [ARGUS_AI:plugin_manager.py:34] - Registered Pluggable Module: [analytics_engine] 'Analytics & Forecasting' (Order: 60)
[2026-08-12 09:44:47] [WARNING] [ARGUS_AI:plugin_manager.py:30] - Module 'visualization_engine' is being re-registered.
[2026-08-12 09:44:47] [INFO] [ARGUS_AI:plugin_manager.py:34] - Registered Pluggable Module: [visualization_engine] 'Visualization Engine' (Order: 70)
[2026-08-12 09:44:47] [WARNING] [ARGUS_AI:plugin_manager.py:30] - Module 'settings' is being re-registered.
[2026-08-12 09:44:47] [INFO] [ARGUS_AI:plugin_manager.py:34] - Registered Pluggable Module: [settings] 'Platform Settings' (Order: 999)
[2026-08-12 09:44:49] [WARNING] [ARGUS_AI:plugin_manager.py:30] - Module 'home' is being re-registered.
[2026-08-12 09:44:49] [INFO] [ARGUS_AI:plugin_manager.py:34] - Registered Pluggable Module: [home] 'Home Dashboard' (Order: 1)
[2026-08-12 09:44:49] [WARNING] [ARGUS_AI:plugin_manager.py:30] - Module 'file_loader' is being re-registered.
[2026-08-12 09:44:49] [INFO] [ARGUS_AI:plugin_manager.py:34] - Registered Pluggable Module: [file_loader] 'Universal File Loader' (Order: 10)
[2026-08-12 09:44:49] [WARNING] [ARGUS_AI:plugin_manager.py:30] - Module 'db_connectors' is being re-registered.
[2026-08-12 09:44:49] [INFO] [ARGUS_AI:plugin_manager.py:34] - Registered Pluggable Module: [db_connectors] 'Database Connectors' (Order: 20)
[2026-08-12 09:44:49] [WARNING] [ARGUS_AI:plugin_manager.py:30] - Module 'ocr_engine' is being re-registered.
[2026-08-12 09:44:49] [INFO] [ARGUS_AI:plugin_manager.py:34] - Registered Pluggable Module: [ocr_engine] 'OCR & Document Extractor' (Order: 30)
[2026-08-12 09:44:49] [WARNING] [ARGUS_AI:plugin_manager.py:30] - Module 'data_cleaning' is being re-registered.
[2026-08-12 09:44:49] [INFO] [ARGUS_AI:plugin_manager.py:34] - Registered Pluggable Module: [data_cleaning] 'Data Cleaning Engine' (Order: 40)
[2026-08-12 09:44:49] [WARNING] [ARGUS_AI:plugin_manager.py:30] - Module 'data_profiling' is being re-registered.
[2026-08-12 09:44:49] [INFO] [ARGUS_AI:plugin_manager.py:34] - Registered Pluggable Module: [data_profiling] 'Data Profiling Engine' (Order: 50)
[2026-08-12 09:44:49] [WARNING] [ARGUS_AI:plugin_manager.py:30] - Module 'analytics_engine' is being re-registered.
[2026-08-12 09:44:49] [INFO] [ARGUS_AI:plugin_manager.py:34] - Registered Pluggable Module: [analytics_engine] 'Analytics & Forecasting' (Order: 60)
[2026-08-12 09:44:49] [WARNING] [ARGUS_AI:plugin_manager.py:30] - Module 'visualization_engine' is being re-registered.
[2026-08-12 09:44:49] [INFO] [ARGUS_AI:plugin_manager.py:34] - Registered Pluggable Module: [visualization_engine] 'Visualization Engine' (Order: 70)
[2026-08-12 09:44:49] [WARNING] [ARGUS_AI:plugin_manager.py:30] - Module 'settings' is being re-registered.
[2026-08-12 09:44:49] [INFO] [ARGUS_AI:plugin_manager.py:34] - Registered Pluggable Module: [settings] 'Platform Settings' (Order: 999)
[2026-08-12 09:44:49] [WARNING] [ARGUS_AI:plugin_manager.py:30] - Module 'home' is being re-registered.
[2026-08-12 09:44:49] [INFO] [ARGUS_AI:plugin_manager.py:34] - Registered Pluggable Module: [home] 'Home Dashboard' (Order: 1)
[2026-08-12 09:44:49] [WARNING] [ARGUS_AI:plugin_manager.py:30] - Module 'file_loader' is being re-registered.
[2026-08-12 09:44:49] [INFO] [ARGUS_AI:plugin_manager.py:34] - Registered Pluggable Module: [file_loader] 'Universal File Loader' (Order: 10)
[2026-08-12 09:44:49] [WARNING] [ARGUS_AI:plugin_manager.py:30] - Module 'db_connectors' is being re-registered.
[2026-08-12 09:44:49] [INFO] [ARGUS_AI:plugin_manager.py:34] - Registered Pluggable Module: [db_connectors] 'Database Connectors' (Order: 20)
[2026-08-12 09:44:49] [WARNING] [ARGUS_AI:plugin_manager.py:30] - Module 'ocr_engine' is being re-registered.
[2026-08-12 09:44:49] [INFO] [ARGUS_AI:plugin_manager.py:34] - Registered Pluggable Module: [ocr_engine] 'OCR & Document Extractor' (Order: 30)
[2026-08-12 09:44:49] [WARNING] [ARGUS_AI:plugin_manager.py:30] - Module 'data_cleaning' is being re-registered.
[2026-08-12 09:44:49] [INFO] [ARGUS_AI:plugin_manager.py:34] - Registered Pluggable Module: [data_cleaning] 'Data Cleaning Engine' (Order: 40)
[2026-08-12 09:44:49] [WARNING] [ARGUS_AI:plugin_manager.py:30] - Module 'data_profiling' is being re-registered.
[2026-08-12 09:44:49] [INFO] [ARGUS_AI:plugin_manager.py:34] - Registered Pluggable Module: [data_profiling] 'Data Profiling Engine' (Order: 50)
[2026-08-12 09:44:49] [WARNING] [ARGUS_AI:plugin_manager.py:30] - Module 'analytics_engine' is being re-registered.
[2026-08-12 09:44:49] [INFO] [ARGUS_AI:plugin_manager.py:34] - Registered Pluggable Module: [analytics_engine] 'Analytics & Forecasting' (Order: 60)
[2026-08-12 09:44:49] [WARNING] [ARGUS_AI:plugin_manager.py:30] - Module 'visualization_engine' is being re-registered.
[2026-08-12 09:44:49] [INFO] [ARGUS_AI:plugin_manager.py:34] - Registered Pluggable Module: [visualization_engine] 'Visualization Engine' (Order: 70)
[2026-08-12 09:44:49] [WARNING] [ARGUS_AI:plugin_manager.py:30] - Module 'settings' is being re-registered.
[2026-08-12 09:44:49] [INFO] [ARGUS_AI:plugin_manager.py:34] - Registered Pluggable Module: [settings] 'Platform Settings' (Order: 999)
[2026-08-12 09:59:17] [WARNING] [ARGUS_AI:plugin_manager.py:30] - Module 'home' is being re-registered.
[2026-08-12 09:59:17] [INFO] [ARGUS_AI:plugin_manager.py:34] - Registered Pluggable Module: [home] 'Home Dashboard' (Order: 1)
[2026-08-12 09:59:17] [WARNING] [ARGUS_AI:plugin_manager.py:30] - Module 'file_loader' is being re-registered.
[2026-08-12 09:59:17] [INFO] [ARGUS_AI:plugin_manager.py:34] - Registered Pluggable Module: [file_loader] 'Universal File Loader' (Order: 10)
[2026-08-12 09:59:17] [WARNING] [ARGUS_AI:plugin_manager.py:30] - Module 'db_connectors' is being re-registered.
[2026-08-12 09:59:17] [INFO] [ARGUS_AI:plugin_manager.py:34] - Registered Pluggable Module: [db_connectors] 'Database Connectors' (Order: 20)
[2026-08-12 09:59:17] [WARNING] [ARGUS_AI:plugin_manager.py:30] - Module 'ocr_engine' is being re-registered.
[2026-08-12 09:59:17] [INFO] [ARGUS_AI:plugin_manager.py:34] - Registered Pluggable Module: [ocr_engine] 'OCR & Document Extractor' (Order: 30)
[2026-08-12 09:59:17] [WARNING] [ARGUS_AI:plugin_manager.py:30] - Module 'data_cleaning' is being re-registered.
[2026-08-12 09:59:17] [INFO] [ARGUS_AI:plugin_manager.py:34] - Registered Pluggable Module: [data_cleaning] 'Data Cleaning Engine' (Order: 40)
[2026-08-12 09:59:17] [WARNING] [ARGUS_AI:plugin_manager.py:30] - Module 'data_profiling' is being re-registered.
[2026-08-12 09:59:17] [INFO] [ARGUS_AI:plugin_manager.py:34] - Registered Pluggable Module: [data_profiling] 'Data Profiling Engine' (Order: 50)
[2026-08-12 09:59:17] [WARNING] [ARGUS_AI:plugin_manager.py:30] - Module 'analytics_engine' is being re-registered.
[2026-08-12 09:59:17] [INFO] [ARGUS_AI:plugin_manager.py:34] - Registered Pluggable Module: [analytics_engine] 'Analytics & Forecasting' (Order: 60)
[2026-08-12 09:59:17] [WARNING] [ARGUS_AI:plugin_manager.py:30] - Module 'visualization_engine' is being re-registered.
[2026-08-12 09:59:17] [INFO] [ARGUS_AI:plugin_manager.py:34] - Registered Pluggable Module: [visualization_engine] 'Visualization Engine' (Order: 70)
[2026-08-12 09:59:17] [WARNING] [ARGUS_AI:plugin_manager.py:30] - Module 'settings' is being re-registered.
[2026-08-12 09:59:17] [INFO] [ARGUS_AI:plugin_manager.py:34] - Registered Pluggable Module: [settings] 'Platform Settings' (Order: 999)
[2026-08-12 09:59:22] [WARNING] [ARGUS_AI:plugin_manager.py:30] - Module 'home' is being re-registered.
[2026-08-12 09:59:22] [INFO] [ARGUS_AI:plugin_manager.py:34] - Registered Pluggable Module: [home] 'Home Dashboard' (Order: 1)
[2026-08-12 09:59:22] [WARNING] [ARGUS_AI:plugin_manager.py:30] - Module 'file_loader' is being re-registered.
[2026-08-12 09:59:22] [INFO] [ARGUS_AI:plugin_manager.py:34] - Registered Pluggable Module: [file_loader] 'Universal File Loader' (Order: 10)
[2026-08-12 09:59:22] [WARNING] [ARGUS_AI:plugin_manager.py:30] - Module 'db_connectors' is being re-registered.
[2026-08-12 09:59:22] [INFO] [ARGUS_AI:plugin_manager.py:34] - Registered Pluggable Module: [db_connectors] 'Database Connectors' (Order: 20)
[2026-08-12 09:59:22] [WARNING] [ARGUS_AI:plugin_manager.py:30] - Module 'ocr_engine' is being re-registered.
[2026-08-12 09:59:22] [INFO] [ARGUS_AI:plugin_manager.py:34] - Registered Pluggable Module: [ocr_engine] 'OCR & Document Extractor' (Order: 30)
[2026-08-12 09:59:22] [WARNING] [ARGUS_AI:plugin_manager.py:30] - Module 'data_cleaning' is being re-registered.
[2026-08-12 09:59:22] [INFO] [ARGUS_AI:plugin_manager.py:34] - Registered Pluggable Module: [data_cleaning] 'Data Cleaning Engine' (Order: 40)
[2026-08-12 09:59:22] [WARNING] [ARGUS_AI:plugin_manager.py:30] - Module 'data_profiling' is being re-registered.
[2026-08-12 09:59:22] [INFO] [ARGUS_AI:plugin_manager.py:34] - Registered Pluggable Module: [data_profiling] 'Data Profiling Engine' (Order: 50)
[2026-08-12 09:59:22] [WARNING] [ARGUS_AI:plugin_manager.py:30] - Module 'analytics_engine' is being re-registered.
[2026-08-12 09:59:22] [INFO] [ARGUS_AI:plugin_manager.py:34] - Registered Pluggable Module: [analytics_engine] 'Analytics & Forecasting' (Order: 60)
[2026-08-12 09:59:22] [WARNING] [ARGUS_AI:plugin_manager.py:30] - Module 'visualization_engine' is being re-registered.
[2026-08-12 09:59:23] [INFO] [ARGUS_AI:plugin_manager.py:34] - Registered Pluggable Module: [visualization_engine] 'Visualization Engine' (Order: 70)
[2026-08-12 09:59:23] [WARNING] [ARGUS_AI:plugin_manager.py:30] - Module 'settings' is being re-registered.
[2026-08-12 09:59:23] [INFO] [ARGUS_AI:plugin_manager.py:34] - Registered Pluggable Module: [settings] 'Platform Settings' (Order: 999)
[2026-08-12 09:59:32] [WARNING] [ARGUS_AI:plugin_manager.py:30] - Module 'home' is being re-registered.
[2026-08-12 09:59:32] [INFO] [ARGUS_AI:plugin_manager.py:34] - Registered Pluggable Module: [home] 'Home Dashboard' (Order: 1)
[2026-08-12 09:59:32] [WARNING] [ARGUS_AI:plugin_manager.py:30] - Module 'file_loader' is being re-registered.
[2026-08-12 09:59:32] [INFO] [ARGUS_AI:plugin_manager.py:34] - Registered Pluggable Module: [file_loader] 'Universal File Loader' (Order: 10)
[2026-08-12 09:59:32] [WARNING] [ARGUS_AI:plugin_manager.py:30] - Module 'db_connectors' is being re-registered.
[2026-08-12 09:59:32] [INFO] [ARGUS_AI:plugin_manager.py:34] - Registered Pluggable Module: [db_connectors] 'Database Connectors' (Order: 20)
[2026-08-12 09:59:32] [WARNING] [ARGUS_AI:plugin_manager.py:30] - Module 'ocr_engine' is being re-registered.
[2026-08-12 09:59:32] [INFO] [ARGUS_AI:plugin_manager.py:34] - Registered Pluggable Module: [ocr_engine] 'OCR & Document Extractor' (Order: 30)
[2026-08-12 09:59:32] [WARNING] [ARGUS_AI:plugin_manager.py:30] - Module 'data_cleaning' is being re-registered.
[2026-08-12 09:59:32] [INFO] [ARGUS_AI:plugin_manager.py:34] - Registered Pluggable Module: [data_cleaning] 'Data Cleaning Engine' (Order: 40)
[2026-08-12 09:59:32] [WARNING] [ARGUS_AI:plugin_manager.py:30] - Module 'data_profiling' is being re-registered.
[2026-08-12 09:59:32] [INFO] [ARGUS_AI:plugin_manager.py:34] - Registered Pluggable Module: [data_profiling] 'Data Profiling Engine' (Order: 50)
[2026-08-12 09:59:32] [WARNING] [ARGUS_AI:plugin_manager.py:30] - Module 'analytics_engine' is being re-registered.
[2026-08-12 09:59:32] [INFO] [ARGUS_AI:plugin_manager.py:34] - Registered Pluggable Module: [analytics_engine] 'Analytics & Forecasting' (Order: 60)
[2026-08-12 09:59:32] [WARNING] [ARGUS_AI:plugin_manager.py:30] - Module 'visualization_engine' is being re-registered.
[2026-08-12 09:59:32] [INFO] [ARGUS_AI:plugin_manager.py:34] - Registered Pluggable Module: [visualization_engine] 'Visualization Engine' (Order: 70)
[2026-08-12 09:59:32] [WARNING] [ARGUS_AI:plugin_manager.py:30] - Module 'settings' is being re-registered.
[2026-08-12 09:59:32] [INFO] [ARGUS_AI:plugin_manager.py:34] - Registered Pluggable Module: [settings] 'Platform Settings' (Order: 999)
[2026-08-12 09:59:36] [WARNING] [ARGUS_AI:plugin_manager.py:30] - Module 'home' is being re-registered.
[2026-08-12 09:59:36] [INFO] [ARGUS_AI:plugin_manager.py:34] - Registered Pluggable Module: [home] 'Home Dashboard' (Order: 1)
[2026-08-12 09:59:36] [WARNING] [ARGUS_AI:plugin_manager.py:30] - Module 'file_loader' is being re-registered.
[2026-08-12 09:59:36] [INFO] [ARGUS_AI:plugin_manager.py:34] - Registered Pluggable Module: [file_loader] 'Universal File Loader' (Order: 10)
[2026-08-12 09:59:36] [WARNING] [ARGUS_AI:plugin_manager.py:30] - Module 'db_connectors' is being re-registered.
[2026-08-12 09:59:36] [INFO] [ARGUS_AI:plugin_manager.py:34] - Registered Pluggable Module: [db_connectors] 'Database Connectors' (Order: 20)
[2026-08-12 09:59:36] [WARNING] [ARGUS_AI:plugin_manager.py:30] - Module 'ocr_engine' is being re-registered.
[2026-08-12 09:59:36] [INFO] [ARGUS_AI:plugin_manager.py:34] - Registered Pluggable Module: [ocr_engine] 'OCR & Document Extractor' (Order: 30)
[2026-08-12 09:59:36] [WARNING] [ARGUS_AI:plugin_manager.py:30] - Module 'data_cleaning' is being re-registered.
[2026-08-12 09:59:36] [INFO] [ARGUS_AI:plugin_manager.py:34] - Registered Pluggable Module: [data_cleaning] 'Data Cleaning Engine' (Order: 40)
[2026-08-12 09:59:36] [WARNING] [ARGUS_AI:plugin_manager.py:30] - Module 'data_profiling' is being re-registered.
[2026-08-12 09:59:36] [INFO] [ARGUS_AI:plugin_manager.py:34] - Registered Pluggable Module: [data_profiling] 'Data Profiling Engine' (Order: 50)
[2026-08-12 09:59:36] [WARNING] [ARGUS_AI:plugin_manager.py:30] - Module 'analytics_engine' is being re-registered.
[2026-08-12 09:59:36] [INFO] [ARGUS_AI:plugin_manager.py:34] - Registered Pluggable Module: [analytics_engine] 'Analytics & Forecasting' (Order: 60)
[2026-08-12 09:59:36] [WARNING] [ARGUS_AI:plugin_manager.py:30] - Module 'visualization_engine' is being re-registered.
[2026-08-12 09:59:36] [INFO] [ARGUS_AI:plugin_manager.py:34] - Registered Pluggable Module: [visualization_engine] 'Visualization Engine' (Order: 70)
[2026-08-12 09:59:36] [WARNING] [ARGUS_AI:plugin_manager.py:30] - Module 'settings' is being re-registered.
[2026-08-12 09:59:36] [INFO] [ARGUS_AI:plugin_manager.py:34] - Registered Pluggable Module: [settings] 'Platform Settings' (Order: 999)
[2026-08-12 10:04:00] [WARNING] [ARGUS_AI:plugin_manager.py:30] - Module 'home' is being re-registered.
[2026-08-12 10:04:00] [INFO] [ARGUS_AI:plugin_manager.py:34] - Registered Pluggable Module: [home] 'Home Dashboard' (Order: 1)
[2026-08-12 10:04:00] [WARNING] [ARGUS_AI:plugin_manager.py:30] - Module 'file_loader' is being re-registered.
[2026-08-12 10:04:00] [INFO] [ARGUS_AI:plugin_manager.py:34] - Registered Pluggable Module: [file_loader] 'Universal File Loader' (Order: 10)
[2026-08-12 10:04:00] [WARNING] [ARGUS_AI:plugin_manager.py:30] - Module 'db_connectors' is being re-registered.
[2026-08-12 10:04:00] [INFO] [ARGUS_AI:plugin_manager.py:34] - Registered Pluggable Module: [db_connectors] 'Database Connectors' (Order: 20)
[2026-08-12 10:04:00] [WARNING] [ARGUS_AI:plugin_manager.py:30] - Module 'ocr_engine' is being re-registered.
[2026-08-12 10:04:00] [INFO] [ARGUS_AI:plugin_manager.py:34] - Registered Pluggable Module: [ocr_engine] 'OCR & Document Extractor' (Order: 30)
[2026-08-12 10:04:00] [WARNING] [ARGUS_AI:plugin_manager.py:30] - Module 'data_cleaning' is being re-registered.
[2026-08-12 10:04:00] [INFO] [ARGUS_AI:plugin_manager.py:34] - Registered Pluggable Module: [data_cleaning] 'Data Cleaning Engine' (Order: 40)
[2026-08-12 10:04:00] [WARNING] [ARGUS_AI:plugin_manager.py:30] - Module 'data_profiling' is being re-registered.
[2026-08-12 10:04:00] [INFO] [ARGUS_AI:plugin_manager.py:34] - Registered Pluggable Module: [data_profiling] 'Data Profiling Engine' (Order: 50)
[2026-08-12 10:04:00] [WARNING] [ARGUS_AI:plugin_manager.py:30] - Module 'analytics_engine' is being re-registered.
[2026-08-12 10:04:00] [INFO] [ARGUS_AI:plugin_manager.py:34] - Registered Pluggable Module: [analytics_engine] 'Analytics & Forecasting' (Order: 60)
[2026-08-12 10:04:00] [WARNING] [ARGUS_AI:plugin_manager.py:30] - Module 'visualization_engine' is being re-registered.
[2026-08-12 10:04:00] [INFO] [ARGUS_AI:plugin_manager.py:34] - Registered Pluggable Module: [visualization_engine] 'Visualization Engine' (Order: 70)
[2026-08-12 10:04:00] [WARNING] [ARGUS_AI:plugin_manager.py:30] - Module 'settings' is being re-registered.
[2026-08-12 10:04:00] [INFO] [ARGUS_AI:plugin_manager.py:34] - Registered Pluggable Module: [settings] 'Platform Settings' (Order: 999)
[2026-08-12 10:04:04] [WARNING] [ARGUS_AI:plugin_manager.py:30] - Module 'home' is being re-registered.
[2026-08-12 10:04:04] [INFO] [ARGUS_AI:plugin_manager.py:34] - Registered Pluggable Module: [home] 'Home Dashboard' (Order: 1)
[2026-08-12 10:04:04] [WARNING] [ARGUS_AI:plugin_manager.py:30] - Module 'file_loader' is being re-registered.
[2026-08-12 10:04:04] [INFO] [ARGUS_AI:plugin_manager.py:34] - Registered Pluggable Module: [file_loader] 'Universal File Loader' (Order: 10)
[2026-08-12 10:04:04] [WARNING] [ARGUS_AI:plugin_manager.py:30] - Module 'db_connectors' is being re-registered.
[2026-08-12 10:04:04] [INFO] [ARGUS_AI:plugin_manager.py:34] - Registered Pluggable Module: [db_connectors] 'Database Connectors' (Order: 20)
[2026-08-12 10:04:04] [WARNING] [ARGUS_AI:plugin_manager.py:30] - Module 'ocr_engine' is being re-registered.
[2026-08-12 10:04:04] [INFO] [ARGUS_AI:plugin_manager.py:34] - Registered Pluggable Module: [ocr_engine] 'OCR & Document Extractor' (Order: 30)
[2026-08-12 10:04:04] [WARNING] [ARGUS_AI:plugin_manager.py:30] - Module 'data_cleaning' is being re-registered.
[2026-08-12 10:04:04] [INFO] [ARGUS_AI:plugin_manager.py:34] - Registered Pluggable Module: [data_cleaning] 'Data Cleaning Engine' (Order: 40)
[2026-08-12 10:04:04] [WARNING] [ARGUS_AI:plugin_manager.py:30] - Module 'data_profiling' is being re-registered.
[2026-08-12 10:04:04] [INFO] [ARGUS_AI:plugin_manager.py:34] - Registered Pluggable Module: [data_profiling] 'Data Profiling Engine' (Order: 50)
[2026-08-12 10:04:04] [WARNING] [ARGUS_AI:plugin_manager.py:30] - Module 'analytics_engine' is being re-registered.
[2026-08-12 10:04:04] [INFO] [ARGUS_AI:plugin_manager.py:34] - Registered Pluggable Module: [analytics_engine] 'Analytics & Forecasting' (Order: 60)
[2026-08-12 10:04:04] [WARNING] [ARGUS_AI:plugin_manager.py:30] - Module 'visualization_engine' is being re-registered.
[2026-08-12 10:04:04] [INFO] [ARGUS_AI:plugin_manager.py:34] - Registered Pluggable Module: [visualization_engine] 'Visualization Engine' (Order: 70)
[2026-08-12 10:04:04] [WARNING] [ARGUS_AI:plugin_manager.py:30] - Module 'settings' is being re-registered.
[2026-08-12 10:04:04] [INFO] [ARGUS_AI:plugin_manager.py:34] - Registered Pluggable Module: [settings] 'Platform Settings' (Order: 999)
[2026-08-12 10:04:34] [WARNING] [ARGUS_AI:plugin_manager.py:30] - Module 'home' is being re-registered.
[2026-08-12 10:04:34] [INFO] [ARGUS_AI:plugin_manager.py:34] - Registered Pluggable Module: [home] 'Home Dashboard' (Order: 1)
[2026-08-12 10:04:34] [WARNING] [ARGUS_AI:plugin_manager.py:30] - Module 'file_loader' is being re-registered.
[2026-08-12 10:04:34] [INFO] [ARGUS_AI:plugin_manager.py:34] - Registered Pluggable Module: [file_loader] 'Universal File Loader' (Order: 10)
[2026-08-12 10:04:34] [WARNING] [ARGUS_AI:plugin_manager.py:30] - Module 'db_connectors' is being re-registered.
[2026-08-12 10:04:34] [INFO] [ARGUS_AI:plugin_manager.py:34] - Registered Pluggable Module: [db_connectors] 'Database Connectors' (Order: 20)
[2026-08-12 10:04:34] [WARNING] [ARGUS_AI:plugin_manager.py:30] - Module 'ocr_engine' is being re-registered.
[2026-08-12 10:04:34] [INFO] [ARGUS_AI:plugin_manager.py:34] - Registered Pluggable Module: [ocr_engine] 'OCR & Document Extractor' (Order: 30)
[2026-08-12 10:04:34] [WARNING] [ARGUS_AI:plugin_manager.py:30] - Module 'data_cleaning' is being re-registered.
[2026-08-12 10:04:34] [INFO] [ARGUS_AI:plugin_manager.py:34] - Registered Pluggable Module: [data_cleaning] 'Data Cleaning Engine' (Order: 40)
[2026-08-12 10:04:34] [WARNING] [ARGUS_AI:plugin_manager.py:30] - Module 'data_profiling' is being re-registered.
[2026-08-12 10:04:34] [INFO] [ARGUS_AI:plugin_manager.py:34] - Registered Pluggable Module: [data_profiling] 'Data Profiling Engine' (Order: 50)
[2026-08-12 10:04:34] [WARNING] [ARGUS_AI:plugin_manager.py:30] - Module 'analytics_engine' is being re-registered.
[2026-08-12 10:04:34] [INFO] [ARGUS_AI:plugin_manager.py:34] - Registered Pluggable Module: [analytics_engine] 'Analytics & Forecasting' (Order: 60)
[2026-08-12 10:04:34] [WARNING] [ARGUS_AI:plugin_manager.py:30] - Module 'visualization_engine' is being re-registered.
[2026-08-12 10:04:34] [INFO] [ARGUS_AI:plugin_manager.py:34] - Registered Pluggable Module: [visualization_engine] 'Visualization Engine' (Order: 70)
[2026-08-12 10:04:34] [WARNING] [ARGUS_AI:plugin_manager.py:30] - Module 'settings' is being re-registered.
[2026-08-12 10:04:34] [INFO] [ARGUS_AI:plugin_manager.py:34] - Registered Pluggable Module: [settings] 'Platform Settings' (Order: 999)
[2026-08-12 10:04:34] [WARNING] [ARGUS_AI:plugin_manager.py:30] - Module 'home' is being re-registered.
[2026-08-12 10:04:34] [INFO] [ARGUS_AI:plugin_manager.py:34] - Registered Pluggable Module: [home] 'Home Dashboard' (Order: 1)
[2026-08-12 10:04:34] [WARNING] [ARGUS_AI:plugin_manager.py:30] - Module 'file_loader' is being re-registered.
[2026-08-12 10:04:34] [INFO] [ARGUS_AI:plugin_manager.py:34] - Registered Pluggable Module: [file_loader] 'Universal File Loader' (Order: 10)
[2026-08-12 10:04:34] [WARNING] [ARGUS_AI:plugin_manager.py:30] - Module 'db_connectors' is being re-registered.
[2026-08-12 10:04:34] [INFO] [ARGUS_AI:plugin_manager.py:34] - Registered Pluggable Module: [db_connectors] 'Database Connectors' (Order: 20)
[2026-08-12 10:04:34] [WARNING] [ARGUS_AI:plugin_manager.py:30] - Module 'ocr_engine' is being re-registered.
[2026-08-12 10:04:34] [INFO] [ARGUS_AI:plugin_manager.py:34] - Registered Pluggable Module: [ocr_engine] 'OCR & Document Extractor' (Order: 30)
[2026-08-12 10:04:34] [WARNING] [ARGUS_AI:plugin_manager.py:30] - Module 'data_cleaning' is being re-registered.
[2026-08-12 10:04:34] [INFO] [ARGUS_AI:plugin_manager.py:34] - Registered Pluggable Module: [data_cleaning] 'Data Cleaning Engine' (Order: 40)
[2026-08-12 10:04:34] [WARNING] [ARGUS_AI:plugin_manager.py:30] - Module 'data_profiling' is being re-registered.
[2026-08-12 10:04:34] [INFO] [ARGUS_AI:plugin_manager.py:34] - Registered Pluggable Module: [data_profiling] 'Data Profiling Engine' (Order: 50)
[2026-08-12 10:04:34] [WARNING] [ARGUS_AI:plugin_manager.py:30] - Module 'analytics_engine' is being re-registered.
[2026-08-12 10:04:34] [INFO] [ARGUS_AI:plugin_manager.py:34] - Registered Pluggable Module: [analytics_engine] 'Analytics & Forecasting' (Order: 60)
[2026-08-12 10:04:34] [WARNING] [ARGUS_AI:plugin_manager.py:30] - Module 'visualization_engine' is being re-registered.
[2026-08-12 10:04:34] [INFO] [ARGUS_AI:plugin_manager.py:34] - Registered Pluggable Module: [visualization_engine] 'Visualization Engine' (Order: 70)
[2026-08-12 10:04:34] [WARNING] [ARGUS_AI:plugin_manager.py:30] - Module 'settings' is being re-registered.
[2026-08-12 10:04:34] [INFO] [ARGUS_AI:plugin_manager.py:34] - Registered Pluggable Module: [settings] 'Platform Settings' (Order: 999)
[2026-08-12 10:04:37] [WARNING] [ARGUS_AI:plugin_manager.py:30] - Module 'home' is being re-registered.
[2026-08-12 10:04:37] [INFO] [ARGUS_AI:plugin_manager.py:34] - Registered Pluggable Module: [home] 'Home Dashboard' (Order: 1)
[2026-08-12 10:04:37] [WARNING] [ARGUS_AI:plugin_manager.py:30] - Module 'file_loader' is being re-registered.
[2026-08-12 10:04:37] [INFO] [ARGUS_AI:plugin_manager.py:34] - Registered Pluggable Module: [file_loader] 'Universal File Loader' (Order: 10)
[2026-08-12 10:04:37] [WARNING] [ARGUS_AI:plugin_manager.py:30] - Module 'db_connectors' is being re-registered.
[2026-08-12 10:04:37] [INFO] [ARGUS_AI:plugin_manager.py:34] - Registered Pluggable Module: [db_connectors] 'Database Connectors' (Order: 20)
[2026-08-12 10:04:37] [WARNING] [ARGUS_AI:plugin_manager.py:30] - Module 'ocr_engine' is being re-registered.
[2026-08-12 10:04:37] [INFO] [ARGUS_AI:plugin_manager.py:34] - Registered Pluggable Module: [ocr_engine] 'OCR & Document Extractor' (Order: 30)
[2026-08-12 10:04:37] [WARNING] [ARGUS_AI:plugin_manager.py:30] - Module 'data_cleaning' is being re-registered.
[2026-08-12 10:04:37] [INFO] [ARGUS_AI:plugin_manager.py:34] - Registered Pluggable Module: [data_cleaning] 'Data Cleaning Engine' (Order: 40)
[2026-08-12 10:04:37] [WARNING] [ARGUS_AI:plugin_manager.py:30] - Module 'data_profiling' is being re-registered.
[2026-08-12 10:04:37] [INFO] [ARGUS_AI:plugin_manager.py:34] - Registered Pluggable Module: [data_profiling] 'Data Profiling Engine' (Order: 50)
[2026-08-12 10:04:37] [WARNING] [ARGUS_AI:plugin_manager.py:30] - Module 'analytics_engine' is being re-registered.
[2026-08-12 10:04:37] [INFO] [ARGUS_AI:plugin_manager.py:34] - Registered Pluggable Module: [analytics_engine] 'Analytics & Forecasting' (Order: 60)
[2026-08-12 10:04:37] [WARNING] [ARGUS_AI:plugin_manager.py:30] - Module 'visualization_engine' is being re-registered.
[2026-08-12 10:04:37] [INFO] [ARGUS_AI:plugin_manager.py:34] - Registered Pluggable Module: [visualization_engine] 'Visualization Engine' (Order: 70)
[2026-08-12 10:04:37] [WARNING] [ARGUS_AI:plugin_manager.py:30] - Module 'settings' is being re-registered.
[2026-08-12 10:04:37] [INFO] [ARGUS_AI:plugin_manager.py:34] - Registered Pluggable Module: [settings] 'Platform Settings' (Order: 999)
[2026-08-12 10:04:37] [WARNING] [ARGUS_AI:plugin_manager.py:30] - Module 'home' is being re-registered.
[2026-08-12 10:04:37] [INFO] [ARGUS_AI:plugin_manager.py:34] - Registered Pluggable Module: [home] 'Home Dashboard' (Order: 1)
[2026-08-12 10:04:37] [WARNING] [ARGUS_AI:plugin_manager.py:30] - Module 'file_loader' is being re-registered.
[2026-08-12 10:04:37] [INFO] [ARGUS_AI:plugin_manager.py:34] - Registered Pluggable Module: [file_loader] 'Universal File Loader' (Order: 10)
[2026-08-12 10:04:37] [WARNING] [ARGUS_AI:plugin_manager.py:30] - Module 'db_connectors' is being re-registered.
[2026-08-12 10:04:37] [INFO] [ARGUS_AI:plugin_manager.py:34] - Registered Pluggable Module: [db_connectors] 'Database Connectors' (Order: 20)
[2026-08-12 10:04:37] [WARNING] [ARGUS_AI:plugin_manager.py:30] - Module 'ocr_engine' is being re-registered.
[2026-08-12 10:04:37] [INFO] [ARGUS_AI:plugin_manager.py:34] - Registered Pluggable Module: [ocr_engine] 'OCR & Document Extractor' (Order: 30)
[2026-08-12 10:04:37] [WARNING] [ARGUS_AI:plugin_manager.py:30] - Module 'data_cleaning' is being re-registered.
[2026-08-12 10:04:37] [INFO] [ARGUS_AI:plugin_manager.py:34] - Registered Pluggable Module: [data_cleaning] 'Data Cleaning Engine' (Order: 40)
[2026-08-12 10:04:37] [WARNING] [ARGUS_AI:plugin_manager.py:30] - Module 'data_profiling' is being re-registered.
[2026-08-12 10:04:37] [INFO] [ARGUS_AI:plugin_manager.py:34] - Registered Pluggable Module: [data_profiling] 'Data Profiling Engine' (Order: 50)
[2026-08-12 10:04:37] [WARNING] [ARGUS_AI:plugin_manager.py:30] - Module 'analytics_engine' is being re-registered.
[2026-08-12 10:04:37] [INFO] [ARGUS_AI:plugin_manager.py:34] - Registered Pluggable Module: [analytics_engine] 'Analytics & Forecasting' (Order: 60)
[2026-08-12 10:04:37] [WARNING] [ARGUS_AI:plugin_manager.py:30] - Module 'visualization_engine' is being re-registered.
[2026-08-12 10:04:37] [INFO] [ARGUS_AI:plugin_manager.py:34] - Registered Pluggable Module: [visualization_engine] 'Visualization Engine' (Order: 70)
[2026-08-12 10:04:37] [WARNING] [ARGUS_AI:plugin_manager.py:30] - Module 'settings' is being re-registered.
[2026-08-12 10:04:37] [INFO] [ARGUS_AI:plugin_manager.py:34] - Registered Pluggable Module: [settings] 'Platform Settings' (Order: 999)
[2026-08-12 10:04:46] [WARNING] [ARGUS_AI:plugin_manager.py:30] - Module 'home' is being re-registered.
[2026-08-12 10:04:46] [INFO] [ARGUS_AI:plugin_manager.py:34] - Registered Pluggable Module: [home] 'Home Dashboard' (Order: 1)
[2026-08-12 10:04:46] [WARNING] [ARGUS_AI:plugin_manager.py:30] - Module 'file_loader' is being re-registered.
[2026-08-12 10:04:46] [INFO] [ARGUS_AI:plugin_manager.py:34] - Registered Pluggable Module: [file_loader] 'Universal File Loader' (Order: 10)
[2026-08-12 10:04:46] [WARNING] [ARGUS_AI:plugin_manager.py:30] - Module 'db_connectors' is being re-registered.
[2026-08-12 10:04:46] [INFO] [ARGUS_AI:plugin_manager.py:34] - Registered Pluggable Module: [db_connectors] 'Database Connectors' (Order: 20)
[2026-08-12 10:04:46] [WARNING] [ARGUS_AI:plugin_manager.py:30] - Module 'ocr_engine' is being re-registered.
[2026-08-12 10:04:46] [INFO] [ARGUS_AI:plugin_manager.py:34] - Registered Pluggable Module: [ocr_engine] 'OCR & Document Extractor' (Order: 30)
[2026-08-12 10:04:46] [WARNING] [ARGUS_AI:plugin_manager.py:30] - Module 'data_cleaning' is being re-registered.
[2026-08-12 10:04:46] [INFO] [ARGUS_AI:plugin_manager.py:34] - Registered Pluggable Module: [data_cleaning] 'Data Cleaning Engine' (Order: 40)
[2026-08-12 10:04:46] [WARNING] [ARGUS_AI:plugin_manager.py:30] - Module 'data_profiling' is being re-registered.
[2026-08-12 10:04:46] [INFO] [ARGUS_AI:plugin_manager.py:34] - Registered Pluggable Module: [data_profiling] 'Data Profiling Engine' (Order: 50)
[2026-08-12 10:04:46] [WARNING] [ARGUS_AI:plugin_manager.py:30] - Module 'analytics_engine' is being re-registered.
[2026-08-12 10:04:46] [INFO] [ARGUS_AI:plugin_manager.py:34] - Registered Pluggable Module: [analytics_engine] 'Analytics & Forecasting' (Order: 60)
[2026-08-12 10:04:46] [WARNING] [ARGUS_AI:plugin_manager.py:30] - Module 'visualization_engine' is being re-registered.
[2026-08-12 10:04:46] [INFO] [ARGUS_AI:plugin_manager.py:34] - Registered Pluggable Module: [visualization_engine] 'Visualization Engine' (Order: 70)
[2026-08-12 10:04:46] [WARNING] [ARGUS_AI:plugin_manager.py:30] - Module 'settings' is being re-registered.
[2026-08-12 10:04:46] [INFO] [ARGUS_AI:plugin_manager.py:34] - Registered Pluggable Module: [settings] 'Platform Settings' (Order: 999)
[2026-08-12 10:04:51] [WARNING] [ARGUS_AI:plugin_manager.py:30] - Module 'home' is being re-registered.
[2026-08-12 10:04:51] [INFO] [ARGUS_AI:plugin_manager.py:34] - Registered Pluggable Module: [home] 'Home Dashboard' (Order: 1)
[2026-08-12 10:04:51] [WARNING] [ARGUS_AI:plugin_manager.py:30] - Module 'file_loader' is being re-registered.
[2026-08-12 10:04:51] [INFO] [ARGUS_AI:plugin_manager.py:34] - Registered Pluggable Module: [file_loader] 'Universal File Loader' (Order: 10)
[2026-08-12 10:04:51] [WARNING] [ARGUS_AI:plugin_manager.py:30] - Module 'db_connectors' is being re-registered.
[2026-08-12 10:04:51] [INFO] [ARGUS_AI:plugin_manager.py:34] - Registered Pluggable Module: [db_connectors] 'Database Connectors' (Order: 20)
[2026-08-12 10:04:51] [WARNING] [ARGUS_AI:plugin_manager.py:30] - Module 'ocr_engine' is being re-registered.
[2026-08-12 10:04:51] [INFO] [ARGUS_AI:plugin_manager.py:34] - Registered Pluggable Module: [ocr_engine] 'OCR & Document Extractor' (Order: 30)
[2026-08-12 10:04:51] [WARNING] [ARGUS_AI:plugin_manager.py:30] - Module 'data_cleaning' is being re-registered.
[2026-08-12 10:04:51] [INFO] [ARGUS_AI:plugin_manager.py:34] - Registered Pluggable Module: [data_cleaning] 'Data Cleaning Engine' (Order: 40)
[2026-08-12 10:04:51] [WARNING] [ARGUS_AI:plugin_manager.py:30] - Module 'data_profiling' is being re-registered.
[2026-08-12 10:04:51] [INFO] [ARGUS_AI:plugin_manager.py:34] - Registered Pluggable Module: [data_profiling] 'Data Profiling Engine' (Order: 50)
[2026-08-12 10:04:51] [WARNING] [ARGUS_AI:plugin_manager.py:30] - Module 'analytics_engine' is being re-registered.
[2026-08-12 10:04:51] [INFO] [ARGUS_AI:plugin_manager.py:34] - Registered Pluggable Module: [analytics_engine] 'Analytics & Forecasting' (Order: 60)
[2026-08-12 10:04:51] [WARNING] [ARGUS_AI:plugin_manager.py:30] - Module 'visualization_engine' is being re-registered.
[2026-08-12 10:04:51] [INFO] [ARGUS_AI:plugin_manager.py:34] - Registered Pluggable Module: [visualization_engine] 'Visualization Engine' (Order: 70)
[2026-08-12 10:04:51] [WARNING] [ARGUS_AI:plugin_manager.py:30] - Module 'settings' is being re-registered.
[2026-08-12 10:04:51] [INFO] [ARGUS_AI:plugin_manager.py:34] - Registered Pluggable Module: [settings] 'Platform Settings' (Order: 999)
[2026-08-12 10:04:51] [INFO] [ARGUS_AI:file_service.py:46] - Ingesting file 'Inzone_-_July_2026__1_.xlsx' (830046 bytes, type 'xlsx')
[2026-08-12 10:05:06] [WARNING] [ARGUS_AI:plugin_manager.py:30] - Module 'home' is being re-registered.
[2026-08-12 10:05:06] [INFO] [ARGUS_AI:plugin_manager.py:34] - Registered Pluggable Module: [home] 'Home Dashboard' (Order: 1)
[2026-08-12 10:05:06] [WARNING] [ARGUS_AI:plugin_manager.py:30] - Module 'file_loader' is being re-registered.
[2026-08-12 10:05:06] [INFO] [ARGUS_AI:plugin_manager.py:34] - Registered Pluggable Module: [file_loader] 'Universal File Loader' (Order: 10)
[2026-08-12 10:05:06] [WARNING] [ARGUS_AI:plugin_manager.py:30] - Module 'db_connectors' is being re-registered.
[2026-08-12 10:05:06] [INFO] [ARGUS_AI:plugin_manager.py:34] - Registered Pluggable Module: [db_connectors] 'Database Connectors' (Order: 20)
[2026-08-12 10:05:06] [WARNING] [ARGUS_AI:plugin_manager.py:30] - Module 'ocr_engine' is being re-registered.
[2026-08-12 10:05:06] [INFO] [ARGUS_AI:plugin_manager.py:34] - Registered Pluggable Module: [ocr_engine] 'OCR & Document Extractor' (Order: 30)
[2026-08-12 10:05:06] [WARNING] [ARGUS_AI:plugin_manager.py:30] - Module 'data_cleaning' is being re-registered.
[2026-08-12 10:05:06] [INFO] [ARGUS_AI:plugin_manager.py:34] - Registered Pluggable Module: [data_cleaning] 'Data Cleaning Engine' (Order: 40)
[2026-08-12 10:05:06] [WARNING] [ARGUS_AI:plugin_manager.py:30] - Module 'data_profiling' is being re-registered.
[2026-08-12 10:05:06] [INFO] [ARGUS_AI:plugin_manager.py:34] - Registered Pluggable Module: [data_profiling] 'Data Profiling Engine' (Order: 50)
[2026-08-12 10:05:06] [WARNING] [ARGUS_AI:plugin_manager.py:30] - Module 'analytics_engine' is being re-registered.
[2026-08-12 10:05:06] [INFO] [ARGUS_AI:plugin_manager.py:34] - Registered Pluggable Module: [analytics_engine] 'Analytics & Forecasting' (Order: 60)
[2026-08-12 10:05:06] [WARNING] [ARGUS_AI:plugin_manager.py:30] - Module 'visualization_engine' is being re-registered.
[2026-08-12 10:05:06] [INFO] [ARGUS_AI:plugin_manager.py:34] - Registered Pluggable Module: [visualization_engine] 'Visualization Engine' (Order: 70)
[2026-08-12 10:05:06] [WARNING] [ARGUS_AI:plugin_manager.py:30] - Module 'settings' is being re-registered.
[2026-08-12 10:05:06] [INFO] [ARGUS_AI:plugin_manager.py:34] - Registered Pluggable Module: [settings] 'Platform Settings' (Order: 999)
[2026-08-12 10:05:07] [WARNING] [ARGUS_AI:plugin_manager.py:30] - Module 'home' is being re-registered.
[2026-08-12 10:05:07] [INFO] [ARGUS_AI:plugin_manager.py:34] - Registered Pluggable Module: [home] 'Home Dashboard' (Order: 1)
[2026-08-12 10:05:07] [WARNING] [ARGUS_AI:plugin_manager.py:30] - Module 'file_loader' is being re-registered.
[2026-08-12 10:05:07] [INFO] [ARGUS_AI:plugin_manager.py:34] - Registered Pluggable Module: [file_loader] 'Universal File Loader' (Order: 10)
[2026-08-12 10:05:07] [WARNING] [ARGUS_AI:plugin_manager.py:30] - Module 'db_connectors' is being re-registered.
[2026-08-12 10:05:07] [INFO] [ARGUS_AI:plugin_manager.py:34] - Registered Pluggable Module: [db_connectors] 'Database Connectors' (Order: 20)
[2026-08-12 10:05:07] [WARNING] [ARGUS_AI:plugin_manager.py:30] - Module 'ocr_engine' is being re-registered.
[2026-08-12 10:05:07] [INFO] [ARGUS_AI:plugin_manager.py:34] - Registered Pluggable Module: [ocr_engine] 'OCR & Document Extractor' (Order: 30)
[2026-08-12 10:05:07] [WARNING] [ARGUS_AI:plugin_manager.py:30] - Module 'data_cleaning' is being re-registered.
[2026-08-12 10:05:07] [INFO] [ARGUS_AI:plugin_manager.py:34] - Registered Pluggable Module: [data_cleaning] 'Data Cleaning Engine' (Order: 40)
[2026-08-12 10:05:07] [WARNING] [ARGUS_AI:plugin_manager.py:30] - Module 'data_profiling' is being re-registered.
[2026-08-12 10:05:07] [INFO] [ARGUS_AI:plugin_manager.py:34] - Registered Pluggable Module: [data_profiling] 'Data Profiling Engine' (Order: 50)
[2026-08-12 10:05:07] [WARNING] [ARGUS_AI:plugin_manager.py:30] - Module 'analytics_engine' is being re-registered.
[2026-08-12 10:05:07] [INFO] [ARGUS_AI:plugin_manager.py:34] - Registered Pluggable Module: [analytics_engine] 'Analytics & Forecasting' (Order: 60)
[2026-08-12 10:05:07] [WARNING] [ARGUS_AI:plugin_manager.py:30] - Module 'visualization_engine' is being re-registered.
[2026-08-12 10:05:07] [INFO] [ARGUS_AI:plugin_manager.py:34] - Registered Pluggable Module: [visualization_engine] 'Visualization Engine' (Order: 70)
[2026-08-12 10:05:07] [WARNING] [ARGUS_AI:plugin_manager.py:30] - Module 'settings' is being re-registered.
[2026-08-12 10:05:07] [INFO] [ARGUS_AI:plugin_manager.py:34] - Registered Pluggable Module: [settings] 'Platform Settings' (Order: 999)
[2026-08-12 10:05:25] [WARNING] [ARGUS_AI:plugin_manager.py:30] - Module 'home' is being re-registered.
[2026-08-12 10:05:25] [INFO] [ARGUS_AI:plugin_manager.py:34] - Registered Pluggable Module: [home] 'Home Dashboard' (Order: 1)
[2026-08-12 10:05:25] [WARNING] [ARGUS_AI:plugin_manager.py:30] - Module 'file_loader' is being re-registered.
[2026-08-12 10:05:25] [INFO] [ARGUS_AI:plugin_manager.py:34] - Registered Pluggable Module: [file_loader] 'Universal File Loader' (Order: 10)
[2026-08-12 10:05:25] [WARNING] [ARGUS_AI:plugin_manager.py:30] - Module 'db_connectors' is being re-registered.
[2026-08-12 10:05:25] [INFO] [ARGUS_AI:plugin_manager.py:34] - Registered Pluggable Module: [db_connectors] 'Database Connectors' (Order: 20)
[2026-08-12 10:05:25] [WARNING] [ARGUS_AI:plugin_manager.py:30] - Module 'ocr_engine' is being re-registered.
[2026-08-12 10:05:25] [INFO] [ARGUS_AI:plugin_manager.py:34] - Registered Pluggable Module: [ocr_engine] 'OCR & Document Extractor' (Order: 30)
[2026-08-12 10:05:25] [WARNING] [ARGUS_AI:plugin_manager.py:30] - Module 'data_cleaning' is being re-registered.
[2026-08-12 10:05:25] [INFO] [ARGUS_AI:plugin_manager.py:34] - Registered Pluggable Module: [data_cleaning] 'Data Cleaning Engine' (Order: 40)
[2026-08-12 10:05:25] [WARNING] [ARGUS_AI:plugin_manager.py:30] - Module 'data_profiling' is being re-registered.
[2026-08-12 10:05:25] [INFO] [ARGUS_AI:plugin_manager.py:34] - Registered Pluggable Module: [data_profiling] 'Data Profiling Engine' (Order: 50)
[2026-08-12 10:05:25] [WARNING] [ARGUS_AI:plugin_manager.py:30] - Module 'analytics_engine' is being re-registered.
[2026-08-12 10:05:25] [INFO] [ARGUS_AI:plugin_manager.py:34] - Registered Pluggable Module: [analytics_engine] 'Analytics & Forecasting' (Order: 60)
[2026-08-12 10:05:25] [WARNING] [ARGUS_AI:plugin_manager.py:30] - Module 'visualization_engine' is being re-registered.
[2026-08-12 10:05:25] [INFO] [ARGUS_AI:plugin_manager.py:34] - Registered Pluggable Module: [visualization_engine] 'Visualization Engine' (Order: 70)
[2026-08-12 10:05:25] [WARNING] [ARGUS_AI:plugin_manager.py:30] - Module 'settings' is being re-registered.
[2026-08-12 10:05:25] [INFO] [ARGUS_AI:plugin_manager.py:34] - Registered Pluggable Module: [settings] 'Platform Settings' (Order: 999)
[2026-08-12 10:05:26] [WARNING] [ARGUS_AI:plugin_manager.py:30] - Module 'home' is being re-registered.
[2026-08-12 10:05:26] [INFO] [ARGUS_AI:plugin_manager.py:34] - Registered Pluggable Module: [home] 'Home Dashboard' (Order: 1)
[2026-08-12 10:05:26] [WARNING] [ARGUS_AI:plugin_manager.py:30] - Module 'file_loader' is being re-registered.
[2026-08-12 10:05:26] [INFO] [ARGUS_AI:plugin_manager.py:34] - Registered Pluggable Module: [file_loader] 'Universal File Loader' (Order: 10)
[2026-08-12 10:05:26] [WARNING] [ARGUS_AI:plugin_manager.py:30] - Module 'db_connectors' is being re-registered.
[2026-08-12 10:05:26] [INFO] [ARGUS_AI:plugin_manager.py:34] - Registered Pluggable Module: [db_connectors] 'Database Connectors' (Order: 20)
[2026-08-12 10:05:26] [WARNING] [ARGUS_AI:plugin_manager.py:30] - Module 'ocr_engine' is being re-registered.
[2026-08-12 10:05:26] [INFO] [ARGUS_AI:plugin_manager.py:34] - Registered Pluggable Module: [ocr_engine] 'OCR & Document Extractor' (Order: 30)
[2026-08-12 10:05:26] [WARNING] [ARGUS_AI:plugin_manager.py:30] - Module 'data_cleaning' is being re-registered.
[2026-08-12 10:05:26] [INFO] [ARGUS_AI:plugin_manager.py:34] - Registered Pluggable Module: [data_cleaning] 'Data Cleaning Engine' (Order: 40)
[2026-08-12 10:05:26] [WARNING] [ARGUS_AI:plugin_manager.py:30] - Module 'data_profiling' is being re-registered.
[2026-08-12 10:05:26] [INFO] [ARGUS_AI:plugin_manager.py:34] - Registered Pluggable Module: [data_profiling] 'Data Profiling Engine' (Order: 50)
[2026-08-12 10:05:26] [WARNING] [ARGUS_AI:plugin_manager.py:30] - Module 'analytics_engine' is being re-registered.
[2026-08-12 10:05:26] [INFO] [ARGUS_AI:plugin_manager.py:34] - Registered Pluggable Module: [analytics_engine] 'Analytics & Forecasting' (Order: 60)
[2026-08-12 10:05:26] [WARNING] [ARGUS_AI:plugin_manager.py:30] - Module 'visualization_engine' is being re-registered.
[2026-08-12 10:05:26] [INFO] [ARGUS_AI:plugin_manager.py:34] - Registered Pluggable Module: [visualization_engine] 'Visualization Engine' (Order: 70)
[2026-08-12 10:05:26] [WARNING] [ARGUS_AI:plugin_manager.py:30] - Module 'settings' is being re-registered.
[2026-08-12 10:05:26] [INFO] [ARGUS_AI:plugin_manager.py:34] - Registered Pluggable Module: [settings] 'Platform Settings' (Order: 999)
[2026-08-12 10:05:29] [WARNING] [ARGUS_AI:plugin_manager.py:30] - Module 'home' is being re-registered.
[2026-08-12 10:05:29] [INFO] [ARGUS_AI:plugin_manager.py:34] - Registered Pluggable Module: [home] 'Home Dashboard' (Order: 1)
[2026-08-12 10:05:29] [WARNING] [ARGUS_AI:plugin_manager.py:30] - Module 'file_loader' is being re-registered.
[2026-08-12 10:05:29] [INFO] [ARGUS_AI:plugin_manager.py:34] - Registered Pluggable Module: [file_loader] 'Universal File Loader' (Order: 10)
[2026-08-12 10:05:29] [WARNING] [ARGUS_AI:plugin_manager.py:30] - Module 'db_connectors' is being re-registered.
[2026-08-12 10:05:29] [INFO] [ARGUS_AI:plugin_manager.py:34] - Registered Pluggable Module: [db_connectors] 'Database Connectors' (Order: 20)
[2026-08-12 10:05:29] [WARNING] [ARGUS_AI:plugin_manager.py:30] - Module 'ocr_engine' is being re-registered.
[2026-08-12 10:05:29] [INFO] [ARGUS_AI:plugin_manager.py:34] - Registered Pluggable Module: [ocr_engine] 'OCR & Document Extractor' (Order: 30)
[2026-08-12 10:05:29] [WARNING] [ARGUS_AI:plugin_manager.py:30] - Module 'data_cleaning' is being re-registered.
[2026-08-12 10:05:29] [INFO] [ARGUS_AI:plugin_manager.py:34] - Registered Pluggable Module: [data_cleaning] 'Data Cleaning Engine' (Order: 40)
[2026-08-12 10:05:29] [WARNING] [ARGUS_AI:plugin_manager.py:30] - Module 'data_profiling' is being re-registered.
[2026-08-12 10:05:29] [INFO] [ARGUS_AI:plugin_manager.py:34] - Registered Pluggable Module: [data_profiling] 'Data Profiling Engine' (Order: 50)
[2026-08-12 10:05:29] [WARNING] [ARGUS_AI:plugin_manager.py:30] - Module 'analytics_engine' is being re-registered.
[2026-08-12 10:05:29] [INFO] [ARGUS_AI:plugin_manager.py:34] - Registered Pluggable Module: [analytics_engine] 'Analytics & Forecasting' (Order: 60)
[2026-08-12 10:05:29] [WARNING] [ARGUS_AI:plugin_manager.py:30] - Module 'visualization_engine' is being re-registered.
[2026-08-12 10:05:29] [INFO] [ARGUS_AI:plugin_manager.py:34] - Registered Pluggable Module: [visualization_engine] 'Visualization Engine' (Order: 70)
[2026-08-12 10:05:29] [WARNING] [ARGUS_AI:plugin_manager.py:30] - Module 'settings' is being re-registered.
[2026-08-12 10:05:29] [INFO] [ARGUS_AI:plugin_manager.py:34] - Registered Pluggable Module: [settings] 'Platform Settings' (Order: 999)
[2026-08-12 10:05:30] [WARNING] [ARGUS_AI:plugin_manager.py:30] - Module 'home' is being re-registered.
[2026-08-12 10:05:30] [INFO] [ARGUS_AI:plugin_manager.py:34] - Registered Pluggable Module: [home] 'Home Dashboard' (Order: 1)
[2026-08-12 10:05:30] [WARNING] [ARGUS_AI:plugin_manager.py:30] - Module 'file_loader' is being re-registered.
[2026-08-12 10:05:30] [INFO] [ARGUS_AI:plugin_manager.py:34] - Registered Pluggable Module: [file_loader] 'Universal File Loader' (Order: 10)
[2026-08-12 10:05:30] [WARNING] [ARGUS_AI:plugin_manager.py:30] - Module 'db_connectors' is being re-registered.
[2026-08-12 10:05:30] [INFO] [ARGUS_AI:plugin_manager.py:34] - Registered Pluggable Module: [db_connectors] 'Database Connectors' (Order: 20)
[2026-08-12 10:05:30] [WARNING] [ARGUS_AI:plugin_manager.py:30] - Module 'ocr_engine' is being re-registered.
[2026-08-12 10:05:30] [INFO] [ARGUS_AI:plugin_manager.py:34] - Registered Pluggable Module: [ocr_engine] 'OCR & Document Extractor' (Order: 30)
[2026-08-12 10:05:30] [WARNING] [ARGUS_AI:plugin_manager.py:30] - Module 'data_cleaning' is being re-registered.
[2026-08-12 10:05:30] [INFO] [ARGUS_AI:plugin_manager.py:34] - Registered Pluggable Module: [data_cleaning] 'Data Cleaning Engine' (Order: 40)
[2026-08-12 10:05:30] [WARNING] [ARGUS_AI:plugin_manager.py:30] - Module 'data_profiling' is being re-registered.
[2026-08-12 10:05:30] [INFO] [ARGUS_AI:plugin_manager.py:34] - Registered Pluggable Module: [data_profiling] 'Data Profiling Engine' (Order: 50)
[2026-08-12 10:05:30] [WARNING] [ARGUS_AI:plugin_manager.py:30] - Module 'analytics_engine' is being re-registered.
[2026-08-12 10:05:30] [INFO] [ARGUS_AI:plugin_manager.py:34] - Registered Pluggable Module: [analytics_engine] 'Analytics & Forecasting' (Order: 60)
[2026-08-12 10:05:30] [WARNING] [ARGUS_AI:plugin_manager.py:30] - Module 'visualization_engine' is being re-registered.
[2026-08-12 10:05:30] [INFO] [ARGUS_AI:plugin_manager.py:34] - Registered Pluggable Module: [visualization_engine] 'Visualization Engine' (Order: 70)
[2026-08-12 10:05:30] [WARNING] [ARGUS_AI:plugin_manager.py:30] - Module 'settings' is being re-registered.
[2026-08-12 10:05:30] [INFO] [ARGUS_AI:plugin_manager.py:34] - Registered Pluggable Module: [settings] 'Platform Settings' (Order: 999)
[2026-08-12 10:05:35] [WARNING] [ARGUS_AI:plugin_manager.py:30] - Module 'home' is being re-registered.
[2026-08-12 10:05:35] [INFO] [ARGUS_AI:plugin_manager.py:34] - Registered Pluggable Module: [home] 'Home Dashboard' (Order: 1)
[2026-08-12 10:05:35] [WARNING] [ARGUS_AI:plugin_manager.py:30] - Module 'file_loader' is being re-registered.
[2026-08-12 10:05:35] [INFO] [ARGUS_AI:plugin_manager.py:34] - Registered Pluggable Module: [file_loader] 'Universal File Loader' (Order: 10)
[2026-08-12 10:05:35] [WARNING] [ARGUS_AI:plugin_manager.py:30] - Module 'db_connectors' is being re-registered.
[2026-08-12 10:05:35] [INFO] [ARGUS_AI:plugin_manager.py:34] - Registered Pluggable Module: [db_connectors] 'Database Connectors' (Order: 20)
[2026-08-12 10:05:35] [WARNING] [ARGUS_AI:plugin_manager.py:30] - Module 'ocr_engine' is being re-registered.
[2026-08-12 10:05:35] [INFO] [ARGUS_AI:plugin_manager.py:34] - Registered Pluggable Module: [ocr_engine] 'OCR & Document Extractor' (Order: 30)
[2026-08-12 10:05:35] [WARNING] [ARGUS_AI:plugin_manager.py:30] - Module 'data_cleaning' is being re-registered.
[2026-08-12 10:05:35] [INFO] [ARGUS_AI:plugin_manager.py:34] - Registered Pluggable Module: [data_cleaning] 'Data Cleaning Engine' (Order: 40)
[2026-08-12 10:05:35] [WARNING] [ARGUS_AI:plugin_manager.py:30] - Module 'data_profiling' is being re-registered.
[2026-08-12 10:05:35] [INFO] [ARGUS_AI:plugin_manager.py:34] - Registered Pluggable Module: [data_profiling] 'Data Profiling Engine' (Order: 50)
[2026-08-12 10:05:35] [WARNING] [ARGUS_AI:plugin_manager.py:30] - Module 'analytics_engine' is being re-registered.
[2026-08-12 10:05:35] [INFO] [ARGUS_AI:plugin_manager.py:34] - Registered Pluggable Module: [analytics_engine] 'Analytics & Forecasting' (Order: 60)
[2026-08-12 10:05:35] [WARNING] [ARGUS_AI:plugin_manager.py:30] - Module 'visualization_engine' is being re-registered.
[2026-08-12 10:05:35] [INFO] [ARGUS_AI:plugin_manager.py:34] - Registered Pluggable Module: [visualization_engine] 'Visualization Engine' (Order: 70)
[2026-08-12 10:05:35] [WARNING] [ARGUS_AI:plugin_manager.py:30] - Module 'settings' is being re-registered.
[2026-08-12 10:05:35] [INFO] [ARGUS_AI:plugin_manager.py:34] - Registered Pluggable Module: [settings] 'Platform Settings' (Order: 999)
[2026-08-12 10:05:37] [WARNING] [ARGUS_AI:plugin_manager.py:30] - Module 'home' is being re-registered.
[2026-08-12 10:05:37] [INFO] [ARGUS_AI:plugin_manager.py:34] - Registered Pluggable Module: [home] 'Home Dashboard' (Order: 1)
[2026-08-12 10:05:37] [WARNING] [ARGUS_AI:plugin_manager.py:30] - Module 'file_loader' is being re-registered.
[2026-08-12 10:05:37] [INFO] [ARGUS_AI:plugin_manager.py:34] - Registered Pluggable Module: [file_loader] 'Universal File Loader' (Order: 10)
[2026-08-12 10:05:37] [WARNING] [ARGUS_AI:plugin_manager.py:30] - Module 'db_connectors' is being re-registered.
[2026-08-12 10:05:37] [INFO] [ARGUS_AI:plugin_manager.py:34] - Registered Pluggable Module: [db_connectors] 'Database Connectors' (Order: 20)
[2026-08-12 10:05:37] [WARNING] [ARGUS_AI:plugin_manager.py:30] - Module 'ocr_engine' is being re-registered.
[2026-08-12 10:05:37] [INFO] [ARGUS_AI:plugin_manager.py:34] - Registered Pluggable Module: [ocr_engine] 'OCR & Document Extractor' (Order: 30)
[2026-08-12 10:05:37] [WARNING] [ARGUS_AI:plugin_manager.py:30] - Module 'data_cleaning' is being re-registered.
[2026-08-12 10:05:37] [INFO] [ARGUS_AI:plugin_manager.py:34] - Registered Pluggable Module: [data_cleaning] 'Data Cleaning Engine' (Order: 40)
[2026-08-12 10:05:37] [WARNING] [ARGUS_AI:plugin_manager.py:30] - Module 'data_profiling' is being re-registered.
[2026-08-12 10:05:37] [INFO] [ARGUS_AI:plugin_manager.py:34] - Registered Pluggable Module: [data_profiling] 'Data Profiling Engine' (Order: 50)
[2026-08-12 10:05:37] [WARNING] [ARGUS_AI:plugin_manager.py:30] - Module 'analytics_engine' is being re-registered.
[2026-08-12 10:05:37] [INFO] [ARGUS_AI:plugin_manager.py:34] - Registered Pluggable Module: [analytics_engine] 'Analytics & Forecasting' (Order: 60)
[2026-08-12 10:05:37] [WARNING] [ARGUS_AI:plugin_manager.py:30] - Module 'visualization_engine' is being re-registered.
[2026-08-12 10:05:37] [INFO] [ARGUS_AI:plugin_manager.py:34] - Registered Pluggable Module: [visualization_engine] 'Visualization Engine' (Order: 70)
[2026-08-12 10:05:37] [WARNING] [ARGUS_AI:plugin_manager.py:30] - Module 'settings' is being re-registered.
[2026-08-12 10:05:37] [INFO] [ARGUS_AI:plugin_manager.py:34] - Registered Pluggable Module: [settings] 'Platform Settings' (Order: 999)
[2026-08-12 10:05:37] [INFO] [ARGUS_AI:file_service.py:46] - Ingesting file 'Inzone_-_July_2026__1_.xlsx' (830046 bytes, type 'xlsx')
[2026-08-12 10:05:45] [WARNING] [ARGUS_AI:plugin_manager.py:30] - Module 'home' is being re-registered.
[2026-08-12 10:05:45] [INFO] [ARGUS_AI:plugin_manager.py:34] - Registered Pluggable Module: [home] 'Home Dashboard' (Order: 1)
[2026-08-12 10:05:45] [WARNING] [ARGUS_AI:plugin_manager.py:30] - Module 'file_loader' is being re-registered.
[2026-08-12 10:05:45] [INFO] [ARGUS_AI:plugin_manager.py:34] - Registered Pluggable Module: [file_loader] 'Universal File Loader' (Order: 10)
[2026-08-12 10:05:45] [WARNING] [ARGUS_AI:plugin_manager.py:30] - Module 'db_connectors' is being re-registered.
[2026-08-12 10:05:45] [INFO] [ARGUS_AI:plugin_manager.py:34] - Registered Pluggable Module: [db_connectors] 'Database Connectors' (Order: 20)
[2026-08-12 10:05:45] [WARNING] [ARGUS_AI:plugin_manager.py:30] - Module 'ocr_engine' is being re-registered.
[2026-08-12 10:05:45] [INFO] [ARGUS_AI:plugin_manager.py:34] - Registered Pluggable Module: [ocr_engine] 'OCR & Document Extractor' (Order: 30)
[2026-08-12 10:05:45] [WARNING] [ARGUS_AI:plugin_manager.py:30] - Module 'data_cleaning' is being re-registered.
[2026-08-12 10:05:45] [INFO] [ARGUS_AI:plugin_manager.py:34] - Registered Pluggable Module: [data_cleaning] 'Data Cleaning Engine' (Order: 40)
[2026-08-12 10:05:45] [WARNING] [ARGUS_AI:plugin_manager.py:30] - Module 'data_profiling' is being re-registered.
[2026-08-12 10:05:45] [INFO] [ARGUS_AI:plugin_manager.py:34] - Registered Pluggable Module: [data_profiling] 'Data Profiling Engine' (Order: 50)
[2026-08-12 10:05:45] [WARNING] [ARGUS_AI:plugin_manager.py:30] - Module 'analytics_engine' is being re-registered.
[2026-08-12 10:05:45] [INFO] [ARGUS_AI:plugin_manager.py:34] - Registered Pluggable Module: [analytics_engine] 'Analytics & Forecasting' (Order: 60)
[2026-08-12 10:05:45] [WARNING] [ARGUS_AI:plugin_manager.py:30] - Module 'visualization_engine' is being re-registered.
[2026-08-12 10:05:45] [INFO] [ARGUS_AI:plugin_manager.py:34] - Registered Pluggable Module: [visualization_engine] 'Visualization Engine' (Order: 70)
[2026-08-12 10:05:45] [WARNING] [ARGUS_AI:plugin_manager.py:30] - Module 'settings' is being re-registered.
[2026-08-12 10:05:45] [INFO] [ARGUS_AI:plugin_manager.py:34] - Registered Pluggable Module: [settings] 'Platform Settings' (Order: 999)
[2026-08-12 10:05:45] [WARNING] [ARGUS_AI:plugin_manager.py:30] - Module 'home' is being re-registered.
[2026-08-12 10:05:45] [INFO] [ARGUS_AI:plugin_manager.py:34] - Registered Pluggable Module: [home] 'Home Dashboard' (Order: 1)
[2026-08-12 10:05:45] [WARNING] [ARGUS_AI:plugin_manager.py:30] - Module 'file_loader' is being re-registered.
[2026-08-12 10:05:45] [INFO] [ARGUS_AI:plugin_manager.py:34] - Registered Pluggable Module: [file_loader] 'Universal File Loader' (Order: 10)
[2026-08-12 10:05:45] [WARNING] [ARGUS_AI:plugin_manager.py:30] - Module 'db_connectors' is being re-registered.
[2026-08-12 10:05:45] [INFO] [ARGUS_AI:plugin_manager.py:34] - Registered Pluggable Module: [db_connectors] 'Database Connectors' (Order: 20)
[2026-08-12 10:05:45] [WARNING] [ARGUS_AI:plugin_manager.py:30] - Module 'ocr_engine' is being re-registered.
[2026-08-12 10:05:45] [INFO] [ARGUS_AI:plugin_manager.py:34] - Registered Pluggable Module: [ocr_engine] 'OCR & Document Extractor' (Order: 30)
[2026-08-12 10:05:45] [WARNING] [ARGUS_AI:plugin_manager.py:30] - Module 'data_cleaning' is being re-registered.
[2026-08-12 10:05:45] [INFO] [ARGUS_AI:plugin_manager.py:34] - Registered Pluggable Module: [data_cleaning] 'Data Cleaning Engine' (Order: 40)
[2026-08-12 10:05:45] [WARNING] [ARGUS_AI:plugin_manager.py:30] - Module 'data_profiling' is being re-registered.
[2026-08-12 10:05:45] [INFO] [ARGUS_AI:plugin_manager.py:34] - Registered Pluggable Module: [data_profiling] 'Data Profiling Engine' (Order: 50)
[2026-08-12 10:05:45] [WARNING] [ARGUS_AI:plugin_manager.py:30] - Module 'analytics_engine' is being re-registered.
[2026-08-12 10:05:45] [INFO] [ARGUS_AI:plugin_manager.py:34] - Registered Pluggable Module: [analytics_engine] 'Analytics & Forecasting' (Order: 60)
[2026-08-12 10:05:45] [WARNING] [ARGUS_AI:plugin_manager.py:30] - Module 'visualization_engine' is being re-registered.
[2026-08-12 10:05:45] [INFO] [ARGUS_AI:plugin_manager.py:34] - Registered Pluggable Module: [visualization_engine] 'Visualization Engine' (Order: 70)
[2026-08-12 10:05:45] [WARNING] [ARGUS_AI:plugin_manager.py:30] - Module 'settings' is being re-registered.
[2026-08-12 10:05:45] [INFO] [ARGUS_AI:plugin_manager.py:34] - Registered Pluggable Module: [settings] 'Platform Settings' (Order: 999)
[2026-08-12 10:05:54] [WARNING] [ARGUS_AI:plugin_manager.py:30] - Module 'home' is being re-registered.
[2026-08-12 10:05:54] [INFO] [ARGUS_AI:plugin_manager.py:34] - Registered Pluggable Module: [home] 'Home Dashboard' (Order: 1)
[2026-08-12 10:05:54] [WARNING] [ARGUS_AI:plugin_manager.py:30] - Module 'file_loader' is being re-registered.
[2026-08-12 10:05:54] [INFO] [ARGUS_AI:plugin_manager.py:34] - Registered Pluggable Module: [file_loader] 'Universal File Loader' (Order: 10)
[2026-08-12 10:05:54] [WARNING] [ARGUS_AI:plugin_manager.py:30] - Module 'db_connectors' is being re-registered.
[2026-08-12 10:05:54] [INFO] [ARGUS_AI:plugin_manager.py:34] - Registered Pluggable Module: [db_connectors] 'Database Connectors' (Order: 20)
[2026-08-12 10:05:54] [WARNING] [ARGUS_AI:plugin_manager.py:30] - Module 'ocr_engine' is being re-registered.
[2026-08-12 10:05:54] [INFO] [ARGUS_AI:plugin_manager.py:34] - Registered Pluggable Module: [ocr_engine] 'OCR & Document Extractor' (Order: 30)
[2026-08-12 10:05:54] [WARNING] [ARGUS_AI:plugin_manager.py:30] - Module 'data_cleaning' is being re-registered.
[2026-08-12 10:05:54] [INFO] [ARGUS_AI:plugin_manager.py:34] - Registered Pluggable Module: [data_cleaning] 'Data Cleaning Engine' (Order: 40)
[2026-08-12 10:05:54] [WARNING] [ARGUS_AI:plugin_manager.py:30] - Module 'data_profiling' is being re-registered.
[2026-08-12 10:05:54] [INFO] [ARGUS_AI:plugin_manager.py:34] - Registered Pluggable Module: [data_profiling] 'Data Profiling Engine' (Order: 50)
[2026-08-12 10:05:54] [WARNING] [ARGUS_AI:plugin_manager.py:30] - Module 'analytics_engine' is being re-registered.
[2026-08-12 10:05:54] [INFO] [ARGUS_AI:plugin_manager.py:34] - Registered Pluggable Module: [analytics_engine] 'Analytics & Forecasting' (Order: 60)
[2026-08-12 10:05:54] [WARNING] [ARGUS_AI:plugin_manager.py:30] - Module 'visualization_engine' is being re-registered.
[2026-08-12 10:05:54] [INFO] [ARGUS_AI:plugin_manager.py:34] - Registered Pluggable Module: [visualization_engine] 'Visualization Engine' (Order: 70)
[2026-08-12 10:05:54] [WARNING] [ARGUS_AI:plugin_manager.py:30] - Module 'settings' is being re-registered.
[2026-08-12 10:05:54] [INFO] [ARGUS_AI:plugin_manager.py:34] - Registered Pluggable Module: [settings] 'Platform Settings' (Order: 999)
[2026-08-12 10:05:56] [WARNING] [ARGUS_AI:plugin_manager.py:30] - Module 'home' is being re-registered.
[2026-08-12 10:05:56] [INFO] [ARGUS_AI:plugin_manager.py:34] - Registered Pluggable Module: [home] 'Home Dashboard' (Order: 1)
[2026-08-12 10:05:56] [WARNING] [ARGUS_AI:plugin_manager.py:30] - Module 'file_loader' is being re-registered.
[2026-08-12 10:05:56] [INFO] [ARGUS_AI:plugin_manager.py:34] - Registered Pluggable Module: [file_loader] 'Universal File Loader' (Order: 10)
[2026-08-12 10:05:56] [WARNING] [ARGUS_AI:plugin_manager.py:30] - Module 'db_connectors' is being re-registered.
[2026-08-12 10:05:56] [INFO] [ARGUS_AI:plugin_manager.py:34] - Registered Pluggable Module: [db_connectors] 'Database Connectors' (Order: 20)
[2026-08-12 10:05:56] [WARNING] [ARGUS_AI:plugin_manager.py:30] - Module 'ocr_engine' is being re-registered.
[2026-08-12 10:05:56] [INFO] [ARGUS_AI:plugin_manager.py:34] - Registered Pluggable Module: [ocr_engine] 'OCR & Document Extractor' (Order: 30)
[2026-08-12 10:05:56] [WARNING] [ARGUS_AI:plugin_manager.py:30] - Module 'data_cleaning' is being re-registered.
[2026-08-12 10:05:56] [INFO] [ARGUS_AI:plugin_manager.py:34] - Registered Pluggable Module: [data_cleaning] 'Data Cleaning Engine' (Order: 40)
[2026-08-12 10:05:56] [WARNING] [ARGUS_AI:plugin_manager.py:30] - Module 'data_profiling' is being re-registered.
[2026-08-12 10:05:56] [INFO] [ARGUS_AI:plugin_manager.py:34] - Registered Pluggable Module: [data_profiling] 'Data Profiling Engine' (Order: 50)
[2026-08-12 10:05:56] [WARNING] [ARGUS_AI:plugin_manager.py:30] - Module 'analytics_engine' is being re-registered.
[2026-08-12 10:05:56] [INFO] [ARGUS_AI:plugin_manager.py:34] - Registered Pluggable Module: [analytics_engine] 'Analytics & Forecasting' (Order: 60)
[2026-08-12 10:05:56] [WARNING] [ARGUS_AI:plugin_manager.py:30] - Module 'visualization_engine' is being re-registered.
[2026-08-12 10:05:56] [INFO] [ARGUS_AI:plugin_manager.py:34] - Registered Pluggable Module: [visualization_engine] 'Visualization Engine' (Order: 70)
[2026-08-12 10:05:56] [WARNING] [ARGUS_AI:plugin_manager.py:30] - Module 'settings' is being re-registered.
[2026-08-12 10:05:56] [INFO] [ARGUS_AI:plugin_manager.py:34] - Registered Pluggable Module: [settings] 'Platform Settings' (Order: 999)
[2026-08-12 10:15:39] [WARNING] [ARGUS_AI:plugin_manager.py:30] - Module 'home' is being re-registered.
[2026-08-12 10:15:39] [INFO] [ARGUS_AI:plugin_manager.py:34] - Registered Pluggable Module: [home] 'Home Dashboard' (Order: 1)
[2026-08-12 10:15:39] [WARNING] [ARGUS_AI:plugin_manager.py:30] - Module 'file_loader' is being re-registered.
[2026-08-12 10:15:39] [INFO] [ARGUS_AI:plugin_manager.py:34] - Registered Pluggable Module: [file_loader] 'Universal File Loader' (Order: 10)
[2026-08-12 10:15:39] [WARNING] [ARGUS_AI:plugin_manager.py:30] - Module 'db_connectors' is being re-registered.
[2026-08-12 10:15:39] [INFO] [ARGUS_AI:plugin_manager.py:34] - Registered Pluggable Module: [db_connectors] 'Database Connectors' (Order: 20)
[2026-08-12 10:15:39] [WARNING] [ARGUS_AI:plugin_manager.py:30] - Module 'ocr_engine' is being re-registered.
[2026-08-12 10:15:39] [INFO] [ARGUS_AI:plugin_manager.py:34] - Registered Pluggable Module: [ocr_engine] 'OCR & Document Extractor' (Order: 30)
[2026-08-12 10:15:39] [WARNING] [ARGUS_AI:plugin_manager.py:30] - Module 'data_cleaning' is being re-registered.
[2026-08-12 10:15:39] [INFO] [ARGUS_AI:plugin_manager.py:34] - Registered Pluggable Module: [data_cleaning] 'Data Cleaning Engine' (Order: 40)
[2026-08-12 10:15:39] [WARNING] [ARGUS_AI:plugin_manager.py:30] - Module 'data_profiling' is being re-registered.
[2026-08-12 10:15:39] [INFO] [ARGUS_AI:plugin_manager.py:34] - Registered Pluggable Module: [data_profiling] 'Data Profiling Engine' (Order: 50)
[2026-08-12 10:15:39] [WARNING] [ARGUS_AI:plugin_manager.py:30] - Module 'analytics_engine' is being re-registered.
[2026-08-12 10:15:39] [INFO] [ARGUS_AI:plugin_manager.py:34] - Registered Pluggable Module: [analytics_engine] 'Analytics & Forecasting' (Order: 60)
[2026-08-12 10:15:39] [WARNING] [ARGUS_AI:plugin_manager.py:30] - Module 'visualization_engine' is being re-registered.
[2026-08-12 10:15:39] [INFO] [ARGUS_AI:plugin_manager.py:34] - Registered Pluggable Module: [visualization_engine] 'Visualization Engine' (Order: 70)
[2026-08-12 10:15:39] [WARNING] [ARGUS_AI:plugin_manager.py:30] - Module 'settings' is being re-registered.
[2026-08-12 10:15:39] [INFO] [ARGUS_AI:plugin_manager.py:34] - Registered Pluggable Module: [settings] 'Platform Settings' (Order: 999)
[2026-08-12 10:15:42] [WARNING] [ARGUS_AI:plugin_manager.py:30] - Module 'home' is being re-registered.
[2026-08-12 10:15:42] [INFO] [ARGUS_AI:plugin_manager.py:34] - Registered Pluggable Module: [home] 'Home Dashboard' (Order: 1)
[2026-08-12 10:15:42] [WARNING] [ARGUS_AI:plugin_manager.py:30] - Module 'file_loader' is being re-registered.
[2026-08-12 10:15:42] [INFO] [ARGUS_AI:plugin_manager.py:34] - Registered Pluggable Module: [file_loader] 'Universal File Loader' (Order: 10)
[2026-08-12 10:15:42] [WARNING] [ARGUS_AI:plugin_manager.py:30] - Module 'db_connectors' is being re-registered.
[2026-08-12 10:15:42] [INFO] [ARGUS_AI:plugin_manager.py:34] - Registered Pluggable Module: [db_connectors] 'Database Connectors' (Order: 20)
[2026-08-12 10:15:42] [WARNING] [ARGUS_AI:plugin_manager.py:30] - Module 'ocr_engine' is being re-registered.
[2026-08-12 10:15:42] [INFO] [ARGUS_AI:plugin_manager.py:34] - Registered Pluggable Module: [ocr_engine] 'OCR & Document Extractor' (Order: 30)
[2026-08-12 10:15:42] [WARNING] [ARGUS_AI:plugin_manager.py:30] - Module 'data_cleaning' is being re-registered.
[2026-08-12 10:15:42] [INFO] [ARGUS_AI:plugin_manager.py:34] - Registered Pluggable Module: [data_cleaning] 'Data Cleaning Engine' (Order: 40)
[2026-08-12 10:15:42] [WARNING] [ARGUS_AI:plugin_manager.py:30] - Module 'data_profiling' is being re-registered.
[2026-08-12 10:15:42] [INFO] [ARGUS_AI:plugin_manager.py:34] - Registered Pluggable Module: [data_profiling] 'Data Profiling Engine' (Order: 50)
[2026-08-12 10:15:42] [WARNING] [ARGUS_AI:plugin_manager.py:30] - Module 'analytics_engine' is being re-registered.
[2026-08-12 10:15:42] [INFO] [ARGUS_AI:plugin_manager.py:34] - Registered Pluggable Module: [analytics_engine] 'Analytics & Forecasting' (Order: 60)
[2026-08-12 10:15:42] [WARNING] [ARGUS_AI:plugin_manager.py:30] - Module 'visualization_engine' is being re-registered.
[2026-08-12 10:15:42] [INFO] [ARGUS_AI:plugin_manager.py:34] - Registered Pluggable Module: [visualization_engine] 'Visualization Engine' (Order: 70)
[2026-08-12 10:15:42] [WARNING] [ARGUS_AI:plugin_manager.py:30] - Module 'settings' is being re-registered.
[2026-08-12 10:15:42] [INFO] [ARGUS_AI:plugin_manager.py:34] - Registered Pluggable Module: [settings] 'Platform Settings' (Order: 999)
[2026-08-12 10:15:43] [WARNING] [ARGUS_AI:plugin_manager.py:30] - Module 'home' is being re-registered.
[2026-08-12 10:15:43] [INFO] [ARGUS_AI:plugin_manager.py:34] - Registered Pluggable Module: [home] 'Home Dashboard' (Order: 1)
[2026-08-12 10:15:43] [WARNING] [ARGUS_AI:plugin_manager.py:30] - Module 'file_loader' is being re-registered.
[2026-08-12 10:15:43] [INFO] [ARGUS_AI:plugin_manager.py:34] - Registered Pluggable Module: [file_loader] 'Universal File Loader' (Order: 10)
[2026-08-12 10:15:43] [WARNING] [ARGUS_AI:plugin_manager.py:30] - Module 'db_connectors' is being re-registered.
[2026-08-12 10:15:43] [INFO] [ARGUS_AI:plugin_manager.py:34] - Registered Pluggable Module: [db_connectors] 'Database Connectors' (Order: 20)
[2026-08-12 10:15:43] [WARNING] [ARGUS_AI:plugin_manager.py:30] - Module 'ocr_engine' is being re-registered.
[2026-08-12 10:15:43] [INFO] [ARGUS_AI:plugin_manager.py:34] - Registered Pluggable Module: [ocr_engine] 'OCR & Document Extractor' (Order: 30)
[2026-08-12 10:15:43] [WARNING] [ARGUS_AI:plugin_manager.py:30] - Module 'data_cleaning' is being re-registered.
[2026-08-12 10:15:43] [INFO] [ARGUS_AI:plugin_manager.py:34] - Registered Pluggable Module: [data_cleaning] 'Data Cleaning Engine' (Order: 40)
[2026-08-12 10:15:43] [WARNING] [ARGUS_AI:plugin_manager.py:30] - Module 'data_profiling' is being re-registered.
[2026-08-12 10:15:43] [INFO] [ARGUS_AI:plugin_manager.py:34] - Registered Pluggable Module: [data_profiling] 'Data Profiling Engine' (Order: 50)
[2026-08-12 10:15:43] [WARNING] [ARGUS_AI:plugin_manager.py:30] - Module 'analytics_engine' is being re-registered.
[2026-08-12 10:15:43] [INFO] [ARGUS_AI:plugin_manager.py:34] - Registered Pluggable Module: [analytics_engine] 'Analytics & Forecasting' (Order: 60)
[2026-08-12 10:15:43] [WARNING] [ARGUS_AI:plugin_manager.py:30] - Module 'visualization_engine' is being re-registered.
[2026-08-12 10:15:43] [INFO] [ARGUS_AI:plugin_manager.py:34] - Registered Pluggable Module: [visualization_engine] 'Visualization Engine' (Order: 70)
[2026-08-12 10:15:43] [WARNING] [ARGUS_AI:plugin_manager.py:30] - Module 'settings' is being re-registered.
[2026-08-12 10:15:43] [INFO] [ARGUS_AI:plugin_manager.py:34] - Registered Pluggable Module: [settings] 'Platform Settings' (Order: 999)
[2026-08-12 10:15:58] [WARNING] [ARGUS_AI:plugin_manager.py:30] - Module 'home' is being re-registered.
[2026-08-12 10:15:58] [INFO] [ARGUS_AI:plugin_manager.py:34] - Registered Pluggable Module: [home] 'Home Dashboard' (Order: 1)
[2026-08-12 10:15:58] [WARNING] [ARGUS_AI:plugin_manager.py:30] - Module 'file_loader' is being re-registered.
[2026-08-12 10:15:58] [INFO] [ARGUS_AI:plugin_manager.py:34] - Registered Pluggable Module: [file_loader] 'Universal File Loader' (Order: 10)
[2026-08-12 10:15:58] [WARNING] [ARGUS_AI:plugin_manager.py:30] - Module 'db_connectors' is being re-registered.
[2026-08-12 10:15:58] [INFO] [ARGUS_AI:plugin_manager.py:34] - Registered Pluggable Module: [db_connectors] 'Database Connectors' (Order: 20)
[2026-08-12 10:15:58] [WARNING] [ARGUS_AI:plugin_manager.py:30] - Module 'ocr_engine' is being re-registered.
[2026-08-12 10:15:58] [INFO] [ARGUS_AI:plugin_manager.py:34] - Registered Pluggable Module: [ocr_engine] 'OCR & Document Extractor' (Order: 30)
[2026-08-12 10:15:58] [WARNING] [ARGUS_AI:plugin_manager.py:30] - Module 'data_cleaning' is being re-registered.
[2026-08-12 10:15:58] [INFO] [ARGUS_AI:plugin_manager.py:34] - Registered Pluggable Module: [data_cleaning] 'Data Cleaning Engine' (Order: 40)
[2026-08-12 10:15:58] [WARNING] [ARGUS_AI:plugin_manager.py:30] - Module 'data_profiling' is being re-registered.
[2026-08-12 10:15:58] [INFO] [ARGUS_AI:plugin_manager.py:34] - Registered Pluggable Module: [data_profiling] 'Data Profiling Engine' (Order: 50)
[2026-08-12 10:15:58] [WARNING] [ARGUS_AI:plugin_manager.py:30] - Module 'analytics_engine' is being re-registered.
[2026-08-12 10:15:58] [INFO] [ARGUS_AI:plugin_manager.py:34] - Registered Pluggable Module: [analytics_engine] 'Analytics & Forecasting' (Order: 60)
[2026-08-12 10:15:58] [WARNING] [ARGUS_AI:plugin_manager.py:30] - Module 'visualization_engine' is being re-registered.
[2026-08-12 10:15:58] [INFO] [ARGUS_AI:plugin_manager.py:34] - Registered Pluggable Module: [visualization_engine] 'Visualization Engine' (Order: 70)
[2026-08-12 10:15:58] [WARNING] [ARGUS_AI:plugin_manager.py:30] - Module 'settings' is being re-registered.
[2026-08-12 10:15:58] [INFO] [ARGUS_AI:plugin_manager.py:34] - Registered Pluggable Module: [settings] 'Platform Settings' (Order: 999)
[2026-08-12 10:16:02] [WARNING] [ARGUS_AI:plugin_manager.py:30] - Module 'home' is being re-registered.
[2026-08-12 10:16:02] [INFO] [ARGUS_AI:plugin_manager.py:34] - Registered Pluggable Module: [home] 'Home Dashboard' (Order: 1)
[2026-08-12 10:16:02] [WARNING] [ARGUS_AI:plugin_manager.py:30] - Module 'file_loader' is being re-registered.
[2026-08-12 10:16:02] [INFO] [ARGUS_AI:plugin_manager.py:34] - Registered Pluggable Module: [file_loader] 'Universal File Loader' (Order: 10)
[2026-08-12 10:16:02] [WARNING] [ARGUS_AI:plugin_manager.py:30] - Module 'db_connectors' is being re-registered.
[2026-08-12 10:16:02] [INFO] [ARGUS_AI:plugin_manager.py:34] - Registered Pluggable Module: [db_connectors] 'Database Connectors' (Order: 20)
[2026-08-12 10:16:02] [WARNING] [ARGUS_AI:plugin_manager.py:30] - Module 'ocr_engine' is being re-registered.
[2026-08-12 10:16:02] [INFO] [ARGUS_AI:plugin_manager.py:34] - Registered Pluggable Module: [ocr_engine] 'OCR & Document Extractor' (Order: 30)
[2026-08-12 10:16:02] [WARNING] [ARGUS_AI:plugin_manager.py:30] - Module 'data_cleaning' is being re-registered.
[2026-08-12 10:16:02] [INFO] [ARGUS_AI:plugin_manager.py:34] - Registered Pluggable Module: [data_cleaning] 'Data Cleaning Engine' (Order: 40)
[2026-08-12 10:16:02] [WARNING] [ARGUS_AI:plugin_manager.py:30] - Module 'data_profiling' is being re-registered.
[2026-08-12 10:16:02] [INFO] [ARGUS_AI:plugin_manager.py:34] - Registered Pluggable Module: [data_profiling] 'Data Profiling Engine' (Order: 50)
[2026-08-12 10:16:02] [WARNING] [ARGUS_AI:plugin_manager.py:30] - Module 'analytics_engine' is being re-registered.
[2026-08-12 10:16:02] [INFO] [ARGUS_AI:plugin_manager.py:34] - Registered Pluggable Module: [analytics_engine] 'Analytics & Forecasting' (Order: 60)
[2026-08-12 10:16:02] [WARNING] [ARGUS_AI:plugin_manager.py:30] - Module 'visualization_engine' is being re-registered.
[2026-08-12 10:16:02] [INFO] [ARGUS_AI:plugin_manager.py:34] - Registered Pluggable Module: [visualization_engine] 'Visualization Engine' (Order: 70)
[2026-08-12 10:16:02] [WARNING] [ARGUS_AI:plugin_manager.py:30] - Module 'settings' is being re-registered.
[2026-08-12 10:16:02] [INFO] [ARGUS_AI:plugin_manager.py:34] - Registered Pluggable Module: [settings] 'Platform Settings' (Order: 999)
[2026-08-12 10:16:07] [WARNING] [ARGUS_AI:plugin_manager.py:30] - Module 'home' is being re-registered.
[2026-08-12 10:16:07] [INFO] [ARGUS_AI:plugin_manager.py:34] - Registered Pluggable Module: [home] 'Home Dashboard' (Order: 1)
[2026-08-12 10:16:07] [WARNING] [ARGUS_AI:plugin_manager.py:30] - Module 'file_loader' is being re-registered.
[2026-08-12 10:16:07] [INFO] [ARGUS_AI:plugin_manager.py:34] - Registered Pluggable Module: [file_loader] 'Universal File Loader' (Order: 10)
[2026-08-12 10:16:07] [WARNING] [ARGUS_AI:plugin_manager.py:30] - Module 'db_connectors' is being re-registered.
[2026-08-12 10:16:07] [INFO] [ARGUS_AI:plugin_manager.py:34] - Registered Pluggable Module: [db_connectors] 'Database Connectors' (Order: 20)
[2026-08-12 10:16:07] [WARNING] [ARGUS_AI:plugin_manager.py:30] - Module 'ocr_engine' is being re-registered.
[2026-08-12 10:16:07] [INFO] [ARGUS_AI:plugin_manager.py:34] - Registered Pluggable Module: [ocr_engine] 'OCR & Document Extractor' (Order: 30)
[2026-08-12 10:16:07] [WARNING] [ARGUS_AI:plugin_manager.py:30] - Module 'data_cleaning' is being re-registered.
[2026-08-12 10:16:07] [INFO] [ARGUS_AI:plugin_manager.py:34] - Registered Pluggable Module: [data_cleaning] 'Data Cleaning Engine' (Order: 40)
[2026-08-12 10:16:07] [WARNING] [ARGUS_AI:plugin_manager.py:30] - Module 'data_profiling' is being re-registered.
[2026-08-12 10:16:07] [INFO] [ARGUS_AI:plugin_manager.py:34] - Registered Pluggable Module: [data_profiling] 'Data Profiling Engine' (Order: 50)
[2026-08-12 10:16:07] [WARNING] [ARGUS_AI:plugin_manager.py:30] - Module 'analytics_engine' is being re-registered.
[2026-08-12 10:16:07] [INFO] [ARGUS_AI:plugin_manager.py:34] - Registered Pluggable Module: [analytics_engine] 'Analytics & Forecasting' (Order: 60)
[2026-08-12 10:16:07] [WARNING] [ARGUS_AI:plugin_manager.py:30] - Module 'visualization_engine' is being re-registered.
[2026-08-12 10:16:07] [INFO] [ARGUS_AI:plugin_manager.py:34] - Registered Pluggable Module: [visualization_engine] 'Visualization Engine' (Order: 70)
[2026-08-12 10:16:07] [WARNING] [ARGUS_AI:plugin_manager.py:30] - Module 'settings' is being re-registered.
[2026-08-12 10:16:07] [INFO] [ARGUS_AI:plugin_manager.py:34] - Registered Pluggable Module: [settings] 'Platform Settings' (Order: 999)
[2026-08-12 10:16:11] [WARNING] [ARGUS_AI:plugin_manager.py:30] - Module 'home' is being re-registered.
[2026-08-12 10:16:11] [INFO] [ARGUS_AI:plugin_manager.py:34] - Registered Pluggable Module: [home] 'Home Dashboard' (Order: 1)
[2026-08-12 10:16:11] [WARNING] [ARGUS_AI:plugin_manager.py:30] - Module 'file_loader' is being re-registered.
[2026-08-12 10:16:11] [INFO] [ARGUS_AI:plugin_manager.py:34] - Registered Pluggable Module: [file_loader] 'Universal File Loader' (Order: 10)
[2026-08-12 10:16:11] [WARNING] [ARGUS_AI:plugin_manager.py:30] - Module 'db_connectors' is being re-registered.
[2026-08-12 10:16:11] [INFO] [ARGUS_AI:plugin_manager.py:34] - Registered Pluggable Module: [db_connectors] 'Database Connectors' (Order: 20)
[2026-08-12 10:16:11] [WARNING] [ARGUS_AI:plugin_manager.py:30] - Module 'ocr_engine' is being re-registered.
[2026-08-12 10:16:11] [INFO] [ARGUS_AI:plugin_manager.py:34] - Registered Pluggable Module: [ocr_engine] 'OCR & Document Extractor' (Order: 30)
[2026-08-12 10:16:11] [WARNING] [ARGUS_AI:plugin_manager.py:30] - Module 'data_cleaning' is being re-registered.
[2026-08-12 10:16:11] [INFO] [ARGUS_AI:plugin_manager.py:34] - Registered Pluggable Module: [data_cleaning] 'Data Cleaning Engine' (Order: 40)
[2026-08-12 10:16:11] [WARNING] [ARGUS_AI:plugin_manager.py:30] - Module 'data_profiling' is being re-registered.
[2026-08-12 10:16:11] [INFO] [ARGUS_AI:plugin_manager.py:34] - Registered Pluggable Module: [data_profiling] 'Data Profiling Engine' (Order: 50)
[2026-08-12 10:16:11] [WARNING] [ARGUS_AI:plugin_manager.py:30] - Module 'analytics_engine' is being re-registered.
[2026-08-12 10:16:11] [INFO] [ARGUS_AI:plugin_manager.py:34] - Registered Pluggable Module: [analytics_engine] 'Analytics & Forecasting' (Order: 60)
[2026-08-12 10:16:11] [WARNING] [ARGUS_AI:plugin_manager.py:30] - Module 'visualization_engine' is being re-registered.
[2026-08-12 10:16:11] [INFO] [ARGUS_AI:plugin_manager.py:34] - Registered Pluggable Module: [visualization_engine] 'Visualization Engine' (Order: 70)
[2026-08-12 10:16:11] [WARNING] [ARGUS_AI:plugin_manager.py:30] - Module 'settings' is being re-registered.
[2026-08-12 10:16:11] [INFO] [ARGUS_AI:plugin_manager.py:34] - Registered Pluggable Module: [settings] 'Platform Settings' (Order: 999)
[2026-08-12 10:17:17] [WARNING] [ARGUS_AI:plugin_manager.py:30] - Module 'home' is being re-registered.
[2026-08-12 10:17:17] [INFO] [ARGUS_AI:plugin_manager.py:34] - Registered Pluggable Module: [home] 'Home Dashboard' (Order: 1)
[2026-08-12 10:17:17] [WARNING] [ARGUS_AI:plugin_manager.py:30] - Module 'file_loader' is being re-registered.
[2026-08-12 10:17:17] [INFO] [ARGUS_AI:plugin_manager.py:34] - Registered Pluggable Module: [file_loader] 'Universal File Loader' (Order: 10)
[2026-08-12 10:17:17] [WARNING] [ARGUS_AI:plugin_manager.py:30] - Module 'db_connectors' is being re-registered.
[2026-08-12 10:17:17] [INFO] [ARGUS_AI:plugin_manager.py:34] - Registered Pluggable Module: [db_connectors] 'Database Connectors' (Order: 20)
[2026-08-12 10:17:17] [WARNING] [ARGUS_AI:plugin_manager.py:30] - Module 'ocr_engine' is being re-registered.
[2026-08-12 10:17:17] [INFO] [ARGUS_AI:plugin_manager.py:34] - Registered Pluggable Module: [ocr_engine] 'OCR & Document Extractor' (Order: 30)
[2026-08-12 10:17:17] [WARNING] [ARGUS_AI:plugin_manager.py:30] - Module 'data_cleaning' is being re-registered.
[2026-08-12 10:17:17] [INFO] [ARGUS_AI:plugin_manager.py:34] - Registered Pluggable Module: [data_cleaning] 'Data Cleaning Engine' (Order: 40)
[2026-08-12 10:17:17] [WARNING] [ARGUS_AI:plugin_manager.py:30] - Module 'data_profiling' is being re-registered.
[2026-08-12 10:17:17] [INFO] [ARGUS_AI:plugin_manager.py:34] - Registered Pluggable Module: [data_profiling] 'Data Profiling Engine' (Order: 50)
[2026-08-12 10:17:17] [WARNING] [ARGUS_AI:plugin_manager.py:30] - Module 'analytics_engine' is being re-registered.
[2026-08-12 10:17:17] [INFO] [ARGUS_AI:plugin_manager.py:34] - Registered Pluggable Module: [analytics_engine] 'Analytics & Forecasting' (Order: 60)
[2026-08-12 10:17:17] [WARNING] [ARGUS_AI:plugin_manager.py:30] - Module 'visualization_engine' is being re-registered.
[2026-08-12 10:17:17] [INFO] [ARGUS_AI:plugin_manager.py:34] - Registered Pluggable Module: [visualization_engine] 'Visualization Engine' (Order: 70)
[2026-08-12 10:17:17] [WARNING] [ARGUS_AI:plugin_manager.py:30] - Module 'settings' is being re-registered.
[2026-08-12 10:17:17] [INFO] [ARGUS_AI:plugin_manager.py:34] - Registered Pluggable Module: [settings] 'Platform Settings' (Order: 999)
[2026-08-12 10:17:24] [WARNING] [ARGUS_AI:plugin_manager.py:30] - Module 'home' is being re-registered.
[2026-08-12 10:17:24] [INFO] [ARGUS_AI:plugin_manager.py:34] - Registered Pluggable Module: [home] 'Home Dashboard' (Order: 1)
[2026-08-12 10:17:24] [WARNING] [ARGUS_AI:plugin_manager.py:30] - Module 'file_loader' is being re-registered.
[2026-08-12 10:17:24] [INFO] [ARGUS_AI:plugin_manager.py:34] - Registered Pluggable Module: [file_loader] 'Universal File Loader' (Order: 10)
[2026-08-12 10:17:24] [WARNING] [ARGUS_AI:plugin_manager.py:30] - Module 'db_connectors' is being re-registered.
[2026-08-12 10:17:24] [INFO] [ARGUS_AI:plugin_manager.py:34] - Registered Pluggable Module: [db_connectors] 'Database Connectors' (Order: 20)
[2026-08-12 10:17:24] [WARNING] [ARGUS_AI:plugin_manager.py:30] - Module 'ocr_engine' is being re-registered.
[2026-08-12 10:17:24] [INFO] [ARGUS_AI:plugin_manager.py:34] - Registered Pluggable Module: [ocr_engine] 'OCR & Document Extractor' (Order: 30)
[2026-08-12 10:17:24] [WARNING] [ARGUS_AI:plugin_manager.py:30] - Module 'data_cleaning' is being re-registered.
[2026-08-12 10:17:24] [INFO] [ARGUS_AI:plugin_manager.py:34] - Registered Pluggable Module: [data_cleaning] 'Data Cleaning Engine' (Order: 40)
[2026-08-12 10:17:24] [WARNING] [ARGUS_AI:plugin_manager.py:30] - Module 'data_profiling' is being re-registered.
[2026-08-12 10:17:24] [INFO] [ARGUS_AI:plugin_manager.py:34] - Registered Pluggable Module: [data_profiling] 'Data Profiling Engine' (Order: 50)
[2026-08-12 10:17:24] [WARNING] [ARGUS_AI:plugin_manager.py:30] - Module 'analytics_engine' is being re-registered.
[2026-08-12 10:17:24] [INFO] [ARGUS_AI:plugin_manager.py:34] - Registered Pluggable Module: [analytics_engine] 'Analytics & Forecasting' (Order: 60)
[2026-08-12 10:17:24] [WARNING] [ARGUS_AI:plugin_manager.py:30] - Module 'visualization_engine' is being re-registered.
[2026-08-12 10:17:24] [INFO] [ARGUS_AI:plugin_manager.py:34] - Registered Pluggable Module: [visualization_engine] 'Visualization Engine' (Order: 70)
[2026-08-12 10:17:24] [WARNING] [ARGUS_AI:plugin_manager.py:30] - Module 'settings' is being re-registered.
[2026-08-12 10:17:24] [INFO] [ARGUS_AI:plugin_manager.py:34] - Registered Pluggable Module: [settings] 'Platform Settings' (Order: 999)
[2026-08-12 10:23:16] [WARNING] [ARGUS_AI:plugin_manager.py:30] - Module 'home' is being re-registered.
[2026-08-12 10:23:16] [INFO] [ARGUS_AI:plugin_manager.py:34] - Registered Pluggable Module: [home] 'Home Dashboard' (Order: 1)
[2026-08-12 10:23:16] [WARNING] [ARGUS_AI:plugin_manager.py:30] - Module 'file_loader' is being re-registered.
[2026-08-12 10:23:16] [INFO] [ARGUS_AI:plugin_manager.py:34] - Registered Pluggable Module: [file_loader] 'Universal File Loader' (Order: 10)
[2026-08-12 10:23:16] [WARNING] [ARGUS_AI:plugin_manager.py:30] - Module 'db_connectors' is being re-registered.
[2026-08-12 10:23:16] [INFO] [ARGUS_AI:plugin_manager.py:34] - Registered Pluggable Module: [db_connectors] 'Database Connectors' (Order: 20)
[2026-08-12 10:23:16] [WARNING] [ARGUS_AI:plugin_manager.py:30] - Module 'ocr_engine' is being re-registered.
[2026-08-12 10:23:16] [INFO] [ARGUS_AI:plugin_manager.py:34] - Registered Pluggable Module: [ocr_engine] 'OCR & Document Extractor' (Order: 30)
[2026-08-12 10:23:16] [WARNING] [ARGUS_AI:plugin_manager.py:30] - Module 'data_cleaning' is being re-registered.
[2026-08-12 10:23:16] [INFO] [ARGUS_AI:plugin_manager.py:34] - Registered Pluggable Module: [data_cleaning] 'Data Cleaning Engine' (Order: 40)
[2026-08-12 10:23:16] [WARNING] [ARGUS_AI:plugin_manager.py:30] - Module 'data_profiling' is being re-registered.
[2026-08-12 10:23:16] [INFO] [ARGUS_AI:plugin_manager.py:34] - Registered Pluggable Module: [data_profiling] 'Data Profiling Engine' (Order: 50)
[2026-08-12 10:23:16] [WARNING] [ARGUS_AI:plugin_manager.py:30] - Module 'analytics_engine' is being re-registered.
[2026-08-12 10:23:16] [INFO] [ARGUS_AI:plugin_manager.py:34] - Registered Pluggable Module: [analytics_engine] 'Analytics & Forecasting' (Order: 60)
[2026-08-12 10:23:16] [WARNING] [ARGUS_AI:plugin_manager.py:30] - Module 'visualization_engine' is being re-registered.
[2026-08-12 10:23:16] [INFO] [ARGUS_AI:plugin_manager.py:34] - Registered Pluggable Module: [visualization_engine] 'Visualization Engine' (Order: 70)
[2026-08-12 10:23:16] [WARNING] [ARGUS_AI:plugin_manager.py:30] - Module 'settings' is being re-registered.
[2026-08-12 10:23:16] [INFO] [ARGUS_AI:plugin_manager.py:34] - Registered Pluggable Module: [settings] 'Platform Settings' (Order: 999)
[2026-08-12 10:23:22] [WARNING] [ARGUS_AI:plugin_manager.py:30] - Module 'home' is being re-registered.
[2026-08-12 10:23:22] [INFO] [ARGUS_AI:plugin_manager.py:34] - Registered Pluggable Module: [home] 'Home Dashboard' (Order: 1)
[2026-08-12 10:23:22] [WARNING] [ARGUS_AI:plugin_manager.py:30] - Module 'file_loader' is being re-registered.
[2026-08-12 10:23:22] [INFO] [ARGUS_AI:plugin_manager.py:34] - Registered Pluggable Module: [file_loader] 'Universal File Loader' (Order: 10)
[2026-08-12 10:23:22] [WARNING] [ARGUS_AI:plugin_manager.py:30] - Module 'db_connectors' is being re-registered.
[2026-08-12 10:23:22] [INFO] [ARGUS_AI:plugin_manager.py:34] - Registered Pluggable Module: [db_connectors] 'Database Connectors' (Order: 20)
[2026-08-12 10:23:22] [WARNING] [ARGUS_AI:plugin_manager.py:30] - Module 'ocr_engine' is being re-registered.
[2026-08-12 10:23:22] [INFO] [ARGUS_AI:plugin_manager.py:34] - Registered Pluggable Module: [ocr_engine] 'OCR & Document Extractor' (Order: 30)
[2026-08-12 10:23:22] [WARNING] [ARGUS_AI:plugin_manager.py:30] - Module 'data_cleaning' is being re-registered.
[2026-08-12 10:23:22] [INFO] [ARGUS_AI:plugin_manager.py:34] - Registered Pluggable Module: [data_cleaning] 'Data Cleaning Engine' (Order: 40)
[2026-08-12 10:23:22] [WARNING] [ARGUS_AI:plugin_manager.py:30] - Module 'data_profiling' is being re-registered.
[2026-08-12 10:23:22] [INFO] [ARGUS_AI:plugin_manager.py:34] - Registered Pluggable Module: [data_profiling] 'Data Profiling Engine' (Order: 50)
[2026-08-12 10:23:22] [WARNING] [ARGUS_AI:plugin_manager.py:30] - Module 'analytics_engine' is being re-registered.
[2026-08-12 10:23:22] [INFO] [ARGUS_AI:plugin_manager.py:34] - Registered Pluggable Module: [analytics_engine] 'Analytics & Forecasting' (Order: 60)
[2026-08-12 10:23:22] [WARNING] [ARGUS_AI:plugin_manager.py:30] - Module 'visualization_engine' is being re-registered.
[2026-08-12 10:23:22] [INFO] [ARGUS_AI:plugin_manager.py:34] - Registered Pluggable Module: [visualization_engine] 'Visualization Engine' (Order: 70)
[2026-08-12 10:23:22] [WARNING] [ARGUS_AI:plugin_manager.py:30] - Module 'settings' is being re-registered.
[2026-08-12 10:23:22] [INFO] [ARGUS_AI:plugin_manager.py:34] - Registered Pluggable Module: [settings] 'Platform Settings' (Order: 999)
[2026-08-12 10:23:23] [WARNING] [ARGUS_AI:plugin_manager.py:30] - Module 'home' is being re-registered.
[2026-08-12 10:23:23] [INFO] [ARGUS_AI:plugin_manager.py:34] - Registered Pluggable Module: [home] 'Home Dashboard' (Order: 1)
[2026-08-12 10:23:23] [WARNING] [ARGUS_AI:plugin_manager.py:30] - Module 'file_loader' is being re-registered.
[2026-08-12 10:23:23] [INFO] [ARGUS_AI:plugin_manager.py:34] - Registered Pluggable Module: [file_loader] 'Universal File Loader' (Order: 10)
[2026-08-12 10:23:23] [WARNING] [ARGUS_AI:plugin_manager.py:30] - Module 'db_connectors' is being re-registered.
[2026-08-12 10:23:23] [INFO] [ARGUS_AI:plugin_manager.py:34] - Registered Pluggable Module: [db_connectors] 'Database Connectors' (Order: 20)
[2026-08-12 10:23:23] [WARNING] [ARGUS_AI:plugin_manager.py:30] - Module 'ocr_engine' is being re-registered.
[2026-08-12 10:23:23] [INFO] [ARGUS_AI:plugin_manager.py:34] - Registered Pluggable Module: [ocr_engine] 'OCR & Document Extractor' (Order: 30)
[2026-08-12 10:23:23] [WARNING] [ARGUS_AI:plugin_manager.py:30] - Module 'data_cleaning' is being re-registered.
[2026-08-12 10:23:23] [INFO] [ARGUS_AI:plugin_manager.py:34] - Registered Pluggable Module: [data_cleaning] 'Data Cleaning Engine' (Order: 40)
[2026-08-12 10:23:23] [WARNING] [ARGUS_AI:plugin_manager.py:30] - Module 'data_profiling' is being re-registered.
[2026-08-12 10:23:23] [INFO] [ARGUS_AI:plugin_manager.py:34] - Registered Pluggable Module: [data_profiling] 'Data Profiling Engine' (Order: 50)
[2026-08-12 10:23:23] [WARNING] [ARGUS_AI:plugin_manager.py:30] - Module 'analytics_engine' is being re-registered.
[2026-08-12 10:23:23] [INFO] [ARGUS_AI:plugin_manager.py:34] - Registered Pluggable Module: [analytics_engine] 'Analytics & Forecasting' (Order: 60)
[2026-08-12 10:23:23] [WARNING] [ARGUS_AI:plugin_manager.py:30] - Module 'visualization_engine' is being re-registered.
[2026-08-12 10:23:23] [INFO] [ARGUS_AI:plugin_manager.py:34] - Registered Pluggable Module: [visualization_engine] 'Visualization Engine' (Order: 70)
[2026-08-12 10:23:23] [WARNING] [ARGUS_AI:plugin_manager.py:30] - Module 'settings' is being re-registered.
[2026-08-12 10:23:23] [INFO] [ARGUS_AI:plugin_manager.py:34] - Registered Pluggable Module: [settings] 'Platform Settings' (Order: 999)
[2026-08-12 10:23:26] [WARNING] [ARGUS_AI:plugin_manager.py:30] - Module 'home' is being re-registered.
[2026-08-12 10:23:26] [INFO] [ARGUS_AI:plugin_manager.py:34] - Registered Pluggable Module: [home] 'Home Dashboard' (Order: 1)
[2026-08-12 10:23:26] [WARNING] [ARGUS_AI:plugin_manager.py:30] - Module 'file_loader' is being re-registered.
[2026-08-12 10:23:26] [INFO] [ARGUS_AI:plugin_manager.py:34] - Registered Pluggable Module: [file_loader] 'Universal File Loader' (Order: 10)
[2026-08-12 10:23:26] [WARNING] [ARGUS_AI:plugin_manager.py:30] - Module 'db_connectors' is being re-registered.
[2026-08-12 10:23:26] [INFO] [ARGUS_AI:plugin_manager.py:34] - Registered Pluggable Module: [db_connectors] 'Database Connectors' (Order: 20)
[2026-08-12 10:23:26] [WARNING] [ARGUS_AI:plugin_manager.py:30] - Module 'ocr_engine' is being re-registered.
[2026-08-12 10:23:26] [INFO] [ARGUS_AI:plugin_manager.py:34] - Registered Pluggable Module: [ocr_engine] 'OCR & Document Extractor' (Order: 30)
[2026-08-12 10:23:26] [WARNING] [ARGUS_AI:plugin_manager.py:30] - Module 'data_cleaning' is being re-registered.
[2026-08-12 10:23:26] [INFO] [ARGUS_AI:plugin_manager.py:34] - Registered Pluggable Module: [data_cleaning] 'Data Cleaning Engine' (Order: 40)
[2026-08-12 10:23:26] [WARNING] [ARGUS_AI:plugin_manager.py:30] - Module 'data_profiling' is being re-registered.
[2026-08-12 10:23:26] [INFO] [ARGUS_AI:plugin_manager.py:34] - Registered Pluggable Module: [data_profiling] 'Data Profiling Engine' (Order: 50)
[2026-08-12 10:23:26] [WARNING] [ARGUS_AI:plugin_manager.py:30] - Module 'analytics_engine' is being re-registered.
[2026-08-12 10:23:26] [INFO] [ARGUS_AI:plugin_manager.py:34] - Registered Pluggable Module: [analytics_engine] 'Analytics & Forecasting' (Order: 60)
[2026-08-12 10:23:26] [WARNING] [ARGUS_AI:plugin_manager.py:30] - Module 'visualization_engine' is being re-registered.
[2026-08-12 10:23:26] [INFO] [ARGUS_AI:plugin_manager.py:34] - Registered Pluggable Module: [visualization_engine] 'Visualization Engine' (Order: 70)
[2026-08-12 10:23:26] [WARNING] [ARGUS_AI:plugin_manager.py:30] - Module 'settings' is being re-registered.
[2026-08-12 10:23:26] [INFO] [ARGUS_AI:plugin_manager.py:34] - Registered Pluggable Module: [settings] 'Platform Settings' (Order: 999)
[2026-08-12 10:23:29] [WARNING] [ARGUS_AI:plugin_manager.py:30] - Module 'home' is being re-registered.
[2026-08-12 10:23:29] [INFO] [ARGUS_AI:plugin_manager.py:34] - Registered Pluggable Module: [home] 'Home Dashboard' (Order: 1)
[2026-08-12 10:23:29] [WARNING] [ARGUS_AI:plugin_manager.py:30] - Module 'file_loader' is being re-registered.
[2026-08-12 10:23:29] [INFO] [ARGUS_AI:plugin_manager.py:34] - Registered Pluggable Module: [file_loader] 'Universal File Loader' (Order: 10)
[2026-08-12 10:23:29] [WARNING] [ARGUS_AI:plugin_manager.py:30] - Module 'db_connectors' is being re-registered.
[2026-08-12 10:23:29] [INFO] [ARGUS_AI:plugin_manager.py:34] - Registered Pluggable Module: [db_connectors] 'Database Connectors' (Order: 20)
[2026-08-12 10:23:29] [WARNING] [ARGUS_AI:plugin_manager.py:30] - Module 'ocr_engine' is being re-registered.
[2026-08-12 10:23:29] [INFO] [ARGUS_AI:plugin_manager.py:34] - Registered Pluggable Module: [ocr_engine] 'OCR & Document Extractor' (Order: 30)
[2026-08-12 10:23:29] [WARNING] [ARGUS_AI:plugin_manager.py:30] - Module 'data_cleaning' is being re-registered.
[2026-08-12 10:23:29] [INFO] [ARGUS_AI:plugin_manager.py:34] - Registered Pluggable Module: [data_cleaning] 'Data Cleaning Engine' (Order: 40)
[2026-08-12 10:23:29] [WARNING] [ARGUS_AI:plugin_manager.py:30] - Module 'data_profiling' is being re-registered.
[2026-08-12 10:23:29] [INFO] [ARGUS_AI:plugin_manager.py:34] - Registered Pluggable Module: [data_profiling] 'Data Profiling Engine' (Order: 50)
[2026-08-12 10:23:29] [WARNING] [ARGUS_AI:plugin_manager.py:30] - Module 'analytics_engine' is being re-registered.
[2026-08-12 10:23:29] [INFO] [ARGUS_AI:plugin_manager.py:34] - Registered Pluggable Module: [analytics_engine] 'Analytics & Forecasting' (Order: 60)
[2026-08-12 10:23:29] [WARNING] [ARGUS_AI:plugin_manager.py:30] - Module 'visualization_engine' is being re-registered.
[2026-08-12 10:23:29] [INFO] [ARGUS_AI:plugin_manager.py:34] - Registered Pluggable Module: [visualization_engine] 'Visualization Engine' (Order: 70)
[2026-08-12 10:23:29] [WARNING] [ARGUS_AI:plugin_manager.py:30] - Module 'settings' is being re-registered.
[2026-08-12 10:23:29] [INFO] [ARGUS_AI:plugin_manager.py:34] - Registered Pluggable Module: [settings] 'Platform Settings' (Order: 999)
[2026-08-12 10:23:37] [WARNING] [ARGUS_AI:plugin_manager.py:30] - Module 'home' is being re-registered.
[2026-08-12 10:23:37] [INFO] [ARGUS_AI:plugin_manager.py:34] - Registered Pluggable Module: [home] 'Home Dashboard' (Order: 1)
[2026-08-12 10:23:37] [WARNING] [ARGUS_AI:plugin_manager.py:30] - Module 'file_loader' is being re-registered.
[2026-08-12 10:23:37] [INFO] [ARGUS_AI:plugin_manager.py:34] - Registered Pluggable Module: [file_loader] 'Universal File Loader' (Order: 10)
[2026-08-12 10:23:37] [WARNING] [ARGUS_AI:plugin_manager.py:30] - Module 'db_connectors' is being re-registered.
[2026-08-12 10:23:37] [INFO] [ARGUS_AI:plugin_manager.py:34] - Registered Pluggable Module: [db_connectors] 'Database Connectors' (Order: 20)
[2026-08-12 10:23:37] [WARNING] [ARGUS_AI:plugin_manager.py:30] - Module 'ocr_engine' is being re-registered.
[2026-08-12 10:23:37] [INFO] [ARGUS_AI:plugin_manager.py:34] - Registered Pluggable Module: [ocr_engine] 'OCR & Document Extractor' (Order: 30)
[2026-08-12 10:23:37] [WARNING] [ARGUS_AI:plugin_manager.py:30] - Module 'data_cleaning' is being re-registered.
[2026-08-12 10:23:37] [INFO] [ARGUS_AI:plugin_manager.py:34] - Registered Pluggable Module: [data_cleaning] 'Data Cleaning Engine' (Order: 40)
[2026-08-12 10:23:37] [WARNING] [ARGUS_AI:plugin_manager.py:30] - Module 'data_profiling' is being re-registered.
[2026-08-12 10:23:37] [INFO] [ARGUS_AI:plugin_manager.py:34] - Registered Pluggable Module: [data_profiling] 'Data Profiling Engine' (Order: 50)
[2026-08-12 10:23:37] [WARNING] [ARGUS_AI:plugin_manager.py:30] - Module 'analytics_engine' is being re-registered.
[2026-08-12 10:23:37] [INFO] [ARGUS_AI:plugin_manager.py:34] - Registered Pluggable Module: [analytics_engine] 'Analytics & Forecasting' (Order: 60)
[2026-08-12 10:23:37] [WARNING] [ARGUS_AI:plugin_manager.py:30] - Module 'visualization_engine' is being re-registered.
[2026-08-12 10:23:37] [INFO] [ARGUS_AI:plugin_manager.py:34] - Registered Pluggable Module: [visualization_engine] 'Visualization Engine' (Order: 70)
[2026-08-12 10:23:37] [WARNING] [ARGUS_AI:plugin_manager.py:30] - Module 'settings' is being re-registered.
[2026-08-12 10:23:37] [INFO] [ARGUS_AI:plugin_manager.py:34] - Registered Pluggable Module: [settings] 'Platform Settings' (Order: 999)
[2026-08-12 10:23:54] [WARNING] [ARGUS_AI:plugin_manager.py:30] - Module 'home' is being re-registered.
[2026-08-12 10:23:54] [INFO] [ARGUS_AI:plugin_manager.py:34] - Registered Pluggable Module: [home] 'Home Dashboard' (Order: 1)
[2026-08-12 10:23:54] [WARNING] [ARGUS_AI:plugin_manager.py:30] - Module 'file_loader' is being re-registered.
[2026-08-12 10:23:54] [INFO] [ARGUS_AI:plugin_manager.py:34] - Registered Pluggable Module: [file_loader] 'Universal File Loader' (Order: 10)
[2026-08-12 10:23:54] [WARNING] [ARGUS_AI:plugin_manager.py:30] - Module 'db_connectors' is being re-registered.
[2026-08-12 10:23:54] [INFO] [ARGUS_AI:plugin_manager.py:34] - Registered Pluggable Module: [db_connectors] 'Database Connectors' (Order: 20)
[2026-08-12 10:23:54] [WARNING] [ARGUS_AI:plugin_manager.py:30] - Module 'ocr_engine' is being re-registered.
[2026-08-12 10:23:54] [INFO] [ARGUS_AI:plugin_manager.py:34] - Registered Pluggable Module: [ocr_engine] 'OCR & Document Extractor' (Order: 30)
[2026-08-12 10:23:54] [WARNING] [ARGUS_AI:plugin_manager.py:30] - Module 'data_cleaning' is being re-registered.
[2026-08-12 10:23:54] [INFO] [ARGUS_AI:plugin_manager.py:34] - Registered Pluggable Module: [data_cleaning] 'Data Cleaning Engine' (Order: 40)
[2026-08-12 10:23:54] [WARNING] [ARGUS_AI:plugin_manager.py:30] - Module 'data_profiling' is being re-registered.
[2026-08-12 10:23:54] [INFO] [ARGUS_AI:plugin_manager.py:34] - Registered Pluggable Module: [data_profiling] 'Data Profiling Engine' (Order: 50)
[2026-08-12 10:23:54] [WARNING] [ARGUS_AI:plugin_manager.py:30] - Module 'analytics_engine' is being re-registered.
[2026-08-12 10:23:54] [INFO] [ARGUS_AI:plugin_manager.py:34] - Registered Pluggable Module: [analytics_engine] 'Analytics & Forecasting' (Order: 60)
[2026-08-12 10:23:54] [WARNING] [ARGUS_AI:plugin_manager.py:30] - Module 'visualization_engine' is being re-registered.
[2026-08-12 10:23:54] [INFO] [ARGUS_AI:plugin_manager.py:34] - Registered Pluggable Module: [visualization_engine] 'Visualization Engine' (Order: 70)
[2026-08-12 10:23:54] [WARNING] [ARGUS_AI:plugin_manager.py:30] - Module 'settings' is being re-registered.
[2026-08-12 10:23:54] [INFO] [ARGUS_AI:plugin_manager.py:34] - Registered Pluggable Module: [settings] 'Platform Settings' (Order: 999)
[2026-08-12 10:25:37] [WARNING] [ARGUS_AI:plugin_manager.py:30] - Module 'home' is being re-registered.
[2026-08-12 10:25:37] [INFO] [ARGUS_AI:plugin_manager.py:34] - Registered Pluggable Module: [home] 'Home Dashboard' (Order: 1)
[2026-08-12 10:25:37] [WARNING] [ARGUS_AI:plugin_manager.py:30] - Module 'file_loader' is being re-registered.
[2026-08-12 10:25:37] [INFO] [ARGUS_AI:plugin_manager.py:34] - Registered Pluggable Module: [file_loader] 'Universal File Loader' (Order: 10)
[2026-08-12 10:25:37] [WARNING] [ARGUS_AI:plugin_manager.py:30] - Module 'db_connectors' is being re-registered.
[2026-08-12 10:25:37] [INFO] [ARGUS_AI:plugin_manager.py:34] - Registered Pluggable Module: [db_connectors] 'Database Connectors' (Order: 20)
[2026-08-12 10:25:37] [WARNING] [ARGUS_AI:plugin_manager.py:30] - Module 'ocr_engine' is being re-registered.
[2026-08-12 10:25:37] [INFO] [ARGUS_AI:plugin_manager.py:34] - Registered Pluggable Module: [ocr_engine] 'OCR & Document Extractor' (Order: 30)
[2026-08-12 10:25:37] [WARNING] [ARGUS_AI:plugin_manager.py:30] - Module 'data_cleaning' is being re-registered.
[2026-08-12 10:25:37] [INFO] [ARGUS_AI:plugin_manager.py:34] - Registered Pluggable Module: [data_cleaning] 'Data Cleaning Engine' (Order: 40)
[2026-08-12 10:25:37] [WARNING] [ARGUS_AI:plugin_manager.py:30] - Module 'data_profiling' is being re-registered.
[2026-08-12 10:25:37] [INFO] [ARGUS_AI:plugin_manager.py:34] - Registered Pluggable Module: [data_profiling] 'Data Profiling Engine' (Order: 50)
[2026-08-12 10:25:37] [WARNING] [ARGUS_AI:plugin_manager.py:30] - Module 'analytics_engine' is being re-registered.
[2026-08-12 10:25:37] [INFO] [ARGUS_AI:plugin_manager.py:34] - Registered Pluggable Module: [analytics_engine] 'Analytics & Forecasting' (Order: 60)
[2026-08-12 10:25:37] [WARNING] [ARGUS_AI:plugin_manager.py:30] - Module 'visualization_engine' is being re-registered.
[2026-08-12 10:25:37] [INFO] [ARGUS_AI:plugin_manager.py:34] - Registered Pluggable Module: [visualization_engine] 'Visualization Engine' (Order: 70)
[2026-08-12 10:25:37] [WARNING] [ARGUS_AI:plugin_manager.py:30] - Module 'settings' is being re-registered.
[2026-08-12 10:25:37] [INFO] [ARGUS_AI:plugin_manager.py:34] - Registered Pluggable Module: [settings] 'Platform Settings' (Order: 999)
[2026-08-12 10:25:41] [WARNING] [ARGUS_AI:plugin_manager.py:30] - Module 'home' is being re-registered.
[2026-08-12 10:25:41] [INFO] [ARGUS_AI:plugin_manager.py:34] - Registered Pluggable Module: [home] 'Home Dashboard' (Order: 1)
[2026-08-12 10:25:41] [WARNING] [ARGUS_AI:plugin_manager.py:30] - Module 'file_loader' is being re-registered.
[2026-08-12 10:25:41] [INFO] [ARGUS_AI:plugin_manager.py:34] - Registered Pluggable Module: [file_loader] 'Universal File Loader' (Order: 10)
[2026-08-12 10:25:41] [WARNING] [ARGUS_AI:plugin_manager.py:30] - Module 'db_connectors' is being re-registered.
[2026-08-12 10:25:41] [INFO] [ARGUS_AI:plugin_manager.py:34] - Registered Pluggable Module: [db_connectors] 'Database Connectors' (Order: 20)
[2026-08-12 10:25:41] [WARNING] [ARGUS_AI:plugin_manager.py:30] - Module 'ocr_engine' is being re-registered.
[2026-08-12 10:25:41] [INFO] [ARGUS_AI:plugin_manager.py:34] - Registered Pluggable Module: [ocr_engine] 'OCR & Document Extractor' (Order: 30)
[2026-08-12 10:25:41] [WARNING] [ARGUS_AI:plugin_manager.py:30] - Module 'data_cleaning' is being re-registered.
[2026-08-12 10:25:41] [INFO] [ARGUS_AI:plugin_manager.py:34] - Registered Pluggable Module: [data_cleaning] 'Data Cleaning Engine' (Order: 40)
[2026-08-12 10:25:41] [WARNING] [ARGUS_AI:plugin_manager.py:30] - Module 'data_profiling' is being re-registered.
[2026-08-12 10:25:41] [INFO] [ARGUS_AI:plugin_manager.py:34] - Registered Pluggable Module: [data_profiling] 'Data Profiling Engine' (Order: 50)
[2026-08-12 10:25:41] [WARNING] [ARGUS_AI:plugin_manager.py:30] - Module 'analytics_engine' is being re-registered.
[2026-08-12 10:25:41] [INFO] [ARGUS_AI:plugin_manager.py:34] - Registered Pluggable Module: [analytics_engine] 'Analytics & Forecasting' (Order: 60)
[2026-08-12 10:25:41] [WARNING] [ARGUS_AI:plugin_manager.py:30] - Module 'visualization_engine' is being re-registered.
[2026-08-12 10:25:41] [INFO] [ARGUS_AI:plugin_manager.py:34] - Registered Pluggable Module: [visualization_engine] 'Visualization Engine' (Order: 70)
[2026-08-12 10:25:41] [WARNING] [ARGUS_AI:plugin_manager.py:30] - Module 'settings' is being re-registered.
[2026-08-12 10:25:41] [INFO] [ARGUS_AI:plugin_manager.py:34] - Registered Pluggable Module: [settings] 'Platform Settings' (Order: 999)
[2026-08-12 10:27:22] [WARNING] [ARGUS_AI:plugin_manager.py:30] - Module 'home' is being re-registered.
[2026-08-12 10:27:22] [INFO] [ARGUS_AI:plugin_manager.py:34] - Registered Pluggable Module: [home] 'Home Dashboard' (Order: 1)
[2026-08-12 10:27:22] [WARNING] [ARGUS_AI:plugin_manager.py:30] - Module 'file_loader' is being re-registered.
[2026-08-12 10:27:22] [INFO] [ARGUS_AI:plugin_manager.py:34] - Registered Pluggable Module: [file_loader] 'Universal File Loader' (Order: 10)
[2026-08-12 10:27:22] [WARNING] [ARGUS_AI:plugin_manager.py:30] - Module 'db_connectors' is being re-registered.
[2026-08-12 10:27:22] [INFO] [ARGUS_AI:plugin_manager.py:34] - Registered Pluggable Module: [db_connectors] 'Database Connectors' (Order: 20)
[2026-08-12 10:27:22] [WARNING] [ARGUS_AI:plugin_manager.py:30] - Module 'ocr_engine' is being re-registered.
[2026-08-12 10:27:22] [INFO] [ARGUS_AI:plugin_manager.py:34] - Registered Pluggable Module: [ocr_engine] 'OCR & Document Extractor' (Order: 30)
[2026-08-12 10:27:22] [WARNING] [ARGUS_AI:plugin_manager.py:30] - Module 'data_cleaning' is being re-registered.
[2026-08-12 10:27:22] [INFO] [ARGUS_AI:plugin_manager.py:34] - Registered Pluggable Module: [data_cleaning] 'Data Cleaning Engine' (Order: 40)
[2026-08-12 10:27:22] [WARNING] [ARGUS_AI:plugin_manager.py:30] - Module 'data_profiling' is being re-registered.
[2026-08-12 10:27:22] [INFO] [ARGUS_AI:plugin_manager.py:34] - Registered Pluggable Module: [data_profiling] 'Data Profiling Engine' (Order: 50)
[2026-08-12 10:27:22] [WARNING] [ARGUS_AI:plugin_manager.py:30] - Module 'analytics_engine' is being re-registered.
[2026-08-12 10:27:22] [INFO] [ARGUS_AI:plugin_manager.py:34] - Registered Pluggable Module: [analytics_engine] 'Analytics & Forecasting' (Order: 60)
[2026-08-12 10:27:22] [WARNING] [ARGUS_AI:plugin_manager.py:30] - Module 'visualization_engine' is being re-registered.
[2026-08-12 10:27:22] [INFO] [ARGUS_AI:plugin_manager.py:34] - Registered Pluggable Module: [visualization_engine] 'Visualization Engine' (Order: 70)
[2026-08-12 10:27:22] [WARNING] [ARGUS_AI:plugin_manager.py:30] - Module 'settings' is being re-registered.
[2026-08-12 10:27:22] [INFO] [ARGUS_AI:plugin_manager.py:34] - Registered Pluggable Module: [settings] 'Platform Settings' (Order: 999)
[2026-08-12 10:27:25] [WARNING] [ARGUS_AI:plugin_manager.py:30] - Module 'home' is being re-registered.
[2026-08-12 10:27:25] [INFO] [ARGUS_AI:plugin_manager.py:34] - Registered Pluggable Module: [home] 'Home Dashboard' (Order: 1)
[2026-08-12 10:27:25] [WARNING] [ARGUS_AI:plugin_manager.py:30] - Module 'file_loader' is being re-registered.
[2026-08-12 10:27:25] [INFO] [ARGUS_AI:plugin_manager.py:34] - Registered Pluggable Module: [file_loader] 'Universal File Loader' (Order: 10)
[2026-08-12 10:27:25] [WARNING] [ARGUS_AI:plugin_manager.py:30] - Module 'db_connectors' is being re-registered.
[2026-08-12 10:27:25] [INFO] [ARGUS_AI:plugin_manager.py:34] - Registered Pluggable Module: [db_connectors] 'Database Connectors' (Order: 20)
[2026-08-12 10:27:25] [WARNING] [ARGUS_AI:plugin_manager.py:30] - Module 'ocr_engine' is being re-registered.
[2026-08-12 10:27:25] [INFO] [ARGUS_AI:plugin_manager.py:34] - Registered Pluggable Module: [ocr_engine] 'OCR & Document Extractor' (Order: 30)
[2026-08-12 10:27:25] [WARNING] [ARGUS_AI:plugin_manager.py:30] - Module 'data_cleaning' is being re-registered.
[2026-08-12 10:27:25] [INFO] [ARGUS_AI:plugin_manager.py:34] - Registered Pluggable Module: [data_cleaning] 'Data Cleaning Engine' (Order: 40)
[2026-08-12 10:27:25] [WARNING] [ARGUS_AI:plugin_manager.py:30] - Module 'data_profiling' is being re-registered.
[2026-08-12 10:27:25] [INFO] [ARGUS_AI:plugin_manager.py:34] - Registered Pluggable Module: [data_profiling] 'Data Profiling Engine' (Order: 50)
[2026-08-12 10:27:25] [WARNING] [ARGUS_AI:plugin_manager.py:30] - Module 'analytics_engine' is being re-registered.
[2026-08-12 10:27:25] [INFO] [ARGUS_AI:plugin_manager.py:34] - Registered Pluggable Module: [analytics_engine] 'Analytics & Forecasting' (Order: 60)
[2026-08-12 10:27:25] [WARNING] [ARGUS_AI:plugin_manager.py:30] - Module 'visualization_engine' is being re-registered.
[2026-08-12 10:27:25] [INFO] [ARGUS_AI:plugin_manager.py:34] - Registered Pluggable Module: [visualization_engine] 'Visualization Engine' (Order: 70)
[2026-08-12 10:27:25] [WARNING] [ARGUS_AI:plugin_manager.py:30] - Module 'settings' is being re-registered.
[2026-08-12 10:27:25] [INFO] [ARGUS_AI:plugin_manager.py:34] - Registered Pluggable Module: [settings] 'Platform Settings' (Order: 999)
[2026-08-12 10:27:26] [WARNING] [ARGUS_AI:plugin_manager.py:30] - Module 'home' is being re-registered.
[2026-08-12 10:27:26] [INFO] [ARGUS_AI:plugin_manager.py:34] - Registered Pluggable Module: [home] 'Home Dashboard' (Order: 1)
[2026-08-12 10:27:26] [WARNING] [ARGUS_AI:plugin_manager.py:30] - Module 'file_loader' is being re-registered.
[2026-08-12 10:27:26] [INFO] [ARGUS_AI:plugin_manager.py:34] - Registered Pluggable Module: [file_loader] 'Universal File Loader' (Order: 10)
[2026-08-12 10:27:26] [WARNING] [ARGUS_AI:plugin_manager.py:30] - Module 'db_connectors' is being re-registered.
[2026-08-12 10:27:26] [INFO] [ARGUS_AI:plugin_manager.py:34] - Registered Pluggable Module: [db_connectors] 'Database Connectors' (Order: 20)
[2026-08-12 10:27:26] [WARNING] [ARGUS_AI:plugin_manager.py:30] - Module 'ocr_engine' is being re-registered.
[2026-08-12 10:27:26] [INFO] [ARGUS_AI:plugin_manager.py:34] - Registered Pluggable Module: [ocr_engine] 'OCR & Document Extractor' (Order: 30)
[2026-08-12 10:27:26] [WARNING] [ARGUS_AI:plugin_manager.py:30] - Module 'data_cleaning' is being re-registered.
[2026-08-12 10:27:26] [INFO] [ARGUS_AI:plugin_manager.py:34] - Registered Pluggable Module: [data_cleaning] 'Data Cleaning Engine' (Order: 40)
[2026-08-12 10:27:26] [WARNING] [ARGUS_AI:plugin_manager.py:30] - Module 'data_profiling' is being re-registered.
[2026-08-12 10:27:26] [INFO] [ARGUS_AI:plugin_manager.py:34] - Registered Pluggable Module: [data_profiling] 'Data Profiling Engine' (Order: 50)
[2026-08-12 10:27:26] [WARNING] [ARGUS_AI:plugin_manager.py:30] - Module 'analytics_engine' is being re-registered.
[2026-08-12 10:27:26] [INFO] [ARGUS_AI:plugin_manager.py:34] - Registered Pluggable Module: [analytics_engine] 'Analytics & Forecasting' (Order: 60)
[2026-08-12 10:27:26] [WARNING] [ARGUS_AI:plugin_manager.py:30] - Module 'visualization_engine' is being re-registered.
[2026-08-12 10:27:26] [INFO] [ARGUS_AI:plugin_manager.py:34] - Registered Pluggable Module: [visualization_engine] 'Visualization Engine' (Order: 70)
[2026-08-12 10:27:26] [WARNING] [ARGUS_AI:plugin_manager.py:30] - Module 'settings' is being re-registered.
[2026-08-12 10:27:26] [INFO] [ARGUS_AI:plugin_manager.py:34] - Registered Pluggable Module: [settings] 'Platform Settings' (Order: 999)
[2026-08-12 10:28:25] [WARNING] [ARGUS_AI:plugin_manager.py:30] - Module 'home' is being re-registered.
[2026-08-12 10:28:25] [INFO] [ARGUS_AI:plugin_manager.py:34] - Registered Pluggable Module: [home] 'Home Dashboard' (Order: 1)
[2026-08-12 10:28:25] [WARNING] [ARGUS_AI:plugin_manager.py:30] - Module 'file_loader' is being re-registered.
[2026-08-12 10:28:25] [INFO] [ARGUS_AI:plugin_manager.py:34] - Registered Pluggable Module: [file_loader] 'Universal File Loader' (Order: 10)
[2026-08-12 10:28:25] [WARNING] [ARGUS_AI:plugin_manager.py:30] - Module 'db_connectors' is being re-registered.
[2026-08-12 10:28:25] [INFO] [ARGUS_AI:plugin_manager.py:34] - Registered Pluggable Module: [db_connectors] 'Database Connectors' (Order: 20)
[2026-08-12 10:28:25] [WARNING] [ARGUS_AI:plugin_manager.py:30] - Module 'ocr_engine' is being re-registered.
[2026-08-12 10:28:25] [INFO] [ARGUS_AI:plugin_manager.py:34] - Registered Pluggable Module: [ocr_engine] 'OCR & Document Extractor' (Order: 30)
[2026-08-12 10:28:25] [WARNING] [ARGUS_AI:plugin_manager.py:30] - Module 'data_cleaning' is being re-registered.
[2026-08-12 10:28:25] [INFO] [ARGUS_AI:plugin_manager.py:34] - Registered Pluggable Module: [data_cleaning] 'Data Cleaning Engine' (Order: 40)
[2026-08-12 10:28:25] [WARNING] [ARGUS_AI:plugin_manager.py:30] - Module 'data_profiling' is being re-registered.
[2026-08-12 10:28:25] [INFO] [ARGUS_AI:plugin_manager.py:34] - Registered Pluggable Module: [data_profiling] 'Data Profiling Engine' (Order: 50)
[2026-08-12 10:28:25] [WARNING] [ARGUS_AI:plugin_manager.py:30] - Module 'analytics_engine' is being re-registered.
[2026-08-12 10:28:25] [INFO] [ARGUS_AI:plugin_manager.py:34] - Registered Pluggable Module: [analytics_engine] 'Analytics & Forecasting' (Order: 60)
[2026-08-12 10:28:25] [WARNING] [ARGUS_AI:plugin_manager.py:30] - Module 'visualization_engine' is being re-registered.
[2026-08-12 10:28:25] [INFO] [ARGUS_AI:plugin_manager.py:34] - Registered Pluggable Module: [visualization_engine] 'Visualization Engine' (Order: 70)
[2026-08-12 10:28:25] [WARNING] [ARGUS_AI:plugin_manager.py:30] - Module 'settings' is being re-registered.
[2026-08-12 10:28:25] [INFO] [ARGUS_AI:plugin_manager.py:34] - Registered Pluggable Module: [settings] 'Platform Settings' (Order: 999)
[2026-08-12 10:28:25] [WARNING] [ARGUS_AI:plugin_manager.py:30] - Module 'home' is being re-registered.
[2026-08-12 10:28:25] [INFO] [ARGUS_AI:plugin_manager.py:34] - Registered Pluggable Module: [home] 'Home Dashboard' (Order: 1)
[2026-08-12 10:28:25] [WARNING] [ARGUS_AI:plugin_manager.py:30] - Module 'file_loader' is being re-registered.
[2026-08-12 10:28:25] [INFO] [ARGUS_AI:plugin_manager.py:34] - Registered Pluggable Module: [file_loader] 'Universal File Loader' (Order: 10)
[2026-08-12 10:28:25] [WARNING] [ARGUS_AI:plugin_manager.py:30] - Module 'db_connectors' is being re-registered.
[2026-08-12 10:28:25] [INFO] [ARGUS_AI:plugin_manager.py:34] - Registered Pluggable Module: [db_connectors] 'Database Connectors' (Order: 20)
[2026-08-12 10:28:25] [WARNING] [ARGUS_AI:plugin_manager.py:30] - Module 'ocr_engine' is being re-registered.
[2026-08-12 10:28:25] [INFO] [ARGUS_AI:plugin_manager.py:34] - Registered Pluggable Module: [ocr_engine] 'OCR & Document Extractor' (Order: 30)
[2026-08-12 10:28:25] [WARNING] [ARGUS_AI:plugin_manager.py:30] - Module 'data_cleaning' is being re-registered.
[2026-08-12 10:28:25] [INFO] [ARGUS_AI:plugin_manager.py:34] - Registered Pluggable Module: [data_cleaning] 'Data Cleaning Engine' (Order: 40)
[2026-08-12 10:28:25] [WARNING] [ARGUS_AI:plugin_manager.py:30] - Module 'data_profiling' is being re-registered.
[2026-08-12 10:28:25] [INFO] [ARGUS_AI:plugin_manager.py:34] - Registered Pluggable Module: [data_profiling] 'Data Profiling Engine' (Order: 50)
[2026-08-12 10:28:25] [WARNING] [ARGUS_AI:plugin_manager.py:30] - Module 'analytics_engine' is being re-registered.
[2026-08-12 10:28:25] [INFO] [ARGUS_AI:plugin_manager.py:34] - Registered Pluggable Module: [analytics_engine] 'Analytics & Forecasting' (Order: 60)
[2026-08-12 10:28:25] [WARNING] [ARGUS_AI:plugin_manager.py:30] - Module 'visualization_engine' is being re-registered.
[2026-08-12 10:28:25] [INFO] [ARGUS_AI:plugin_manager.py:34] - Registered Pluggable Module: [visualization_engine] 'Visualization Engine' (Order: 70)
[2026-08-12 10:28:25] [WARNING] [ARGUS_AI:plugin_manager.py:30] - Module 'settings' is being re-registered.
[2026-08-12 10:28:25] [INFO] [ARGUS_AI:plugin_manager.py:34] - Registered Pluggable Module: [settings] 'Platform Settings' (Order: 999)
[2026-08-12 10:28:31] [WARNING] [ARGUS_AI:plugin_manager.py:30] - Module 'home' is being re-registered.
[2026-08-12 10:28:31] [INFO] [ARGUS_AI:plugin_manager.py:34] - Registered Pluggable Module: [home] 'Home Dashboard' (Order: 1)
[2026-08-12 10:28:31] [WARNING] [ARGUS_AI:plugin_manager.py:30] - Module 'file_loader' is being re-registered.
[2026-08-12 10:28:31] [INFO] [ARGUS_AI:plugin_manager.py:34] - Registered Pluggable Module: [file_loader] 'Universal File Loader' (Order: 10)
[2026-08-12 10:28:31] [WARNING] [ARGUS_AI:plugin_manager.py:30] - Module 'db_connectors' is being re-registered.
[2026-08-12 10:28:31] [INFO] [ARGUS_AI:plugin_manager.py:34] - Registered Pluggable Module: [db_connectors] 'Database Connectors' (Order: 20)
[2026-08-12 10:28:31] [WARNING] [ARGUS_AI:plugin_manager.py:30] - Module 'ocr_engine' is being re-registered.
[2026-08-12 10:28:31] [INFO] [ARGUS_AI:plugin_manager.py:34] - Registered Pluggable Module: [ocr_engine] 'OCR & Document Extractor' (Order: 30)
[2026-08-12 10:28:31] [WARNING] [ARGUS_AI:plugin_manager.py:30] - Module 'data_cleaning' is being re-registered.
[2026-08-12 10:28:31] [INFO] [ARGUS_AI:plugin_manager.py:34] - Registered Pluggable Module: [data_cleaning] 'Data Cleaning Engine' (Order: 40)
[2026-08-12 10:28:31] [WARNING] [ARGUS_AI:plugin_manager.py:30] - Module 'data_profiling' is being re-registered.
[2026-08-12 10:28:31] [INFO] [ARGUS_AI:plugin_manager.py:34] - Registered Pluggable Module: [data_profiling] 'Data Profiling Engine' (Order: 50)
[2026-08-12 10:28:31] [WARNING] [ARGUS_AI:plugin_manager.py:30] - Module 'analytics_engine' is being re-registered.
[2026-08-12 10:28:31] [INFO] [ARGUS_AI:plugin_manager.py:34] - Registered Pluggable Module: [analytics_engine] 'Analytics & Forecasting' (Order: 60)
[2026-08-12 10:28:31] [WARNING] [ARGUS_AI:plugin_manager.py:30] - Module 'visualization_engine' is being re-registered.
[2026-08-12 10:28:31] [INFO] [ARGUS_AI:plugin_manager.py:34] - Registered Pluggable Module: [visualization_engine] 'Visualization Engine' (Order: 70)
[2026-08-12 10:28:31] [WARNING] [ARGUS_AI:plugin_manager.py:30] - Module 'settings' is being re-registered.
[2026-08-12 10:28:31] [INFO] [ARGUS_AI:plugin_manager.py:34] - Registered Pluggable Module: [settings] 'Platform Settings' (Order: 999)
[2026-08-12 10:28:33] [WARNING] [ARGUS_AI:plugin_manager.py:30] - Module 'home' is being re-registered.
[2026-08-12 10:28:33] [INFO] [ARGUS_AI:plugin_manager.py:34] - Registered Pluggable Module: [home] 'Home Dashboard' (Order: 1)
[2026-08-12 10:28:33] [WARNING] [ARGUS_AI:plugin_manager.py:30] - Module 'file_loader' is being re-registered.
[2026-08-12 10:28:33] [INFO] [ARGUS_AI:plugin_manager.py:34] - Registered Pluggable Module: [file_loader] 'Universal File Loader' (Order: 10)
[2026-08-12 10:28:33] [WARNING] [ARGUS_AI:plugin_manager.py:30] - Module 'db_connectors' is being re-registered.
[2026-08-12 10:28:33] [INFO] [ARGUS_AI:plugin_manager.py:34] - Registered Pluggable Module: [db_connectors] 'Database Connectors' (Order: 20)
[2026-08-12 10:28:33] [WARNING] [ARGUS_AI:plugin_manager.py:30] - Module 'ocr_engine' is being re-registered.
[2026-08-12 10:28:33] [INFO] [ARGUS_AI:plugin_manager.py:34] - Registered Pluggable Module: [ocr_engine] 'OCR & Document Extractor' (Order: 30)
[2026-08-12 10:28:33] [WARNING] [ARGUS_AI:plugin_manager.py:30] - Module 'data_cleaning' is being re-registered.
[2026-08-12 10:28:33] [INFO] [ARGUS_AI:plugin_manager.py:34] - Registered Pluggable Module: [data_cleaning] 'Data Cleaning Engine' (Order: 40)
[2026-08-12 10:28:33] [WARNING] [ARGUS_AI:plugin_manager.py:30] - Module 'data_profiling' is being re-registered.
[2026-08-12 10:28:33] [INFO] [ARGUS_AI:plugin_manager.py:34] - Registered Pluggable Module: [data_profiling] 'Data Profiling Engine' (Order: 50)
[2026-08-12 10:28:33] [WARNING] [ARGUS_AI:plugin_manager.py:30] - Module 'analytics_engine' is being re-registered.
[2026-08-12 10:28:33] [INFO] [ARGUS_AI:plugin_manager.py:34] - Registered Pluggable Module: [analytics_engine] 'Analytics & Forecasting' (Order: 60)
[2026-08-12 10:28:33] [WARNING] [ARGUS_AI:plugin_manager.py:30] - Module 'visualization_engine' is being re-registered.
[2026-08-12 10:28:33] [INFO] [ARGUS_AI:plugin_manager.py:34] - Registered Pluggable Module: [visualization_engine] 'Visualization Engine' (Order: 70)
[2026-08-12 10:28:33] [WARNING] [ARGUS_AI:plugin_manager.py:30] - Module 'settings' is being re-registered.
[2026-08-12 10:28:33] [INFO] [ARGUS_AI:plugin_manager.py:34] - Registered Pluggable Module: [settings] 'Platform Settings' (Order: 999)
[2026-08-12 10:28:33] [INFO] [ARGUS_AI:file_service.py:46] - Ingesting file 'Inzone_-_July_2026__2_.xlsx' (830046 bytes, type 'xlsx')
[2026-08-12 10:30:38] [WARNING] [ARGUS_AI:plugin_manager.py:30] - Module 'home' is being re-registered.
[2026-08-12 10:30:38] [INFO] [ARGUS_AI:plugin_manager.py:34] - Registered Pluggable Module: [home] 'Home Dashboard' (Order: 1)
[2026-08-12 10:30:38] [WARNING] [ARGUS_AI:plugin_manager.py:30] - Module 'file_loader' is being re-registered.
[2026-08-12 10:30:38] [INFO] [ARGUS_AI:plugin_manager.py:34] - Registered Pluggable Module: [file_loader] 'Universal File Loader' (Order: 10)
[2026-08-12 10:30:38] [WARNING] [ARGUS_AI:plugin_manager.py:30] - Module 'db_connectors' is being re-registered.
[2026-08-12 10:30:38] [INFO] [ARGUS_AI:plugin_manager.py:34] - Registered Pluggable Module: [db_connectors] 'Database Connectors' (Order: 20)
[2026-08-12 10:30:38] [WARNING] [ARGUS_AI:plugin_manager.py:30] - Module 'ocr_engine' is being re-registered.
[2026-08-12 10:30:38] [INFO] [ARGUS_AI:plugin_manager.py:34] - Registered Pluggable Module: [ocr_engine] 'OCR & Document Extractor' (Order: 30)
[2026-08-12 10:30:38] [WARNING] [ARGUS_AI:plugin_manager.py:30] - Module 'data_cleaning' is being re-registered.
[2026-08-12 10:30:38] [INFO] [ARGUS_AI:plugin_manager.py:34] - Registered Pluggable Module: [data_cleaning] 'Data Cleaning Engine' (Order: 40)
[2026-08-12 10:30:38] [WARNING] [ARGUS_AI:plugin_manager.py:30] - Module 'data_profiling' is being re-registered.
[2026-08-12 10:30:38] [INFO] [ARGUS_AI:plugin_manager.py:34] - Registered Pluggable Module: [data_profiling] 'Data Profiling Engine' (Order: 50)
[2026-08-12 10:30:38] [WARNING] [ARGUS_AI:plugin_manager.py:30] - Module 'analytics_engine' is being re-registered.
[2026-08-12 10:30:38] [INFO] [ARGUS_AI:plugin_manager.py:34] - Registered Pluggable Module: [analytics_engine] 'Analytics & Forecasting' (Order: 60)
[2026-08-12 10:30:38] [WARNING] [ARGUS_AI:plugin_manager.py:30] - Module 'visualization_engine' is being re-registered.
[2026-08-12 10:30:38] [INFO] [ARGUS_AI:plugin_manager.py:34] - Registered Pluggable Module: [visualization_engine] 'Visualization Engine' (Order: 70)
[2026-08-12 10:30:38] [WARNING] [ARGUS_AI:plugin_manager.py:30] - Module 'settings' is being re-registered.
[2026-08-12 10:30:38] [INFO] [ARGUS_AI:plugin_manager.py:34] - Registered Pluggable Module: [settings] 'Platform Settings' (Order: 999)
[2026-08-12 10:30:43] [WARNING] [ARGUS_AI:plugin_manager.py:30] - Module 'home' is being re-registered.
[2026-08-12 10:30:43] [INFO] [ARGUS_AI:plugin_manager.py:34] - Registered Pluggable Module: [home] 'Home Dashboard' (Order: 1)
[2026-08-12 10:30:43] [WARNING] [ARGUS_AI:plugin_manager.py:30] - Module 'file_loader' is being re-registered.
[2026-08-12 10:30:43] [INFO] [ARGUS_AI:plugin_manager.py:34] - Registered Pluggable Module: [file_loader] 'Universal File Loader' (Order: 10)
[2026-08-12 10:30:43] [WARNING] [ARGUS_AI:plugin_manager.py:30] - Module 'db_connectors' is being re-registered.
[2026-08-12 10:30:43] [INFO] [ARGUS_AI:plugin_manager.py:34] - Registered Pluggable Module: [db_connectors] 'Database Connectors' (Order: 20)
[2026-08-12 10:30:43] [WARNING] [ARGUS_AI:plugin_manager.py:30] - Module 'ocr_engine' is being re-registered.
[2026-08-12 10:30:43] [INFO] [ARGUS_AI:plugin_manager.py:34] - Registered Pluggable Module: [ocr_engine] 'OCR & Document Extractor' (Order: 30)
[2026-08-12 10:30:43] [WARNING] [ARGUS_AI:plugin_manager.py:30] - Module 'data_cleaning' is being re-registered.
[2026-08-12 10:30:43] [INFO] [ARGUS_AI:plugin_manager.py:34] - Registered Pluggable Module: [data_cleaning] 'Data Cleaning Engine' (Order: 40)
[2026-08-12 10:30:43] [WARNING] [ARGUS_AI:plugin_manager.py:30] - Module 'data_profiling' is being re-registered.
[2026-08-12 10:30:43] [INFO] [ARGUS_AI:plugin_manager.py:34] - Registered Pluggable Module: [data_profiling] 'Data Profiling Engine' (Order: 50)
[2026-08-12 10:30:43] [WARNING] [ARGUS_AI:plugin_manager.py:30] - Module 'analytics_engine' is being re-registered.
[2026-08-12 10:30:43] [INFO] [ARGUS_AI:plugin_manager.py:34] - Registered Pluggable Module: [analytics_engine] 'Analytics & Forecasting' (Order: 60)
[2026-08-12 10:30:43] [WARNING] [ARGUS_AI:plugin_manager.py:30] - Module 'visualization_engine' is being re-registered.
[2026-08-12 10:30:43] [INFO] [ARGUS_AI:plugin_manager.py:34] - Registered Pluggable Module: [visualization_engine] 'Visualization Engine' (Order: 70)
[2026-08-12 10:30:43] [WARNING] [ARGUS_AI:plugin_manager.py:30] - Module 'settings' is being re-registered.
[2026-08-12 10:30:43] [INFO] [ARGUS_AI:plugin_manager.py:34] - Registered Pluggable Module: [settings] 'Platform Settings' (Order: 999)
[2026-08-12 10:30:47] [WARNING] [ARGUS_AI:plugin_manager.py:30] - Module 'home' is being re-registered.
[2026-08-12 10:30:47] [INFO] [ARGUS_AI:plugin_manager.py:34] - Registered Pluggable Module: [home] 'Home Dashboard' (Order: 1)
[2026-08-12 10:30:47] [WARNING] [ARGUS_AI:plugin_manager.py:30] - Module 'file_loader' is being re-registered.
[2026-08-12 10:30:47] [INFO] [ARGUS_AI:plugin_manager.py:34] - Registered Pluggable Module: [file_loader] 'Universal File Loader' (Order: 10)
[2026-08-12 10:30:47] [WARNING] [ARGUS_AI:plugin_manager.py:30] - Module 'db_connectors' is being re-registered.
[2026-08-12 10:30:47] [INFO] [ARGUS_AI:plugin_manager.py:34] - Registered Pluggable Module: [db_connectors] 'Database Connectors' (Order: 20)
[2026-08-12 10:30:47] [WARNING] [ARGUS_AI:plugin_manager.py:30] - Module 'ocr_engine' is being re-registered.
[2026-08-12 10:30:47] [INFO] [ARGUS_AI:plugin_manager.py:34] - Registered Pluggable Module: [ocr_engine] 'OCR & Document Extractor' (Order: 30)
[2026-08-12 10:30:47] [WARNING] [ARGUS_AI:plugin_manager.py:30] - Module 'data_cleaning' is being re-registered.
[2026-08-12 10:30:47] [INFO] [ARGUS_AI:plugin_manager.py:34] - Registered Pluggable Module: [data_cleaning] 'Data Cleaning Engine' (Order: 40)
[2026-08-12 10:30:47] [WARNING] [ARGUS_AI:plugin_manager.py:30] - Module 'data_profiling' is being re-registered.
[2026-08-12 10:30:47] [INFO] [ARGUS_AI:plugin_manager.py:34] - Registered Pluggable Module: [data_profiling] 'Data Profiling Engine' (Order: 50)
[2026-08-12 10:30:47] [WARNING] [ARGUS_AI:plugin_manager.py:30] - Module 'analytics_engine' is being re-registered.
[2026-08-12 10:30:47] [INFO] [ARGUS_AI:plugin_manager.py:34] - Registered Pluggable Module: [analytics_engine] 'Analytics & Forecasting' (Order: 60)
[2026-08-12 10:30:47] [WARNING] [ARGUS_AI:plugin_manager.py:30] - Module 'visualization_engine' is being re-registered.
[2026-08-12 10:30:47] [INFO] [ARGUS_AI:plugin_manager.py:34] - Registered Pluggable Module: [visualization_engine] 'Visualization Engine' (Order: 70)
[2026-08-12 10:30:47] [WARNING] [ARGUS_AI:plugin_manager.py:30] - Module 'settings' is being re-registered.
[2026-08-12 10:30:47] [INFO] [ARGUS_AI:plugin_manager.py:34] - Registered Pluggable Module: [settings] 'Platform Settings' (Order: 999)
[2026-08-12 10:30:50] [WARNING] [ARGUS_AI:plugin_manager.py:30] - Module 'home' is being re-registered.
[2026-08-12 10:30:50] [INFO] [ARGUS_AI:plugin_manager.py:34] - Registered Pluggable Module: [home] 'Home Dashboard' (Order: 1)
[2026-08-12 10:30:50] [WARNING] [ARGUS_AI:plugin_manager.py:30] - Module 'file_loader' is being re-registered.
[2026-08-12 10:30:50] [INFO] [ARGUS_AI:plugin_manager.py:34] - Registered Pluggable Module: [file_loader] 'Universal File Loader' (Order: 10)
[2026-08-12 10:30:50] [WARNING] [ARGUS_AI:plugin_manager.py:30] - Module 'db_connectors' is being re-registered.
[2026-08-12 10:30:50] [INFO] [ARGUS_AI:plugin_manager.py:34] - Registered Pluggable Module: [db_connectors] 'Database Connectors' (Order: 20)
[2026-08-12 10:30:50] [WARNING] [ARGUS_AI:plugin_manager.py:30] - Module 'ocr_engine' is being re-registered.
[2026-08-12 10:30:50] [INFO] [ARGUS_AI:plugin_manager.py:34] - Registered Pluggable Module: [ocr_engine] 'OCR & Document Extractor' (Order: 30)
[2026-08-12 10:30:50] [WARNING] [ARGUS_AI:plugin_manager.py:30] - Module 'data_cleaning' is being re-registered.
[2026-08-12 10:30:50] [INFO] [ARGUS_AI:plugin_manager.py:34] - Registered Pluggable Module: [data_cleaning] 'Data Cleaning Engine' (Order: 40)
[2026-08-12 10:30:50] [WARNING] [ARGUS_AI:plugin_manager.py:30] - Module 'data_profiling' is being re-registered.
[2026-08-12 10:30:50] [INFO] [ARGUS_AI:plugin_manager.py:34] - Registered Pluggable Module: [data_profiling] 'Data Profiling Engine' (Order: 50)
[2026-08-12 10:30:50] [WARNING] [ARGUS_AI:plugin_manager.py:30] - Module 'analytics_engine' is being re-registered.
[2026-08-12 10:30:50] [INFO] [ARGUS_AI:plugin_manager.py:34] - Registered Pluggable Module: [analytics_engine] 'Analytics & Forecasting' (Order: 60)
[2026-08-12 10:30:50] [WARNING] [ARGUS_AI:plugin_manager.py:30] - Module 'visualization_engine' is being re-registered.
[2026-08-12 10:30:50] [INFO] [ARGUS_AI:plugin_manager.py:34] - Registered Pluggable Module: [visualization_engine] 'Visualization Engine' (Order: 70)
[2026-08-12 10:30:50] [WARNING] [ARGUS_AI:plugin_manager.py:30] - Module 'settings' is being re-registered.
[2026-08-12 10:30:50] [INFO] [ARGUS_AI:plugin_manager.py:34] - Registered Pluggable Module: [settings] 'Platform Settings' (Order: 999)
[2026-08-12 10:31:04] [WARNING] [ARGUS_AI:plugin_manager.py:30] - Module 'home' is being re-registered.
[2026-08-12 10:31:04] [INFO] [ARGUS_AI:plugin_manager.py:34] - Registered Pluggable Module: [home] 'Home Dashboard' (Order: 1)
[2026-08-12 10:31:04] [WARNING] [ARGUS_AI:plugin_manager.py:30] - Module 'file_loader' is being re-registered.
[2026-08-12 10:31:04] [INFO] [ARGUS_AI:plugin_manager.py:34] - Registered Pluggable Module: [file_loader] 'Universal File Loader' (Order: 10)
[2026-08-12 10:31:04] [WARNING] [ARGUS_AI:plugin_manager.py:30] - Module 'db_connectors' is being re-registered.
[2026-08-12 10:31:04] [INFO] [ARGUS_AI:plugin_manager.py:34] - Registered Pluggable Module: [db_connectors] 'Database Connectors' (Order: 20)
[2026-08-12 10:31:04] [WARNING] [ARGUS_AI:plugin_manager.py:30] - Module 'ocr_engine' is being re-registered.
[2026-08-12 10:31:04] [INFO] [ARGUS_AI:plugin_manager.py:34] - Registered Pluggable Module: [ocr_engine] 'OCR & Document Extractor' (Order: 30)
[2026-08-12 10:31:04] [WARNING] [ARGUS_AI:plugin_manager.py:30] - Module 'data_cleaning' is being re-registered.
[2026-08-12 10:31:04] [INFO] [ARGUS_AI:plugin_manager.py:34] - Registered Pluggable Module: [data_cleaning] 'Data Cleaning Engine' (Order: 40)
[2026-08-12 10:31:04] [WARNING] [ARGUS_AI:plugin_manager.py:30] - Module 'data_profiling' is being re-registered.
[2026-08-12 10:31:04] [INFO] [ARGUS_AI:plugin_manager.py:34] - Registered Pluggable Module: [data_profiling] 'Data Profiling Engine' (Order: 50)
[2026-08-12 10:31:04] [WARNING] [ARGUS_AI:plugin_manager.py:30] - Module 'analytics_engine' is being re-registered.
[2026-08-12 10:31:04] [INFO] [ARGUS_AI:plugin_manager.py:34] - Registered Pluggable Module: [analytics_engine] 'Analytics & Forecasting' (Order: 60)
[2026-08-12 10:31:04] [WARNING] [ARGUS_AI:plugin_manager.py:30] - Module 'visualization_engine' is being re-registered.
[2026-08-12 10:31:04] [INFO] [ARGUS_AI:plugin_manager.py:34] - Registered Pluggable Module: [visualization_engine] 'Visualization Engine' (Order: 70)
[2026-08-12 10:31:04] [WARNING] [ARGUS_AI:plugin_manager.py:30] - Module 'settings' is being re-registered.
[2026-08-12 10:31:04] [INFO] [ARGUS_AI:plugin_manager.py:34] - Registered Pluggable Module: [settings] 'Platform Settings' (Order: 999)
[2026-08-12 10:36:04] [WARNING] [ARGUS_AI:plugin_manager.py:30] - Module 'home' is being re-registered.
[2026-08-12 10:36:04] [INFO] [ARGUS_AI:plugin_manager.py:34] - Registered Pluggable Module: [home] 'Home Dashboard' (Order: 1)
[2026-08-12 10:36:04] [WARNING] [ARGUS_AI:plugin_manager.py:30] - Module 'file_loader' is being re-registered.
[2026-08-12 10:36:04] [INFO] [ARGUS_AI:plugin_manager.py:34] - Registered Pluggable Module: [file_loader] 'Universal File Loader' (Order: 10)
[2026-08-12 10:36:04] [WARNING] [ARGUS_AI:plugin_manager.py:30] - Module 'db_connectors' is being re-registered.
[2026-08-12 10:36:04] [INFO] [ARGUS_AI:plugin_manager.py:34] - Registered Pluggable Module: [db_connectors] 'Database Connectors' (Order: 20)
[2026-08-12 10:36:04] [WARNING] [ARGUS_AI:plugin_manager.py:30] - Module 'ocr_engine' is being re-registered.
[2026-08-12 10:36:04] [INFO] [ARGUS_AI:plugin_manager.py:34] - Registered Pluggable Module: [ocr_engine] 'OCR & Document Extractor' (Order: 30)
[2026-08-12 10:36:04] [WARNING] [ARGUS_AI:plugin_manager.py:30] - Module 'data_cleaning' is being re-registered.
[2026-08-12 10:36:04] [INFO] [ARGUS_AI:plugin_manager.py:34] - Registered Pluggable Module: [data_cleaning] 'Data Cleaning Engine' (Order: 40)
[2026-08-12 10:36:04] [WARNING] [ARGUS_AI:plugin_manager.py:30] - Module 'data_profiling' is being re-registered.
[2026-08-12 10:36:04] [INFO] [ARGUS_AI:plugin_manager.py:34] - Registered Pluggable Module: [data_profiling] 'Data Profiling Engine' (Order: 50)
[2026-08-12 10:36:04] [WARNING] [ARGUS_AI:plugin_manager.py:30] - Module 'analytics_engine' is being re-registered.
[2026-08-12 10:36:04] [INFO] [ARGUS_AI:plugin_manager.py:34] - Registered Pluggable Module: [analytics_engine] 'Analytics & Forecasting' (Order: 60)
[2026-08-12 10:36:04] [WARNING] [ARGUS_AI:plugin_manager.py:30] - Module 'visualization_engine' is being re-registered.
[2026-08-12 10:36:04] [INFO] [ARGUS_AI:plugin_manager.py:34] - Registered Pluggable Module: [visualization_engine] 'Visualization Engine' (Order: 70)
[2026-08-12 10:36:04] [WARNING] [ARGUS_AI:plugin_manager.py:30] - Module 'settings' is being re-registered.
[2026-08-12 10:36:04] [INFO] [ARGUS_AI:plugin_manager.py:34] - Registered Pluggable Module: [settings] 'Platform Settings' (Order: 999)
[2026-08-12 10:36:22] [WARNING] [ARGUS_AI:plugin_manager.py:30] - Module 'home' is being re-registered.
[2026-08-12 10:36:22] [INFO] [ARGUS_AI:plugin_manager.py:34] - Registered Pluggable Module: [home] 'Home Dashboard' (Order: 1)
[2026-08-12 10:36:22] [WARNING] [ARGUS_AI:plugin_manager.py:30] - Module 'file_loader' is being re-registered.
[2026-08-12 10:36:22] [INFO] [ARGUS_AI:plugin_manager.py:34] - Registered Pluggable Module: [file_loader] 'Universal File Loader' (Order: 10)
[2026-08-12 10:36:22] [WARNING] [ARGUS_AI:plugin_manager.py:30] - Module 'db_connectors' is being re-registered.
[2026-08-12 10:36:22] [INFO] [ARGUS_AI:plugin_manager.py:34] - Registered Pluggable Module: [db_connectors] 'Database Connectors' (Order: 20)
[2026-08-12 10:36:22] [WARNING] [ARGUS_AI:plugin_manager.py:30] - Module 'ocr_engine' is being re-registered.
[2026-08-12 10:36:22] [INFO] [ARGUS_AI:plugin_manager.py:34] - Registered Pluggable Module: [ocr_engine] 'OCR & Document Extractor' (Order: 30)
[2026-08-12 10:36:22] [WARNING] [ARGUS_AI:plugin_manager.py:30] - Module 'data_cleaning' is being re-registered.
[2026-08-12 10:36:22] [INFO] [ARGUS_AI:plugin_manager.py:34] - Registered Pluggable Module: [data_cleaning] 'Data Cleaning Engine' (Order: 40)
[2026-08-12 10:36:22] [WARNING] [ARGUS_AI:plugin_manager.py:30] - Module 'data_profiling' is being re-registered.
[2026-08-12 10:36:22] [INFO] [ARGUS_AI:plugin_manager.py:34] - Registered Pluggable Module: [data_profiling] 'Data Profiling Engine' (Order: 50)
[2026-08-12 10:36:22] [WARNING] [ARGUS_AI:plugin_manager.py:30] - Module 'analytics_engine' is being re-registered.
[2026-08-12 10:36:22] [INFO] [ARGUS_AI:plugin_manager.py:34] - Registered Pluggable Module: [analytics_engine] 'Analytics & Forecasting' (Order: 60)
[2026-08-12 10:36:22] [WARNING] [ARGUS_AI:plugin_manager.py:30] - Module 'visualization_engine' is being re-registered.
[2026-08-12 10:36:22] [INFO] [ARGUS_AI:plugin_manager.py:34] - Registered Pluggable Module: [visualization_engine] 'Visualization Engine' (Order: 70)
[2026-08-12 10:36:22] [WARNING] [ARGUS_AI:plugin_manager.py:30] - Module 'settings' is being re-registered.
[2026-08-12 10:36:22] [INFO] [ARGUS_AI:plugin_manager.py:34] - Registered Pluggable Module: [settings] 'Platform Settings' (Order: 999)
[2026-08-12 10:36:25] [WARNING] [ARGUS_AI:plugin_manager.py:30] - Module 'home' is being re-registered.
[2026-08-12 10:36:25] [INFO] [ARGUS_AI:plugin_manager.py:34] - Registered Pluggable Module: [home] 'Home Dashboard' (Order: 1)
[2026-08-12 10:36:25] [WARNING] [ARGUS_AI:plugin_manager.py:30] - Module 'file_loader' is being re-registered.
[2026-08-12 10:36:25] [INFO] [ARGUS_AI:plugin_manager.py:34] - Registered Pluggable Module: [file_loader] 'Universal File Loader' (Order: 10)
[2026-08-12 10:36:25] [WARNING] [ARGUS_AI:plugin_manager.py:30] - Module 'db_connectors' is being re-registered.
[2026-08-12 10:36:25] [INFO] [ARGUS_AI:plugin_manager.py:34] - Registered Pluggable Module: [db_connectors] 'Database Connectors' (Order: 20)
[2026-08-12 10:36:25] [WARNING] [ARGUS_AI:plugin_manager.py:30] - Module 'ocr_engine' is being re-registered.
[2026-08-12 10:36:25] [INFO] [ARGUS_AI:plugin_manager.py:34] - Registered Pluggable Module: [ocr_engine] 'OCR & Document Extractor' (Order: 30)
[2026-08-12 10:36:25] [WARNING] [ARGUS_AI:plugin_manager.py:30] - Module 'data_cleaning' is being re-registered.
[2026-08-12 10:36:25] [INFO] [ARGUS_AI:plugin_manager.py:34] - Registered Pluggable Module: [data_cleaning] 'Data Cleaning Engine' (Order: 40)
[2026-08-12 10:36:25] [WARNING] [ARGUS_AI:plugin_manager.py:30] - Module 'data_profiling' is being re-registered.
[2026-08-12 10:36:25] [INFO] [ARGUS_AI:plugin_manager.py:34] - Registered Pluggable Module: [data_profiling] 'Data Profiling Engine' (Order: 50)
[2026-08-12 10:36:25] [WARNING] [ARGUS_AI:plugin_manager.py:30] - Module 'analytics_engine' is being re-registered.
[2026-08-12 10:36:25] [INFO] [ARGUS_AI:plugin_manager.py:34] - Registered Pluggable Module: [analytics_engine] 'Analytics & Forecasting' (Order: 60)
[2026-08-12 10:36:25] [WARNING] [ARGUS_AI:plugin_manager.py:30] - Module 'visualization_engine' is being re-registered.
[2026-08-12 10:36:25] [INFO] [ARGUS_AI:plugin_manager.py:34] - Registered Pluggable Module: [visualization_engine] 'Visualization Engine' (Order: 70)
[2026-08-12 10:36:25] [WARNING] [ARGUS_AI:plugin_manager.py:30] - Module 'settings' is being re-registered.
[2026-08-12 10:36:25] [INFO] [ARGUS_AI:plugin_manager.py:34] - Registered Pluggable Module: [settings] 'Platform Settings' (Order: 999)
[2026-08-12 10:39:53] [WARNING] [ARGUS_AI:plugin_manager.py:30] - Module 'home' is being re-registered.
[2026-08-12 10:39:53] [INFO] [ARGUS_AI:plugin_manager.py:34] - Registered Pluggable Module: [home] 'Home Dashboard' (Order: 1)
[2026-08-12 10:39:53] [WARNING] [ARGUS_AI:plugin_manager.py:30] - Module 'file_loader' is being re-registered.
[2026-08-12 10:39:53] [INFO] [ARGUS_AI:plugin_manager.py:34] - Registered Pluggable Module: [file_loader] 'Universal File Loader' (Order: 10)
[2026-08-12 10:39:53] [WARNING] [ARGUS_AI:plugin_manager.py:30] - Module 'db_connectors' is being re-registered.
[2026-08-12 10:39:53] [INFO] [ARGUS_AI:plugin_manager.py:34] - Registered Pluggable Module: [db_connectors] 'Database Connectors' (Order: 20)
[2026-08-12 10:39:53] [WARNING] [ARGUS_AI:plugin_manager.py:30] - Module 'ocr_engine' is being re-registered.
[2026-08-12 10:39:53] [INFO] [ARGUS_AI:plugin_manager.py:34] - Registered Pluggable Module: [ocr_engine] 'OCR & Document Extractor' (Order: 30)
[2026-08-12 10:39:53] [WARNING] [ARGUS_AI:plugin_manager.py:30] - Module 'data_cleaning' is being re-registered.
[2026-08-12 10:39:53] [INFO] [ARGUS_AI:plugin_manager.py:34] - Registered Pluggable Module: [data_cleaning] 'Data Cleaning Engine' (Order: 40)
[2026-08-12 10:39:53] [WARNING] [ARGUS_AI:plugin_manager.py:30] - Module 'data_profiling' is being re-registered.
[2026-08-12 10:39:53] [INFO] [ARGUS_AI:plugin_manager.py:34] - Registered Pluggable Module: [data_profiling] 'Data Profiling Engine' (Order: 50)
[2026-08-12 10:39:53] [WARNING] [ARGUS_AI:plugin_manager.py:30] - Module 'analytics_engine' is being re-registered.
[2026-08-12 10:39:53] [INFO] [ARGUS_AI:plugin_manager.py:34] - Registered Pluggable Module: [analytics_engine] 'Analytics & Forecasting' (Order: 60)
[2026-08-12 10:39:53] [WARNING] [ARGUS_AI:plugin_manager.py:30] - Module 'visualization_engine' is being re-registered.
[2026-08-12 10:39:53] [INFO] [ARGUS_AI:plugin_manager.py:34] - Registered Pluggable Module: [visualization_engine] 'Visualization Engine' (Order: 70)
[2026-08-12 10:39:53] [WARNING] [ARGUS_AI:plugin_manager.py:30] - Module 'settings' is being re-registered.
[2026-08-12 10:39:53] [INFO] [ARGUS_AI:plugin_manager.py:34] - Registered Pluggable Module: [settings] 'Platform Settings' (Order: 999)
[2026-08-12 10:39:56] [WARNING] [ARGUS_AI:plugin_manager.py:30] - Module 'home' is being re-registered.
[2026-08-12 10:39:56] [INFO] [ARGUS_AI:plugin_manager.py:34] - Registered Pluggable Module: [home] 'Home Dashboard' (Order: 1)
[2026-08-12 10:39:56] [WARNING] [ARGUS_AI:plugin_manager.py:30] - Module 'file_loader' is being re-registered.
[2026-08-12 10:39:56] [INFO] [ARGUS_AI:plugin_manager.py:34] - Registered Pluggable Module: [file_loader] 'Universal File Loader' (Order: 10)
[2026-08-12 10:39:56] [WARNING] [ARGUS_AI:plugin_manager.py:30] - Module 'db_connectors' is being re-registered.
[2026-08-12 10:39:56] [INFO] [ARGUS_AI:plugin_manager.py:34] - Registered Pluggable Module: [db_connectors] 'Database Connectors' (Order: 20)
[2026-08-12 10:39:56] [WARNING] [ARGUS_AI:plugin_manager.py:30] - Module 'ocr_engine' is being re-registered.
[2026-08-12 10:39:56] [INFO] [ARGUS_AI:plugin_manager.py:34] - Registered Pluggable Module: [ocr_engine] 'OCR & Document Extractor' (Order: 30)
[2026-08-12 10:39:56] [WARNING] [ARGUS_AI:plugin_manager.py:30] - Module 'data_cleaning' is being re-registered.
[2026-08-12 10:39:56] [INFO] [ARGUS_AI:plugin_manager.py:34] - Registered Pluggable Module: [data_cleaning] 'Data Cleaning Engine' (Order: 40)
[2026-08-12 10:39:56] [WARNING] [ARGUS_AI:plugin_manager.py:30] - Module 'data_profiling' is being re-registered.
[2026-08-12 10:39:56] [INFO] [ARGUS_AI:plugin_manager.py:34] - Registered Pluggable Module: [data_profiling] 'Data Profiling Engine' (Order: 50)
[2026-08-12 10:39:56] [WARNING] [ARGUS_AI:plugin_manager.py:30] - Module 'analytics_engine' is being re-registered.
[2026-08-12 10:39:56] [INFO] [ARGUS_AI:plugin_manager.py:34] - Registered Pluggable Module: [analytics_engine] 'Analytics & Forecasting' (Order: 60)
[2026-08-12 10:39:56] [WARNING] [ARGUS_AI:plugin_manager.py:30] - Module 'visualization_engine' is being re-registered.
[2026-08-12 10:39:56] [INFO] [ARGUS_AI:plugin_manager.py:34] - Registered Pluggable Module: [visualization_engine] 'Visualization Engine' (Order: 70)
[2026-08-12 10:39:56] [WARNING] [ARGUS_AI:plugin_manager.py:30] - Module 'settings' is being re-registered.
[2026-08-12 10:39:56] [INFO] [ARGUS_AI:plugin_manager.py:34] - Registered Pluggable Module: [settings] 'Platform Settings' (Order: 999)
[2026-08-12 10:40:00] [WARNING] [ARGUS_AI:plugin_manager.py:30] - Module 'home' is being re-registered.
[2026-08-12 10:40:00] [INFO] [ARGUS_AI:plugin_manager.py:34] - Registered Pluggable Module: [home] 'Home Dashboard' (Order: 1)
[2026-08-12 10:40:00] [WARNING] [ARGUS_AI:plugin_manager.py:30] - Module 'file_loader' is being re-registered.
[2026-08-12 10:40:00] [INFO] [ARGUS_AI:plugin_manager.py:34] - Registered Pluggable Module: [file_loader] 'Universal File Loader' (Order: 10)
[2026-08-12 10:40:00] [WARNING] [ARGUS_AI:plugin_manager.py:30] - Module 'db_connectors' is being re-registered.
[2026-08-12 10:40:00] [INFO] [ARGUS_AI:plugin_manager.py:34] - Registered Pluggable Module: [db_connectors] 'Database Connectors' (Order: 20)
[2026-08-12 10:40:00] [WARNING] [ARGUS_AI:plugin_manager.py:30] - Module 'ocr_engine' is being re-registered.
[2026-08-12 10:40:00] [INFO] [ARGUS_AI:plugin_manager.py:34] - Registered Pluggable Module: [ocr_engine] 'OCR & Document Extractor' (Order: 30)
[2026-08-12 10:40:00] [WARNING] [ARGUS_AI:plugin_manager.py:30] - Module 'data_cleaning' is being re-registered.
[2026-08-12 10:40:00] [INFO] [ARGUS_AI:plugin_manager.py:34] - Registered Pluggable Module: [data_cleaning] 'Data Cleaning Engine' (Order: 40)
[2026-08-12 10:40:00] [WARNING] [ARGUS_AI:plugin_manager.py:30] - Module 'data_profiling' is being re-registered.
[2026-08-12 10:40:00] [INFO] [ARGUS_AI:plugin_manager.py:34] - Registered Pluggable Module: [data_profiling] 'Data Profiling Engine' (Order: 50)
[2026-08-12 10:40:00] [WARNING] [ARGUS_AI:plugin_manager.py:30] - Module 'analytics_engine' is being re-registered.
[2026-08-12 10:40:00] [INFO] [ARGUS_AI:plugin_manager.py:34] - Registered Pluggable Module: [analytics_engine] 'Analytics & Forecasting' (Order: 60)
[2026-08-12 10:40:00] [WARNING] [ARGUS_AI:plugin_manager.py:30] - Module 'visualization_engine' is being re-registered.
[2026-08-12 10:40:00] [INFO] [ARGUS_AI:plugin_manager.py:34] - Registered Pluggable Module: [visualization_engine] 'Visualization Engine' (Order: 70)
[2026-08-12 10:40:00] [WARNING] [ARGUS_AI:plugin_manager.py:30] - Module 'settings' is being re-registered.
[2026-08-12 10:40:00] [INFO] [ARGUS_AI:plugin_manager.py:34] - Registered Pluggable Module: [settings] 'Platform Settings' (Order: 999)
[2026-08-12 10:40:09] [WARNING] [ARGUS_AI:plugin_manager.py:30] - Module 'home' is being re-registered.
[2026-08-12 10:40:09] [INFO] [ARGUS_AI:plugin_manager.py:34] - Registered Pluggable Module: [home] 'Home Dashboard' (Order: 1)
[2026-08-12 10:40:09] [WARNING] [ARGUS_AI:plugin_manager.py:30] - Module 'file_loader' is being re-registered.
[2026-08-12 10:40:09] [INFO] [ARGUS_AI:plugin_manager.py:34] - Registered Pluggable Module: [file_loader] 'Universal File Loader' (Order: 10)
[2026-08-12 10:40:09] [WARNING] [ARGUS_AI:plugin_manager.py:30] - Module 'db_connectors' is being re-registered.
[2026-08-12 10:40:09] [INFO] [ARGUS_AI:plugin_manager.py:34] - Registered Pluggable Module: [db_connectors] 'Database Connectors' (Order: 20)
[2026-08-12 10:40:09] [WARNING] [ARGUS_AI:plugin_manager.py:30] - Module 'ocr_engine' is being re-registered.
[2026-08-12 10:40:09] [INFO] [ARGUS_AI:plugin_manager.py:34] - Registered Pluggable Module: [ocr_engine] 'OCR & Document Extractor' (Order: 30)
[2026-08-12 10:40:09] [WARNING] [ARGUS_AI:plugin_manager.py:30] - Module 'data_cleaning' is being re-registered.
[2026-08-12 10:40:09] [INFO] [ARGUS_AI:plugin_manager.py:34] - Registered Pluggable Module: [data_cleaning] 'Data Cleaning Engine' (Order: 40)
[2026-08-12 10:40:09] [WARNING] [ARGUS_AI:plugin_manager.py:30] - Module 'data_profiling' is being re-registered.
[2026-08-12 10:40:09] [INFO] [ARGUS_AI:plugin_manager.py:34] - Registered Pluggable Module: [data_profiling] 'Data Profiling Engine' (Order: 50)
[2026-08-12 10:40:09] [WARNING] [ARGUS_AI:plugin_manager.py:30] - Module 'analytics_engine' is being re-registered.
[2026-08-12 10:40:09] [INFO] [ARGUS_AI:plugin_manager.py:34] - Registered Pluggable Module: [analytics_engine] 'Analytics & Forecasting' (Order: 60)
[2026-08-12 10:40:09] [WARNING] [ARGUS_AI:plugin_manager.py:30] - Module 'visualization_engine' is being re-registered.
[2026-08-12 10:40:09] [INFO] [ARGUS_AI:plugin_manager.py:34] - Registered Pluggable Module: [visualization_engine] 'Visualization Engine' (Order: 70)
[2026-08-12 10:40:09] [WARNING] [ARGUS_AI:plugin_manager.py:30] - Module 'settings' is being re-registered.
[2026-08-12 10:40:09] [INFO] [ARGUS_AI:plugin_manager.py:34] - Registered Pluggable Module: [settings] 'Platform Settings' (Order: 999)
[2026-08-12 10:43:46] [WARNING] [ARGUS_AI:plugin_manager.py:30] - Module 'home' is being re-registered.
[2026-08-12 10:43:46] [INFO] [ARGUS_AI:plugin_manager.py:34] - Registered Pluggable Module: [home] 'Home Dashboard' (Order: 1)
[2026-08-12 10:43:46] [WARNING] [ARGUS_AI:plugin_manager.py:30] - Module 'file_loader' is being re-registered.
[2026-08-12 10:43:46] [INFO] [ARGUS_AI:plugin_manager.py:34] - Registered Pluggable Module: [file_loader] 'Universal File Loader' (Order: 10)
[2026-08-12 10:43:46] [WARNING] [ARGUS_AI:plugin_manager.py:30] - Module 'db_connectors' is being re-registered.
[2026-08-12 10:43:46] [INFO] [ARGUS_AI:plugin_manager.py:34] - Registered Pluggable Module: [db_connectors] 'Database Connectors' (Order: 20)
[2026-08-12 10:43:46] [WARNING] [ARGUS_AI:plugin_manager.py:30] - Module 'ocr_engine' is being re-registered.
[2026-08-12 10:43:46] [INFO] [ARGUS_AI:plugin_manager.py:34] - Registered Pluggable Module: [ocr_engine] 'OCR & Document Extractor' (Order: 30)
[2026-08-12 10:43:46] [WARNING] [ARGUS_AI:plugin_manager.py:30] - Module 'data_cleaning' is being re-registered.
[2026-08-12 10:43:46] [INFO] [ARGUS_AI:plugin_manager.py:34] - Registered Pluggable Module: [data_cleaning] 'Data Cleaning Engine' (Order: 40)
[2026-08-12 10:43:46] [WARNING] [ARGUS_AI:plugin_manager.py:30] - Module 'data_profiling' is being re-registered.
[2026-08-12 10:43:46] [INFO] [ARGUS_AI:plugin_manager.py:34] - Registered Pluggable Module: [data_profiling] 'Data Profiling Engine' (Order: 50)
[2026-08-12 10:43:46] [WARNING] [ARGUS_AI:plugin_manager.py:30] - Module 'analytics_engine' is being re-registered.
[2026-08-12 10:43:46] [INFO] [ARGUS_AI:plugin_manager.py:34] - Registered Pluggable Module: [analytics_engine] 'Analytics & Forecasting' (Order: 60)
[2026-08-12 10:43:46] [WARNING] [ARGUS_AI:plugin_manager.py:30] - Module 'visualization_engine' is being re-registered.
[2026-08-12 10:43:46] [INFO] [ARGUS_AI:plugin_manager.py:34] - Registered Pluggable Module: [visualization_engine] 'Visualization Engine' (Order: 70)
[2026-08-12 10:43:46] [WARNING] [ARGUS_AI:plugin_manager.py:30] - Module 'settings' is being re-registered.
[2026-08-12 10:43:46] [INFO] [ARGUS_AI:plugin_manager.py:34] - Registered Pluggable Module: [settings] 'Platform Settings' (Order: 999)
[2026-08-12 10:43:48] [WARNING] [ARGUS_AI:plugin_manager.py:30] - Module 'home' is being re-registered.
[2026-08-12 10:43:48] [INFO] [ARGUS_AI:plugin_manager.py:34] - Registered Pluggable Module: [home] 'Home Dashboard' (Order: 1)
[2026-08-12 10:43:48] [WARNING] [ARGUS_AI:plugin_manager.py:30] - Module 'file_loader' is being re-registered.
[2026-08-12 10:43:48] [INFO] [ARGUS_AI:plugin_manager.py:34] - Registered Pluggable Module: [file_loader] 'Universal File Loader' (Order: 10)
[2026-08-12 10:43:48] [WARNING] [ARGUS_AI:plugin_manager.py:30] - Module 'db_connectors' is being re-registered.
[2026-08-12 10:43:48] [INFO] [ARGUS_AI:plugin_manager.py:34] - Registered Pluggable Module: [db_connectors] 'Database Connectors' (Order: 20)
[2026-08-12 10:43:48] [WARNING] [ARGUS_AI:plugin_manager.py:30] - Module 'ocr_engine' is being re-registered.
[2026-08-12 10:43:48] [INFO] [ARGUS_AI:plugin_manager.py:34] - Registered Pluggable Module: [ocr_engine] 'OCR & Document Extractor' (Order: 30)
[2026-08-12 10:43:48] [WARNING] [ARGUS_AI:plugin_manager.py:30] - Module 'data_cleaning' is being re-registered.
[2026-08-12 10:43:48] [INFO] [ARGUS_AI:plugin_manager.py:34] - Registered Pluggable Module: [data_cleaning] 'Data Cleaning Engine' (Order: 40)
[2026-08-12 10:43:48] [WARNING] [ARGUS_AI:plugin_manager.py:30] - Module 'data_profiling' is being re-registered.
[2026-08-12 10:43:48] [INFO] [ARGUS_AI:plugin_manager.py:34] - Registered Pluggable Module: [data_profiling] 'Data Profiling Engine' (Order: 50)
[2026-08-12 10:43:48] [WARNING] [ARGUS_AI:plugin_manager.py:30] - Module 'analytics_engine' is being re-registered.
[2026-08-12 10:43:48] [INFO] [ARGUS_AI:plugin_manager.py:34] - Registered Pluggable Module: [analytics_engine] 'Analytics & Forecasting' (Order: 60)
[2026-08-12 10:43:48] [WARNING] [ARGUS_AI:plugin_manager.py:30] - Module 'visualization_engine' is being re-registered.
[2026-08-12 10:43:48] [INFO] [ARGUS_AI:plugin_manager.py:34] - Registered Pluggable Module: [visualization_engine] 'Visualization Engine' (Order: 70)
[2026-08-12 10:43:48] [WARNING] [ARGUS_AI:plugin_manager.py:30] - Module 'settings' is being re-registered.
[2026-08-12 10:43:48] [INFO] [ARGUS_AI:plugin_manager.py:34] - Registered Pluggable Module: [settings] 'Platform Settings' (Order: 999)
[2026-08-12 10:46:14] [WARNING] [ARGUS_AI:plugin_manager.py:30] - Module 'home' is being re-registered.
[2026-08-12 10:46:14] [INFO] [ARGUS_AI:plugin_manager.py:34] - Registered Pluggable Module: [home] 'Home Dashboard' (Order: 1)
[2026-08-12 10:46:14] [WARNING] [ARGUS_AI:plugin_manager.py:30] - Module 'file_loader' is being re-registered.
[2026-08-12 10:46:14] [INFO] [ARGUS_AI:plugin_manager.py:34] - Registered Pluggable Module: [file_loader] 'Universal File Loader' (Order: 10)
[2026-08-12 10:46:14] [WARNING] [ARGUS_AI:plugin_manager.py:30] - Module 'db_connectors' is being re-registered.
[2026-08-12 10:46:14] [INFO] [ARGUS_AI:plugin_manager.py:34] - Registered Pluggable Module: [db_connectors] 'Database Connectors' (Order: 20)
[2026-08-12 10:46:14] [WARNING] [ARGUS_AI:plugin_manager.py:30] - Module 'ocr_engine' is being re-registered.
[2026-08-12 10:46:14] [INFO] [ARGUS_AI:plugin_manager.py:34] - Registered Pluggable Module: [ocr_engine] 'OCR & Document Extractor' (Order: 30)
[2026-08-12 10:46:14] [WARNING] [ARGUS_AI:plugin_manager.py:30] - Module 'data_cleaning' is being re-registered.
[2026-08-12 10:46:14] [INFO] [ARGUS_AI:plugin_manager.py:34] - Registered Pluggable Module: [data_cleaning] 'Data Cleaning Engine' (Order: 40)
[2026-08-12 10:46:14] [WARNING] [ARGUS_AI:plugin_manager.py:30] - Module 'data_profiling' is being re-registered.
[2026-08-12 10:46:14] [INFO] [ARGUS_AI:plugin_manager.py:34] - Registered Pluggable Module: [data_profiling] 'Data Profiling Engine' (Order: 50)
[2026-08-12 10:46:14] [WARNING] [ARGUS_AI:plugin_manager.py:30] - Module 'analytics_engine' is being re-registered.
[2026-08-12 10:46:14] [INFO] [ARGUS_AI:plugin_manager.py:34] - Registered Pluggable Module: [analytics_engine] 'Analytics & Forecasting' (Order: 60)
[2026-08-12 10:46:14] [WARNING] [ARGUS_AI:plugin_manager.py:30] - Module 'visualization_engine' is being re-registered.
[2026-08-12 10:46:14] [INFO] [ARGUS_AI:plugin_manager.py:34] - Registered Pluggable Module: [visualization_engine] 'Visualization Engine' (Order: 70)
[2026-08-12 10:46:14] [WARNING] [ARGUS_AI:plugin_manager.py:30] - Module 'settings' is being re-registered.
[2026-08-12 10:46:14] [INFO] [ARGUS_AI:plugin_manager.py:34] - Registered Pluggable Module: [settings] 'Platform Settings' (Order: 999)
[2026-08-12 10:52:23] [WARNING] [ARGUS_AI:plugin_manager.py:30] - Module 'home' is being re-registered.
[2026-08-12 10:52:23] [INFO] [ARGUS_AI:plugin_manager.py:34] - Registered Pluggable Module: [home] 'Home Dashboard' (Order: 1)
[2026-08-12 10:52:23] [WARNING] [ARGUS_AI:plugin_manager.py:30] - Module 'file_loader' is being re-registered.
[2026-08-12 10:52:23] [INFO] [ARGUS_AI:plugin_manager.py:34] - Registered Pluggable Module: [file_loader] 'Universal File Loader' (Order: 10)
[2026-08-12 10:52:23] [WARNING] [ARGUS_AI:plugin_manager.py:30] - Module 'db_connectors' is being re-registered.
[2026-08-12 10:52:23] [INFO] [ARGUS_AI:plugin_manager.py:34] - Registered Pluggable Module: [db_connectors] 'Database Connectors' (Order: 20)
[2026-08-12 10:52:23] [WARNING] [ARGUS_AI:plugin_manager.py:30] - Module 'ocr_engine' is being re-registered.
[2026-08-12 10:52:23] [INFO] [ARGUS_AI:plugin_manager.py:34] - Registered Pluggable Module: [ocr_engine] 'OCR & Document Extractor' (Order: 30)
[2026-08-12 10:52:23] [WARNING] [ARGUS_AI:plugin_manager.py:30] - Module 'data_cleaning' is being re-registered.
[2026-08-12 10:52:23] [INFO] [ARGUS_AI:plugin_manager.py:34] - Registered Pluggable Module: [data_cleaning] 'Data Cleaning Engine' (Order: 40)
[2026-08-12 10:52:23] [WARNING] [ARGUS_AI:plugin_manager.py:30] - Module 'data_profiling' is being re-registered.
[2026-08-12 10:52:23] [INFO] [ARGUS_AI:plugin_manager.py:34] - Registered Pluggable Module: [data_profiling] 'Data Profiling Engine' (Order: 50)
[2026-08-12 10:52:23] [WARNING] [ARGUS_AI:plugin_manager.py:30] - Module 'analytics_engine' is being re-registered.
[2026-08-12 10:52:23] [INFO] [ARGUS_AI:plugin_manager.py:34] - Registered Pluggable Module: [analytics_engine] 'Analytics & Forecasting' (Order: 60)
[2026-08-12 10:52:23] [WARNING] [ARGUS_AI:plugin_manager.py:30] - Module 'visualization_engine' is being re-registered.
[2026-08-12 10:52:23] [INFO] [ARGUS_AI:plugin_manager.py:34] - Registered Pluggable Module: [visualization_engine] 'Visualization Engine' (Order: 70)
[2026-08-12 10:52:23] [WARNING] [ARGUS_AI:plugin_manager.py:30] - Module 'settings' is being re-registered.
[2026-08-12 10:52:23] [INFO] [ARGUS_AI:plugin_manager.py:34] - Registered Pluggable Module: [settings] 'Platform Settings' (Order: 999)
[2026-08-12 10:52:49] [WARNING] [ARGUS_AI:plugin_manager.py:30] - Module 'home' is being re-registered.
[2026-08-12 10:52:49] [INFO] [ARGUS_AI:plugin_manager.py:34] - Registered Pluggable Module: [home] 'Home Dashboard' (Order: 1)
[2026-08-12 10:52:49] [WARNING] [ARGUS_AI:plugin_manager.py:30] - Module 'file_loader' is being re-registered.
[2026-08-12 10:52:49] [INFO] [ARGUS_AI:plugin_manager.py:34] - Registered Pluggable Module: [file_loader] 'Universal File Loader' (Order: 10)
[2026-08-12 10:52:49] [WARNING] [ARGUS_AI:plugin_manager.py:30] - Module 'db_connectors' is being re-registered.
[2026-08-12 10:52:49] [INFO] [ARGUS_AI:plugin_manager.py:34] - Registered Pluggable Module: [db_connectors] 'Database Connectors' (Order: 20)
[2026-08-12 10:52:49] [WARNING] [ARGUS_AI:plugin_manager.py:30] - Module 'ocr_engine' is being re-registered.
[2026-08-12 10:52:49] [INFO] [ARGUS_AI:plugin_manager.py:34] - Registered Pluggable Module: [ocr_engine] 'OCR & Document Extractor' (Order: 30)
[2026-08-12 10:52:49] [WARNING] [ARGUS_AI:plugin_manager.py:30] - Module 'data_cleaning' is being re-registered.
[2026-08-12 10:52:49] [INFO] [ARGUS_AI:plugin_manager.py:34] - Registered Pluggable Module: [data_cleaning] 'Data Cleaning Engine' (Order: 40)
[2026-08-12 10:52:49] [WARNING] [ARGUS_AI:plugin_manager.py:30] - Module 'data_profiling' is being re-registered.
[2026-08-12 10:52:49] [INFO] [ARGUS_AI:plugin_manager.py:34] - Registered Pluggable Module: [data_profiling] 'Data Profiling Engine' (Order: 50)
[2026-08-12 10:52:49] [WARNING] [ARGUS_AI:plugin_manager.py:30] - Module 'analytics_engine' is being re-registered.
[2026-08-12 10:52:49] [INFO] [ARGUS_AI:plugin_manager.py:34] - Registered Pluggable Module: [analytics_engine] 'Analytics & Forecasting' (Order: 60)
[2026-08-12 10:52:49] [WARNING] [ARGUS_AI:plugin_manager.py:30] - Module 'visualization_engine' is being re-registered.
[2026-08-12 10:52:49] [INFO] [ARGUS_AI:plugin_manager.py:34] - Registered Pluggable Module: [visualization_engine] 'Visualization Engine' (Order: 70)
[2026-08-12 10:52:49] [WARNING] [ARGUS_AI:plugin_manager.py:30] - Module 'settings' is being re-registered.
[2026-08-12 10:52:49] [INFO] [ARGUS_AI:plugin_manager.py:34] - Registered Pluggable Module: [settings] 'Platform Settings' (Order: 999)
